"혈액원별(1)","혈액원별(2)",성별(1),2015,2015,2015,2015,2015,2015,2015,2015,2015,2015,2015,2015,2015,2015,2015,2015,2015,2016,2016,2016,2016,2016,2016,2016,2016,2016,2016,2016,2016,2016,2016,2016,2016,2016,2017,2017,2017,2017,2017,2017,2017,2017,2017,2017,2017,2017,2017,2017,2017,2017,2017,2018,2018,2018,2018,2018,2018,2018,2018,2018,2018,2018,2018,2018,2018,2018,2018,2018,2019,2019,2019,2019,2019,2019,2019,2019,2019,2019,2019,2019,2019,2019,2019,2019,2019,2020,2020,2020,2020,2020,2020,2020,2020,2020,2020,2020,2020,2020,2020,2020,2020,2020,2021,2021,2021,2021,2021,2021,2021,2021,2021,2021,2021,2021,2021,2021,2021,2021,2021,2022,2022,2022,2022,2022,2022,2022,2022,2022,2022,2022,2022,2022,2022,2022,2022,2022,2023,2023,2023,2023,2023,2023,2023,2023,2023,2023,2023,2023,2023,2023,2023,2023,2023,2024,2024,2024,2024,2024,2024,2024,2024,2024,2024,2024,2024,2024,2024,2024,2024,2024,2025,2025,2025,2025,2025,2025,2025,2025,2025,2025,2025,2025,2025,2025,2025,2025,2025
"혈액원별(1)","혈액원별(2)",성별(1),합계,전혈헌혈,전혈헌혈,전혈헌혈,전혈헌혈,전혈헌혈,전혈헌혈,성분헌혈,성분헌혈,성분헌혈,성분헌혈,성분헌혈,성분헌혈,성분헌혈,성분헌혈,성분헌혈,성분헌혈,합계,전혈헌혈,전혈헌혈,전혈헌혈,전혈헌혈,전혈헌혈,전혈헌혈,성분헌혈,성분헌혈,성분헌혈,성분헌혈,성분헌혈,성분헌혈,성분헌혈,성분헌혈,성분헌혈,성분헌혈,합계,전혈헌혈,전혈헌혈,전혈헌혈,전혈헌혈,전혈헌혈,전혈헌혈,성분헌혈,성분헌혈,성분헌혈,성분헌혈,성분헌혈,성분헌혈,성분헌혈,성분헌혈,성분헌혈,성분헌혈,합계,전혈헌혈,전혈헌혈,전혈헌혈,전혈헌혈,전혈헌혈,전혈헌혈,성분헌혈,성분헌혈,성분헌혈,성분헌혈,성분헌혈,성분헌혈,성분헌혈,성분헌혈,성분헌혈,성분헌혈,합계,전혈헌혈,전혈헌혈,전혈헌혈,전혈헌혈,전혈헌혈,전혈헌혈,성분헌혈,성분헌혈,성분헌혈,성분헌혈,성분헌혈,성분헌혈,성분헌혈,성분헌혈,성분헌혈,성분헌혈,합계,전혈헌혈,전혈헌혈,전혈헌혈,전혈헌혈,전혈헌혈,전혈헌혈,성분헌혈,성분헌혈,성분헌혈,성분헌혈,성분헌혈,성분헌혈,성분헌혈,성분헌혈,성분헌혈,성분헌혈,합계,전혈헌혈,전혈헌혈,전혈헌혈,전혈헌혈,전혈헌혈,전혈헌혈,성분헌혈,성분헌혈,성분헌혈,성분헌혈,성분헌혈,성분헌혈,성분헌혈,성분헌혈,성분헌혈,성분헌혈,합계,전혈헌혈,전혈헌혈,전혈헌혈,전혈헌혈,전혈헌혈,전혈헌혈,성분헌혈,성분헌혈,성분헌혈,성분헌혈,성분헌혈,성분헌혈,성분헌혈,성분헌혈,성분헌혈,성분헌혈,합계,전혈헌혈,전혈헌혈,전혈헌혈,전혈헌혈,전혈헌혈,전혈헌혈,성분헌혈,성분헌혈,성분헌혈,성분헌혈,성분헌혈,성분헌혈,성분헌혈,성분헌혈,성분헌혈,성분헌혈,합계,전혈헌혈,전혈헌혈,전혈헌혈,전혈헌혈,전혈헌혈,전혈헌혈,성분헌혈,성분헌혈,성분헌혈,성분헌혈,성분헌혈,성분헌혈,성분헌혈,성분헌혈,성분헌혈,성분헌혈,합계,전혈헌혈,전혈헌혈,전혈헌혈,전혈헌혈,전혈헌혈,전혈헌혈,성분헌혈,성분헌혈,성분헌혈,성분헌혈,성분헌혈,성분헌혈,성분헌혈,성분헌혈,성분헌혈,성분헌혈
"혈액원별(1)","혈액원별(2)",성별(1),소계,소계,소계,320mL,320mL,400mL,400mL,소계,소계,혈장,혈장,혈소판,혈소판,다종성분,다종성분,기타,기타,소계,소계,소계,320mL,320mL,400mL,400mL,소계,소계,혈장,혈장,혈소판,혈소판,다종성분,다종성분,기타,기타,소계,소계,소계,320mL,320mL,400mL,400mL,소계,소계,혈장,혈장,혈소판,혈소판,다종성분,다종성분,기타,기타,소계,소계,소계,320mL,320mL,400mL,400mL,소계,소계,혈장,혈장,혈소판,혈소판,다종성분,다종성분,기타,기타,소계,소계,소계,320mL,320mL,400mL,400mL,소계,소계,혈장,혈장,혈소판,혈소판,다종성분,다종성분,기타,기타,소계,소계,소계,320mL,320mL,400mL,400mL,소계,소계,혈장,혈장,혈소판,혈소판,다종성분,다종성분,기타,기타,소계,소계,소계,320mL,320mL,400mL,400mL,소계,소계,혈장,혈장,혈소판,혈소판,다종성분,다종성분,기타,기타,소계,소계,소계,320mL,320mL,400mL,400mL,소계,소계,혈장,혈장,혈소판,혈소판,다종성분,다종성분,기타,기타,소계,소계,소계,320mL,320mL,400mL,400mL,소계,소계,혈장,혈장,혈소판,혈소판,다종성분,다종성분,기타,기타,소계,소계,소계,320mL,320mL,400mL,400mL,소계,소계,혈장,혈장,혈소판,혈소판,다종성분,다종성분,기타,기타,소계,소계,소계,320mL,320mL,400mL,400mL,소계,소계,혈장,혈장,혈소판,혈소판,다종성분,다종성분,기타,기타
"혈액원별(1)","혈액원별(2)",성별(1),실적 (건),실적 (건),구성비 (%),실적 (건),구성비 (%),실적 (건),구성비 (%),실적 (건),구성비 (%),실적 (건),구성비 (%),실적 (건),구성비 (%),실적 (건),구성비 (%),실적 (건),구성비 (%),실적 (건),실적 (건),구성비 (%),실적 (건),구성비 (%),실적 (건),구성비 (%),실적 (건),구성비 (%),실적 (건),구성비 (%),실적 (건),구성비 (%),실적 (건),구성비 (%),실적 (건),구성비 (%),실적 (건),실적 (건),구성비 (%),실적 (건),구성비 (%),실적 (건),구성비 (%),실적 (건),구성비 (%),실적 (건),구성비 (%),실적 (건),구성비 (%),실적 (건),구성비 (%),실적 (건),구성비 (%),실적 (건),실적 (건),구성비 (%),실적 (건),구성비 (%),실적 (건),구성비 (%),실적 (건),구성비 (%),실적 (건),구성비 (%),실적 (건),구성비 (%),실적 (건),구성비 (%),실적 (건),구성비 (%),실적 (건),실적 (건),구성비 (%),실적 (건),구성비 (%),실적 (건),구성비 (%),실적 (건),구성비 (%),실적 (건),구성비 (%),실적 (건),구성비 (%),실적 (건),구성비 (%),실적 (건),구성비 (%),실적 (건),실적 (건),구성비 (%),실적 (건),구성비 (%),실적 (건),구성비 (%),실적 (건),구성비 (%),실적 (건),구성비 (%),실적 (건),구성비 (%),실적 (건),구성비 (%),실적 (건),구성비 (%),실적 (건),실적 (건),구성비 (%),실적 (건),구성비 (%),실적 (건),구성비 (%),실적 (건),구성비 (%),실적 (건),구성비 (%),실적 (건),구성비 (%),실적 (건),구성비 (%),실적 (건),구성비 (%),실적 (건),실적 (건),구성비 (%),실적 (건),구성비 (%),실적 (건),구성비 (%),실적 (건),구성비 (%),실적 (건),구성비 (%),실적 (건),구성비 (%),실적 (건),구성비 (%),실적 (건),구성비 (%),실적 (건),실적 (건),구성비 (%),실적 (건),구성비 (%),실적 (건),구성비 (%),실적 (건),구성비 (%),실적 (건),구성비 (%),실적 (건),구성비 (%),실적 (건),구성비 (%),실적 (건),구성비 (%),실적 (건),실적 (건),구성비 (%),실적 (건),구성비 (%),실적 (건),구성비 (%),실적 (건),구성비 (%),실적 (건),구성비 (%),실적 (건),구성비 (%),실적 (건),구성비 (%),실적 (건),구성비 (%),실적 (건),실적 (건),구성비 (%),실적 (건),구성비 (%),실적 (건),구성비 (%),실적 (건),구성비 (%),실적 (건),구성비 (%),실적 (건),구성비 (%),실적 (건),구성비 (%),실적 (건),구성비 (%)
"합계","소계",계,3082918,2153875,69.9,870507,28.2,1283368,41.6,929043,30.1,696552,22.6,21794,0.7,210000,6.8,697,0.0,2866330,2143208,74.8,814416,28.4,1328792,46.4,723122,25.2,466636,16.3,21586,0.8,234304,8.2,596,-,2928670,2139935,73.1,802983,27.4,1336952,45.7,788735,26.9,547471,18.7,15973,0.5,224654,7.7,637,-,2883270,2120992,73.6,790936,27.4,1330056,46.1,762278,26.4,526847,18.3,16999,0.6,217905,7.6,527,-,2791092,2094144,75.0,801299,28.7,1292845,46.3,696948,25.0,465046,16.7,16590,0.6,214815,7.7,497,-,2611401,1964633,75.2,682492,26.1,1282141,49.1,646768,24.8,400653,15.3,18672,0.7,226991,8.7,452,-,2604437,1977098,75.9,721543,27.7,1255555,48.2,627339,24.1,364081,14.0,21734,0.8,240949,9.3,575,0.0,2649007,1998108,75.4,767598,29.0,1230510,46.5,650899,24.6,387085,14.6,21128,0.8,242221,9.1,465,0.0,2776291,2023490,72.9,759807,27.4,1263683,45.5,752801,27.1,450622,16.2,21158,0.8,280581,10.1,440,0.0,2855540,1971931,69.1,641610,22.5,1330321,46.6,883609,30.9,583393,20.4,19628,0.7,279993,9.8,595,0.0,2839632,2002231,70.5,473132,16.7,1529099,53.8,837401,29.5,524889,18.5,20183,0.7,292014,10.3,315,0.0
"합계","소계",남자,2165411,1466692,67.7,245809,11.4,1220883,56.4,698719,32.3,477459,22.0,15129,0.7,205502,9.5,629,0.0,2066926,1495262,72.3,232437,11.2,1262825,61.1,571664,27.7,327224,15.8,11848,0.6,232059,11.2,533,-,2132241,1506538,70.7,228341,10.7,1278197,59.9,625703,29.3,393136,18.4,9150,0.4,222834,10.5,583,-,2106912,1486370,70.5,206151,9.8,1280219,60.8,620542,29.5,392991,18.7,10654,0.5,216428,10.3,469,-,2036566,1463447,71.9,204025,10.0,1259422,61.8,573119,28.1,348911,17.1,10178,0.5,213563,10.5,467,-,1916444,1382189,72.1,124990,6.5,1257199,65.6,534255,27.9,298366,15.6,10048,0.5,225401,11.8,440,-,1895131,1370607,72.3,134199,7.1,1236408,65.2,524524,27.7,273214,14.4,11735,0.6,239038,12.6,537,0.0,1876184,1339188,71.4,128617,6.9,1210571,64.5,536996,28.6,285352,15.2,10867,0.6,240364,12.8,413,0.0,2008892,1383900,68.9,146313,7.3,1237587,61.6,624992,31.1,335902,16.7,10513,0.5,278172,13.8,405,0.0,2058245,1324543,64.4,124255,6.0,1200288,58.3,733702,35.6,446218,21.7,9763,0.5,277182,13.5,539,0.0,2000807,1312531,65.6,98116,4.9,1214415,60.7,688276,34.4,391184,19.6,8224,0.4,288583,14.4,285,0.0
"합계","소계",여자,917507,687183,74.9,624698,68.1,62485,6.8,230324,25.1,219093,23.9,6665,0.7,4498,0.5,68,0.0,799404,647946,81.1,581979,72.8,65967,8.3,151458,18.9,139412,17.4,9738,1.2,2245,0.3,63,-,796429,633397,79.5,574642,72.2,58755,7.4,163032,20.5,154335,19.4,6823,0.9,1820,0.2,54,-,776358,634622,81.7,584785,75.3,49837,6.4,141736,18.3,133856,17.2,6345,0.8,1477,0.2,58,-,754526,630697,83.6,597274,79.2,33423,4.4,123829,16.4,116135,15.4,6412,0.8,1252,0.2,30,-,694957,582444,83.8,557502,80.2,24942,3.6,112513,16.2,102287,14.7,8624,1.2,1590,0.2,12,-,709306,606491,85.5,587344,82.8,19147,2.7,102815,14.5,90867,12.8,9999,1.4,1911,0.3,38,0.0,772823,658920,85.3,638981,82.7,19939,2.6,113903,14.7,101733,13.2,10261,1.3,1857,0.2,52,0.0,767399,639590,83.3,613494,79.9,26096,3.4,127809,16.7,114720,14.9,10645,1.4,2409,0.3,35,0.0,797295,647388,81.2,517355,64.9,130033,16.3,149907,18.8,137175,17.2,9865,1.2,2811,0.4,56,0.0,838825,689700,82.2,375016,44.7,314684,37.5,149125,17.8,133705,15.9,11959,1.4,3431,0.4,30,0.0
"대한적십자사","소계",계,2872156,2002672,69.7,829020,28.9,1173652,40.9,869484,30.3,666909,23.2,19350,0.7,183225,6.4,-,-,2645181,1986173,75.1,761250,28.8,1224923,46.3,659008,24.9,435339,16.5,19849,0.8,203820,7.7,-,-,2714819,1988560,73.2,748519,27.6,1240041,45.7,726259,26.8,515726,19.0,14815,0.5,195718,7.2,-,-,2681611,1974208,73.6,733084,27.3,1241124,46.3,707403,26.4,496151,18.5,16136,0.6,195116,7.3,-,-,2613901,1962045,75.1,747090,28.6,1214955,46.5,651856,24.9,439516,16.8,16020,0.6,196320,7.5,-,-,2435210,1835060,75.4,626117,25.7,1208943,49.6,600150,24.6,378981,15.6,18029,0.7,203140,8.3,-,-,2426779,1847184,76.1,660763,27.2,1186421,48.9,579595,23.9,343324,14.1,21024,0.9,215247,8.9,-,-,2445003,1840126,75.3,695516,28.4,1144610,46.8,604877,24.7,366870,15.0,20543,0.8,217464,8.9,-,-,2541446,1849059,72.8,694173,27.3,1154886,45.4,692387,27.2,425046,16.7,20423,0.8,246918,9.7,-,-,2639162,1822386,69.1,604624,22.9,1217762,46.1,816776,30.9,554881,21.0,18630,0.7,243265,9.2,-,-,2635546,1858797,70.5,426654,16.2,1432143,54.3,776749,29.5,502194,19.1,19471,0.7,255084,9.7,-,-
"대한적십자사","소계",남자,2029746,1377000,67.8,235806,11.6,1141194,56.2,652746,32.2,459191,22.6,13611,0.7,179944,8.9,-,-,1926108,1404271,72.9,220599,11.5,1183672,61.5,521837,27.1,308337,16.0,11270,0.6,202230,10.5,-,-,1988861,1413437,71.1,215801,10.9,1197636,60.2,575424,28.9,372420,18.7,8598,0.4,194406,9.8,-,-,1972773,1398087,70.9,194056,9.8,1204031,61.0,574686,29.1,370588,18.8,10171,0.5,193927,9.8,-,-,1909232,1375471,72.0,189747,9.9,1185724,62.1,533761,28.0,328713,17.2,9800,0.5,195248,10.2,-,-,1793118,1299355,72.5,113451,6.3,1185904,66.1,493763,27.5,282256,15.7,9718,0.5,201789,11.3,-,-,1771956,1289346,72.8,121174,6.8,1168172,65.9,482610,27.2,257570,14.5,11397,0.6,213643,12.1,-,-,1735122,1238986,71.4,113683,6.6,1125303,64.9,496136,28.6,269705,15.5,10555,0.6,215876,12.4,-,-,1845259,1272188,68.9,134821,7.3,1137367,61.6,573071,31.1,317978,17.2,10203,0.6,244890,13.3,-,-,1904852,1228933,64.5,119478,6.3,1109455,58.2,675919,35.5,425475,22.3,9395,0.5,241049,12.7,-,-,1860861,1226522,65.9,92480,5.0,1134042,60.9,634339,34.1,374206,20.1,7969,0.4,252164,13.6,-,-
"대한적십자사","소계",여자,842410,625672,74.3,593214,70.4,32458,3.9,216738,25.7,207718,24.7,5739,0.7,3281,0.4,-,-,719073,581902,80.9,540651,75.2,41251,5.7,137171,19.1,127002,17.7,8579,1.2,1590,0.2,-,-,725958,575123,79.2,532718,73.4,42405,5.8,150835,20.8,143306,19.7,6217,0.9,1312,0.2,-,-,708838,576121,81.3,539028,76.0,37093,5.2,132717,18.7,125563,17.7,5965,0.8,1189,0.2,-,-,704669,586574,83.2,557343,79.1,29231,4.1,118095,16.8,110803,15.7,6220,0.9,1072,0.2,-,-,642092,535705,83.4,512666,79.8,23039,3.6,106387,16.6,96725,15.1,8311,1.3,1351,0.2,-,-,654823,557838,85.2,539589,82.4,18249,2.8,96985,14.8,85754,13.1,9627,1.5,1604,0.2,-,-,709881,601140,84.7,581833,82.0,19307,2.7,108741,15.3,97165,13.7,9988,1.4,1588,0.2,-,-,696187,576871,82.9,559352,80.3,17519,2.5,119316,17.1,107068,15.4,10220,1.5,2028,0.3,-,-,734310,593453,80.8,485146,66.1,108307,14.7,140857,19.2,129406,17.6,9235,1.3,2216,0.3,-,-,774685,632275,81.6,334174,43.1,298101,38.5,142410,18.4,127988,16.5,11502,1.5,2920,0.4,-,-
"대한적십자사","서울중앙",계,-,-,-,-,-,-,-,-,-,-,-,-,-,-,-,-,-,-,-,-,-,-,-,-,-,-,-,-,-,-,-,-,-,-,-,-,-,-,-,-,-,-,-,-,-,-,-,-,-,-,-,266577,176386,66.2,63269,23.7,113117,42.4,90191,33.8,51086,19.2,3783,1.4,35322,13.3,-,-,251035,176442,70.3,64641,25.7,111801,44.5,74593,29.7,39263,15.6,3494,1.4,31836,12.7,-,-,222024,154593,69.6,56875,25.6,97718,44.0,67431,30.4,31812,14.3,3479,1.6,32140,14.5,-,-,216484,153080,70.7,55538,25.7,97542,45.1,63404,29.3,27265,12.6,4075,1.9,32064,14.8,-,-,223617,159971,71.5,62868,28.1,97103,43.4,63646,28.5,28618,12.8,3956,1.8,31072,13.9,-,-,234465,160146,68.3,62896,26.8,97250,41.5,74319,31.7,35352,15.1,3594,1.5,35373,15.1,-,-,239464,150672,62.9,52885,22.1,97787,40.8,88792,37.1,47076,19.7,3626,1.5,38090,15.9,-,-,236033,150585,63.8,30789,13.0,119796,50.8,85448,36.2,41736,17.7,3829,1.6,39883,16.9,-,-
"대한적십자사","서울중앙",남자,-,-,-,-,-,-,-,-,-,-,-,-,-,-,-,-,-,-,-,-,-,-,-,-,-,-,-,-,-,-,-,-,-,-,-,-,-,-,-,-,-,-,-,-,-,-,-,-,-,-,-,195481,120748,61.8,12032,6.2,108716,55.6,74733,38.2,37659,19.3,2031,1.0,35043,17.9,-,-,182916,120990,66.1,12463,6.8,108527,59.3,61926,33.9,28477,15.6,1877,1.0,31572,17.3,-,-,157832,102656,65.0,7510,4.8,95146,60.3,55176,35.0,21816,13.8,1574,1.0,31786,20.1,-,-,155322,102508,66.0,7527,4.8,94981,61.2,52814,34.0,19137,12.3,1986,1.3,31691,20.4,-,-,155262,103044,66.4,8221,5.3,94823,61.1,52218,33.6,19658,12.7,1872,1.2,30688,19.8,-,-,165697,103998,62.8,9024,5.4,94974,57.3,61699,37.2,25262,15.2,1542,0.9,34895,21.1,-,-,168352,94273,56.0,7843,4.7,86430,51.3,74079,44.0,34999,20.8,1551,0.9,37529,22.3,-,-,162116,91417,56.4,5597,3.5,85820,52.9,70699,43.6,30196,18.6,1326,0.8,39177,24.2,-,-
"대한적십자사","서울중앙",여자,-,-,-,-,-,-,-,-,-,-,-,-,-,-,-,-,-,-,-,-,-,-,-,-,-,-,-,-,-,-,-,-,-,-,-,-,-,-,-,-,-,-,-,-,-,-,-,-,-,-,-,71096,55638,78.3,51237,72.1,4401,6.2,15458,21.7,13427,18.9,1752,2.5,279,0.4,-,-,68119,55452,81.4,52178,76.6,3274,4.8,12667,18.6,10786,15.8,1617,2.4,264,0.4,-,-,64192,51937,80.9,49365,76.9,2572,4.0,12255,19.1,9996,15.6,1905,3.0,354,0.6,-,-,61162,50572,82.7,48011,78.5,2561,4.2,10590,17.3,8128,13.3,2089,3.4,373,0.6,-,-,68355,56927,83.3,54647,79.9,2280,3.3,11428,16.7,8960,13.1,2084,3.0,384,0.6,-,-,68768,56148,81.6,53872,78.3,2276,3.3,12620,18.4,10090,14.7,2052,3.0,478,0.7,-,-,71112,56399,79.3,45042,63.3,11357,16.0,14713,20.7,12077,17.0,2075,2.9,561,0.8,-,-,73917,59168,80.0,25192,34.1,33976,46.0,14749,20.0,11540,15.6,2503,3.4,706,1.0,-,-
"대한적십자사","서울서부",계,332287,220632,66.4,98142,29.5,122490,36.9,111655,33.6,69628,21.0,6330,1.9,35697,10.7,-,-,291236,201682,69.3,72112,24.8,129570,44.5,89554,30.7,47990,16.5,5627,1.9,35937,12.3,-,-,277348,182548,65.8,65867,23.7,116681,42.1,94800,34.2,54990,19.8,4000,1.4,35810,12.9,-,-,-,-,-,-,-,-,-,-,-,-,-,-,-,-,-,-,-,-,-,-,-,-,-,-,-,-,-,-,-,-,-,-,-,-,-,-,-,-,-,-,-,-,-,-,-,-,-,-,-,-,-,-,-,-,-,-,-,-,-,-,-,-,-,-,-,-,-,-,-,-,-,-,-,-,-,-,-,-,-,-,-,-,-,-,-,-,-,-,-,-,-,-,-,-,-,-,-,-,-,-,-,-,-,-,-,-,-,-,-,-,-,-,-,-,-,-,-,-,-,-,-,-,-,-,-,-,-,-,-,-,-,-,-,-,-,-
"대한적십자사","서울서부",남자,231660,145234,62.7,24079,10.4,121155,52.3,86426,37.3,47163,20.4,4484,1.9,34779,15.0,-,-,210930,139786,66.3,17108,8.1,122678,58.2,71144,33.7,32515,15.4,3130,1.5,35499,16.8,-,-,201838,125323,62.1,15176,7.5,110147,54.6,76515,37.9,39123,19.4,1929,1.0,35463,17.6,-,-,-,-,-,-,-,-,-,-,-,-,-,-,-,-,-,-,-,-,-,-,-,-,-,-,-,-,-,-,-,-,-,-,-,-,-,-,-,-,-,-,-,-,-,-,-,-,-,-,-,-,-,-,-,-,-,-,-,-,-,-,-,-,-,-,-,-,-,-,-,-,-,-,-,-,-,-,-,-,-,-,-,-,-,-,-,-,-,-,-,-,-,-,-,-,-,-,-,-,-,-,-,-,-,-,-,-,-,-,-,-,-,-,-,-,-,-,-,-,-,-,-,-,-,-,-,-,-,-,-,-,-,-,-,-,-,-
"대한적십자사","서울서부",여자,100627,75398,74.9,74063,73.6,1335,1.3,25229,25.1,22465,22.3,1846,1.8,918,0.9,-,-,80306,61896,77.1,55004,68.5,6892,8.6,18410,22.9,15475,19.3,2497,3.1,438,0.5,-,-,75510,57225,75.8,50691,67.1,6534,8.7,18285,24.2,15867,21.0,2071,2.7,347,0.5,-,-,-,-,-,-,-,-,-,-,-,-,-,-,-,-,-,-,-,-,-,-,-,-,-,-,-,-,-,-,-,-,-,-,-,-,-,-,-,-,-,-,-,-,-,-,-,-,-,-,-,-,-,-,-,-,-,-,-,-,-,-,-,-,-,-,-,-,-,-,-,-,-,-,-,-,-,-,-,-,-,-,-,-,-,-,-,-,-,-,-,-,-,-,-,-,-,-,-,-,-,-,-,-,-,-,-,-,-,-,-,-,-,-,-,-,-,-,-,-,-,-,-,-,-,-,-,-,-,-,-,-,-,-,-,-,-,-
"대한적십자사","서울남부",계,224175,151811,67.7,48377,21.6,103434,46.1,72364,32.3,40368,18.0,5598,2.5,26398,11.8,-,-,227144,161152,70.9,52755,23.2,108397,47.7,65992,29.1,33489,14.7,4840,2.1,27663,12.2,-,-,246596,180168,73.1,61283,24.9,118885,48.2,66428,26.9,37670,15.3,2668,1.1,26090,10.6,-,-,230499,165248,71.7,57595,25.0,107653,46.7,65251,28.3,35986,15.6,3788,1.6,25477,11.1,-,-,214734,153572,71.5,56303,26.2,97269,45.3,61162,28.5,29790,13.9,4141,1.9,27231,12.7,-,-,190301,135176,71.0,41865,22.0,93311,49.0,55125,29.0,23582,12.4,4406,2.3,27137,14.3,-,-,176386,125619,71.2,40796,23.1,84823,48.1,50767,28.8,19233,10.9,3652,2.1,27882,15.8,-,-,181841,131192,72.1,47002,25.8,84190,46.3,50649,27.9,20175,11.1,3345,1.8,27129,14.9,-,-,196256,137076,69.8,49563,25.3,87513,44.6,59180,30.2,24895,12.7,3648,1.9,30637,15.6,-,-,208152,137305,66.0,44541,21.4,92764,44.6,70847,34.0,35248,16.9,3927,1.9,31672,15.2,-,-,210307,142928,68.0,34763,16.5,108165,51.4,67379,32.0,31458,15.0,4280,2.0,31641,15.0,-,-
"대한적십자사","서울남부",남자,165554,109471,66.1,11579,7.0,97892,59.1,56083,33.9,26710,16.1,3546,2.1,25827,15.6,-,-,169319,117262,69.3,12956,7.7,104306,61.6,52057,30.7,21773,12.9,2815,1.7,27469,16.2,-,-,185180,132123,71.3,15127,8.2,116996,63.2,53057,28.7,25742,13.9,1477,0.8,25838,14.0,-,-,173905,120413,69.2,13869,8.0,106544,61.3,53492,30.8,25670,14.8,2556,1.5,25266,14.5,-,-,160320,109677,68.4,13088,8.2,96589,60.2,50643,31.6,20978,13.1,2651,1.7,27014,16.9,-,-,144323,98566,68.3,6236,4.3,92330,64.0,45757,31.7,16438,11.4,2407,1.7,26912,18.6,-,-,132869,89871,67.6,5988,4.5,83883,63.1,42998,32.4,13607,10.2,1783,1.3,27608,20.8,-,-,132872,90674,68.2,7222,5.4,83452,62.8,42198,31.8,13798,10.4,1535,1.2,26865,20.2,-,-,147219,97267,66.1,10511,7.1,86756,58.9,49952,33.9,17914,12.2,1720,1.2,30318,20.6,-,-,153161,93408,61.0,8733,5.7,84675,55.3,59753,39.0,26340,17.2,2026,1.3,31387,20.5,-,-,149438,93546,62.6,7551,5.1,85995,57.5,55892,37.4,22915,15.3,1793,1.2,31184,20.9,-,-
"대한적십자사","서울남부",여자,58621,42340,72.2,36798,62.8,5542,9.5,16281,27.8,13658,23.3,2052,3.5,571,1.0,-,-,57825,43890,75.9,39799,68.8,4091,7.1,13935,24.1,11716,20.3,2025,3.5,194,0.3,-,-,61416,48045,78.2,46156,75.2,1889,3.1,13371,21.8,11928,19.4,1191,1.9,252,0.4,-,-,56594,44835,79.2,43726,77.3,1109,2.0,11759,20.8,10316,18.2,1232,2.2,211,0.4,-,-,54414,43895,80.7,43215,79.4,680,1.2,10519,19.3,8812,16.2,1490,2.7,217,0.4,-,-,45978,36610,79.6,35629,77.5,981,2.1,9368,20.4,7144,15.5,1999,4.3,225,0.5,-,-,43517,35748,82.1,34808,80.0,940,2.2,7769,17.9,5626,12.9,1869,4.3,274,0.6,-,-,48969,40518,82.7,39780,81.2,738,1.5,8451,17.3,6377,13.0,1810,3.7,264,0.5,-,-,49037,39809,81.2,39052,79.6,757,1.5,9228,18.8,6981,14.2,1928,3.9,319,0.7,-,-,54991,43897,79.8,35808,65.1,8089,14.7,11094,20.2,8908,16.2,1901,3.5,285,0.5,-,-,60869,49382,81.1,27212,44.7,22170,36.4,11487,18.9,8543,14.0,2487,4.1,457,0.8,-,-
"대한적십자사","서울동부",계,298738,206872,69.2,91461,30.6,115411,38.6,91866,30.8,58788,19.7,2623,0.9,30455,10.2,-,-,273327,198825,72.7,76663,28.0,122162,44.7,74502,27.3,37595,13.8,4022,1.5,32885,12.0,-,-,279786,198785,71.0,77907,27.8,120878,43.2,81001,29.0,44632,16.0,3461,1.2,32908,11.8,-,-,279045,198072,71.0,75775,27.2,122297,43.8,80973,29.0,43518,15.6,3857,1.4,33598,12.0,-,-,259856,187083,72.0,74807,28.8,112276,43.2,72773,28.0,37151,14.3,3164,1.2,32458,12.5,-,-,231788,168346,72.6,56676,24.5,111670,48.2,63442,27.4,29972,12.9,2727,1.2,30743,13.3,-,-,230555,166451,72.2,59922,26.0,106529,46.2,64104,27.8,27996,12.1,3608,1.6,32500,14.1,-,-,238256,168837,70.9,68852,28.9,99985,42.0,69419,29.1,31304,13.1,3594,1.5,34521,14.5,-,-,255780,175873,68.8,74119,29.0,101754,39.8,79907,31.2,39246,15.3,3746,1.5,36915,14.4,-,-,255298,165631,64.9,63448,24.9,102183,40.0,89667,35.1,51126,20.0,3305,1.3,35236,13.8,-,-,250383,165789,66.2,47337,18.9,118452,47.3,84594,33.8,44150,17.6,2948,1.2,37496,15.0,-,-
"대한적십자사","서울동부",남자,206563,132042,63.9,22358,10.8,109684,53.1,74521,36.1,42923,20.8,1768,0.9,29830,14.4,-,-,195744,134860,68.9,18541,9.5,116319,59.4,60884,31.1,26250,13.4,2113,1.1,32521,16.6,-,-,201327,134402,66.8,19228,9.6,115174,57.2,66925,33.2,32084,15.9,2179,1.1,32662,16.2,-,-,201187,133770,66.5,17829,8.9,115941,57.6,67417,33.5,31494,15.7,2580,1.3,33343,16.6,-,-,186199,124530,66.9,16761,9.0,107769,57.9,61669,33.1,27392,14.7,2031,1.1,32246,17.3,-,-,171190,118100,69.0,9604,5.6,108496,63.4,53090,31.0,21066,12.3,1485,0.9,30539,17.8,-,-,167635,113625,67.8,9370,5.6,104255,62.2,54010,32.2,19698,11.8,2080,1.2,32232,19.2,-,-,166638,108055,64.8,10212,6.1,97843,58.7,58583,35.2,22459,13.5,1920,1.2,34204,20.5,-,-,180698,112971,62.5,12750,7.1,100221,55.5,67727,37.5,29123,16.1,2088,1.2,36516,20.2,-,-,181068,105037,58.0,11227,6.2,93810,51.8,76031,42.0,39428,21.8,1810,1.0,34793,19.2,-,-,171854,101026,58.8,8574,5.0,92452,53.8,70828,41.2,32632,19.0,1243,0.7,36953,21.5,-,-
"대한적십자사","서울동부",여자,92175,74830,81.2,69103,75.0,5727,6.2,17345,18.8,15865,17.2,855,0.9,625,0.7,-,-,77583,63965,82.4,58122,74.9,5843,7.5,13618,17.6,11345,14.6,1909,2.5,364,0.5,-,-,78459,64383,82.1,58679,74.8,5704,7.3,14076,17.9,12548,16.0,1282,1.6,246,0.3,-,-,77858,64302,82.6,57946,74.4,6356,8.2,13556,17.4,12024,15.4,1277,1.6,255,0.3,-,-,73657,62553,84.9,58046,78.8,4507,6.1,11104,15.1,9759,13.2,1133,1.5,212,0.3,-,-,60598,50246,82.9,47072,77.7,3174,5.2,10352,17.1,8906,14.7,1242,2.0,204,0.3,-,-,62920,52826,84.0,50552,80.3,2274,3.6,10094,16.0,8298,13.2,1528,2.4,268,0.4,-,-,71618,60782,84.9,58640,81.9,2142,3.0,10836,15.1,8845,12.4,1674,2.3,317,0.4,-,-,75082,62902,83.8,61369,81.7,1533,2.0,12180,16.2,10123,13.5,1658,2.2,399,0.5,-,-,74230,60594,81.6,52221,70.4,8373,11.3,13636,18.4,11698,15.8,1495,2.0,443,0.6,-,-,78529,64763,82.5,38763,49.4,26000,33.1,13766,17.5,11518,14.7,1705,2.2,543,0.7,-,-
"대한적십자사","부산",계,238001,160162,67.3,68812,28.9,91350,38.4,77839,32.7,66406,27.9,396,0.2,11037,4.6,-,-,204844,155634,76.0,59154,28.9,96480,47.1,49210,24.0,34070,16.6,418,0.2,14722,7.2,-,-,215205,154508,71.8,57683,26.8,96825,45.0,60697,28.2,44985,20.9,420,0.2,15292,7.1,-,-,223597,163018,72.9,62955,28.2,100063,44.8,60579,27.1,43116,19.3,520,0.2,16943,7.6,-,-,213561,156921,73.5,58827,27.5,98094,45.9,56640,26.5,39455,18.5,575,0.3,16610,7.8,-,-,197302,146068,74.0,50738,25.7,95330,48.3,51234,26.0,33844,17.2,563,0.3,16827,8.5,-,-,194786,144977,74.4,52449,26.9,92528,47.5,49809,25.6,30247,15.5,893,0.5,18669,9.6,-,-,204171,152022,74.5,58494,28.6,93528,45.8,52149,25.5,32581,16.0,952,0.5,18616,9.1,-,-,205695,149030,72.5,57158,27.8,91872,44.7,56665,27.5,35675,17.3,951,0.5,20039,9.7,-,-,211156,144512,68.4,50806,24.1,93706,44.4,66644,31.6,46920,22.2,860,0.4,18864,8.9,-,-,209097,147398,70.5,30038,14.4,117360,56.1,61699,29.5,40490,19.4,1061,0.5,20148,9.6,-,-
"대한적십자사","부산",남자,158533,107590,67.9,16376,10.3,91214,57.5,50943,32.1,39597,25.0,353,0.2,10993,6.9,-,-,143066,107253,75.0,14157,9.9,93096,65.1,35813,25.0,20853,14.6,279,0.2,14681,10.3,-,-,151757,107857,71.1,13249,8.7,94608,62.3,43900,28.9,28396,18.7,250,0.2,15254,10.1,-,-,156593,110863,70.8,12527,8.0,98336,62.8,45730,29.2,28589,18.3,257,0.2,16884,10.8,-,-,149783,106429,71.1,11847,7.9,94582,63.1,43354,28.9,26551,17.7,228,0.2,16575,11.1,-,-,138067,98535,71.4,6268,4.5,92267,66.8,39532,28.6,22533,16.3,217,0.2,16782,12.2,-,-,135511,96577,71.3,6135,4.5,90442,66.7,38934,28.7,20013,14.8,368,0.3,18553,13.7,-,-,138212,98021,70.9,5861,4.2,92160,66.7,40191,29.1,21264,15.4,400,0.3,18527,13.4,-,-,142395,98332,69.1,7649,5.4,90683,63.7,44063,30.9,23723,16.7,397,0.3,19943,14.0,-,-,144333,92103,63.8,7597,5.3,84506,58.5,52230,36.2,33128,23.0,351,0.2,18751,13.0,-,-,139174,91401,65.7,5920,4.3,85481,61.4,47773,34.3,27366,19.7,405,0.3,20002,14.4,-,-
"대한적십자사","부산",여자,79468,52572,66.2,52436,66.0,136,0.2,26896,33.8,26809,33.7,43,0.1,44,0.1,-,-,61778,48381,78.3,44997,72.8,3384,5.5,13397,21.7,13217,21.4,139,0.2,41,0.1,-,-,63448,46651,73.5,44434,70.0,2217,3.5,16797,26.5,16589,26.1,170,0.3,38,0.1,-,-,67004,52155,77.8,50428,75.3,1727,2.6,14849,22.2,14527,21.7,263,0.4,59,0.1,-,-,63778,50492,79.2,46980,73.7,3512,5.5,13286,20.8,12904,20.2,347,0.5,35,0.1,-,-,59235,47533,80.2,44470,75.1,3063,5.2,11702,19.8,11311,19.1,346,0.6,45,0.1,-,-,59275,48400,81.7,46314,78.1,2086,3.5,10875,18.3,10234,17.3,525,0.9,116,0.2,-,-,65959,54001,81.9,52633,79.8,1368,2.1,11958,18.1,11317,17.2,552,0.8,89,0.1,-,-,63300,50698,80.1,49509,78.2,1189,1.9,12602,19.9,11952,18.9,554,0.9,96,0.2,-,-,66823,52409,78.4,43209,64.7,9200,13.8,14414,21.6,13792,20.6,509,0.8,113,0.2,-,-,69923,55997,80.1,24118,34.5,31879,45.6,13926,19.9,13124,18.8,656,0.9,146,0.2,-,-
"대한적십자사","대구·경북",계,260227,181346,69.7,79987,30.7,101359,39.0,78881,30.3,68116,26.2,555,0.2,10210,3.9,-,-,236895,178534,75.4,76483,32.3,102051,43.1,58361,24.6,44099,18.6,825,0.3,13437,5.7,-,-,240774,174809,72.6,74905,31.1,99904,41.5,65965,27.4,54036,22.4,571,0.2,11358,4.7,-,-,246155,181337,73.7,76727,31.2,104610,42.5,64818,26.3,53678,21.8,507,0.2,10633,4.3,-,-,232481,170409,73.3,70836,30.5,99573,42.8,62072,26.7,50328,21.6,568,0.2,11176,4.8,-,-,196373,140779,71.7,56850,29.0,83929,42.7,55594,28.3,44084,22.4,814,0.4,10696,5.4,-,-,225330,168877,74.9,68790,30.5,100087,44.4,56453,25.1,41974,18.6,1001,0.4,13478,6.0,-,-,225154,172079,76.4,67865,30.1,104214,46.3,53075,23.6,36870,16.4,1046,0.5,15159,6.7,-,-,229715,170076,74.0,65192,28.4,104884,45.7,59639,26.0,41907,18.2,1137,0.5,16595,7.2,-,-,241369,172108,71.3,58410,24.2,113698,47.1,69261,28.7,52542,21.8,910,0.4,15809,6.5,-,-,242054,176157,72.8,43959,18.2,132198,54.6,65897,27.2,48801,20.2,1095,0.5,16001,6.6,-,-
"대한적십자사","대구·경북",남자,177684,120481,67.8,21524,12.1,98957,55.7,57203,32.2,46811,26.3,352,0.2,10040,5.7,-,-,168424,123382,73.3,23534,14.0,99848,59.3,45042,26.7,31410,18.6,305,0.2,13327,7.9,-,-,172578,121215,70.2,22821,13.2,98394,57.0,51363,29.8,39782,23.1,293,0.2,11288,6.5,-,-,176709,124684,70.6,21381,12.1,103303,58.5,52025,29.4,41201,23.3,261,0.1,10563,6.0,-,-,167290,117284,70.1,18447,11.0,98837,59.1,50006,29.9,38564,23.1,301,0.2,11141,6.7,-,-,139286,94485,67.8,10804,7.8,83681,60.1,44801,32.2,33827,24.3,361,0.3,10613,7.6,-,-,159155,112640,70.8,12780,8.0,99860,62.7,46515,29.2,32711,20.6,397,0.2,13407,8.4,-,-,158967,116409,73.2,12362,7.8,104047,65.5,42558,26.8,27069,17.0,405,0.3,15084,9.5,-,-,167443,118750,70.9,14234,8.5,104516,62.4,48693,29.1,31667,18.9,525,0.3,16501,9.9,-,-,174860,117434,67.2,12371,7.1,105063,60.1,57426,32.8,41273,23.6,430,0.2,15723,9.0,-,-,167713,114751,68.4,8916,5.3,105835,63.1,52962,31.6,36633,21.8,480,0.3,15849,9.5,-,-
"대한적십자사","대구·경북",여자,82543,60865,73.7,58463,70.8,2402,2.9,21678,26.3,21305,25.8,203,0.2,170,0.2,-,-,68471,55152,80.5,52949,77.3,2203,3.2,13319,19.5,12689,18.5,520,0.8,110,0.2,-,-,68196,53594,78.6,52084,76.4,1510,2.2,14602,21.4,14254,20.9,278,0.4,70,0.1,-,-,69446,56653,81.6,55346,79.7,1307,1.9,12793,18.4,12477,18.0,246,0.4,70,0.1,-,-,65191,53125,81.5,52389,80.4,736,1.1,12066,18.5,11764,18.0,267,0.4,35,0.1,-,-,57087,46294,81.1,46046,80.7,248,0.4,10793,18.9,10257,18.0,453,0.8,83,0.1,-,-,66175,56237,85.0,56010,84.6,227,0.3,9938,15.0,9263,14.0,604,0.9,71,0.1,-,-,66187,55670,84.1,55503,83.9,167,0.3,10517,15.9,9801,14.8,641,1.0,75,0.1,-,-,62272,51326,82.4,50958,81.8,368,0.6,10946,17.6,10240,16.4,612,1.0,94,0.2,-,-,66509,54674,82.2,46039,69.2,8635,13.0,11835,17.8,11269,16.9,480,0.7,86,0.1,-,-,74341,61406,82.6,35043,47.1,26363,35.5,12935,17.4,12168,16.4,615,0.8,152,0.2,-,-
"대한적십자사","인천",계,180847,123662,68.4,59624,33.0,64038,35.4,57185,31.6,46449,25.7,594,0.3,10142,5.6,-,-,161744,120140,74.3,52714,32.6,67426,41.7,41604,25.7,29021,17.9,688,0.4,11895,7.4,-,-,163533,119937,73.3,47774,29.2,72163,44.1,43596,26.7,31406,19.2,537,0.3,11653,7.1,-,-,157317,119238,75.8,43852,27.9,75386,47.9,38079,24.2,26464,16.8,498,0.3,11117,7.1,-,-,158392,126259,79.7,45947,29.0,80312,50.7,32133,20.3,20409,12.9,510,0.3,11214,7.1,-,-,165074,130880,79.3,42267,25.6,88613,53.7,34194,20.7,21454,13.0,709,0.4,12031,7.3,-,-,166763,131913,79.1,44854,26.9,87059,52.2,34850,20.9,21482,12.9,906,0.5,12462,7.5,-,-,170709,132583,77.7,47846,28.0,84737,49.6,38126,22.3,22791,13.4,927,0.5,14408,8.4,-,-,176839,128913,72.9,47440,26.8,81473,46.1,47926,27.1,27827,15.7,1208,0.7,18891,10.7,-,-,187281,128734,68.7,36722,19.6,92012,49.1,58547,31.3,38687,20.7,1126,0.6,18734,10.0,-,-,189919,131701,69.3,20515,10.8,111186,58.5,58218,30.7,36718,19.3,1173,0.6,20327,10.7,-,-
"대한적십자사","인천",남자,121411,78679,64.8,15474,12.7,63205,52.1,42732,35.2,32273,26.6,431,0.4,10028,8.3,-,-,113269,80170,70.8,14603,12.9,65567,57.9,33099,29.2,20801,18.4,461,0.4,11837,10.5,-,-,115780,81011,70.0,12200,10.5,68811,59.4,34769,30.0,22899,19.8,297,0.3,11573,10.0,-,-,110801,79440,71.7,10469,9.4,68971,62.2,31361,28.3,20041,18.1,285,0.3,11035,10.0,-,-,112002,85442,76.3,9954,8.9,75488,67.4,26560,23.7,15111,13.5,307,0.3,11142,9.9,-,-,119383,90998,76.2,5302,4.4,85696,71.8,28385,23.8,16096,13.5,381,0.3,11908,10.0,-,-,119848,90546,75.6,5717,4.8,84829,70.8,29302,24.4,16473,13.7,462,0.4,12367,10.3,-,-,119983,88217,73.5,5161,4.3,83056,69.2,31766,26.5,17053,14.2,416,0.3,14297,11.9,-,-,127399,87219,68.5,7173,5.6,80046,62.8,40180,31.5,20954,16.4,519,0.4,18707,14.7,-,-,135586,86621,63.9,6648,4.9,79973,59.0,48965,36.1,29959,22.1,503,0.4,18503,13.6,-,-,135636,87730,64.7,4955,3.7,82775,61.0,47906,35.3,27357,20.2,421,0.3,20128,14.8,-,-
"대한적십자사","인천",여자,59436,44983,75.7,44150,74.3,833,1.4,14453,24.3,14176,23.9,163,0.3,114,0.2,-,-,48475,39970,82.5,38111,78.6,1859,3.8,8505,17.5,8220,17.0,227,0.5,58,0.1,-,-,47753,38926,81.5,35574,74.5,3352,7.0,8827,18.5,8507,17.8,240,0.5,80,0.2,-,-,46516,39798,85.6,33383,71.8,6415,13.8,6718,14.4,6423,13.8,213,0.5,82,0.2,-,-,46390,40817,88.0,35993,77.6,4824,10.4,5573,12.0,5298,11.4,203,0.4,72,0.2,-,-,45691,39882,87.3,36965,80.9,2917,6.4,5809,12.7,5358,11.7,328,0.7,123,0.3,-,-,46915,41367,88.2,39137,83.4,2230,4.8,5548,11.8,5009,10.7,444,0.9,95,0.2,-,-,50726,44366,87.5,42685,84.1,1681,3.3,6360,12.5,5738,11.3,511,1.0,111,0.2,-,-,49440,41694,84.3,40267,81.4,1427,2.9,7746,15.7,6873,13.9,689,1.4,184,0.4,-,-,51695,42113,81.5,30074,58.2,12039,23.3,9582,18.5,8728,16.9,623,1.2,231,0.4,-,-,54283,43971,81.0,15560,28.7,28411,52.3,10312,19.0,9361,17.2,752,1.4,199,0.4,-,-
"대한적십자사","울산",계,93740,67909,72.4,31328,33.4,36581,39.0,25831,27.6,21041,22.4,264,0.3,4526,4.8,-,-,87323,67388,77.2,29155,33.4,38233,43.8,19935,22.8,12983,14.9,368,0.4,6584,7.5,-,-,86261,64586,74.9,27950,32.4,36636,42.5,21675,25.1,14940,17.3,252,0.3,6483,7.5,-,-,86711,64357,74.2,26887,31.0,37470,43.2,22354,25.8,15592,18.0,243,0.3,6519,7.5,-,-,91599,70789,77.3,30132,32.9,40657,44.4,20810,22.7,13939,15.2,284,0.3,6587,7.2,-,-,82518,64445,78.1,22722,27.5,41723,50.6,18073,21.9,10711,13.0,395,0.5,6967,8.4,-,-,83549,65692,78.6,25158,30.1,40534,48.5,17857,21.4,10201,12.2,389,0.5,7267,8.7,-,-,87119,67541,77.5,23951,27.5,43590,50.0,19578,22.5,11375,13.1,440,0.5,7763,8.9,-,-,99261,73794,74.3,24322,24.5,49472,49.8,25467,25.7,13568,13.7,670,0.7,11229,11.3,-,-,108756,77198,71.0,21557,19.8,55641,51.2,31558,29.0,19330,17.8,514,0.5,11714,10.8,-,-,110202,79933,72.5,15501,14.1,64432,58.5,30269,27.5,17323,15.7,547,0.5,12399,11.3,-,-
"대한적십자사","울산",남자,70085,49747,71.0,13169,18.8,36578,52.2,20338,29.0,15575,22.2,241,0.3,4522,6.5,-,-,65717,49388,75.2,11596,17.6,37792,57.5,16329,24.8,9532,14.5,244,0.4,6553,10.0,-,-,65900,47769,72.5,11435,17.4,36334,55.1,18131,27.5,11469,17.4,200,0.3,6462,9.8,-,-,66006,47342,71.7,9983,15.1,37359,56.6,18664,28.3,12001,18.2,150,0.2,6513,9.9,-,-,68561,51086,74.5,10461,15.3,40625,59.3,17475,25.5,10743,15.7,149,0.2,6583,9.6,-,-,63660,47998,75.4,6385,10.0,41613,65.4,15662,24.6,8467,13.3,239,0.4,6956,10.9,-,-,63842,48195,75.5,7697,12.1,40498,63.4,15647,24.5,8168,12.8,223,0.3,7256,11.4,-,-,64183,47511,74.0,6642,10.3,40869,63.7,16672,26.0,8728,13.6,213,0.3,7731,12.0,-,-,73750,51991,70.5,6968,9.4,45023,61.0,21759,29.5,10255,13.9,314,0.4,11190,15.2,-,-,79143,52589,66.4,6520,8.2,46069,58.2,26554,33.6,14656,18.5,237,0.3,11661,14.7,-,-,79138,53822,68.0,5320,6.7,48502,61.3,25316,32.0,12769,16.1,212,0.3,12335,15.6,-,-
"대한적십자사","울산",여자,23655,18162,76.8,18159,76.8,3,-,5493,23.2,5466,23.1,23,0.1,4,-,-,-,21606,18000,83.3,17559,81.3,441,2.0,3606,16.7,3451,16.0,124,0.6,31,0.1,-,-,20361,16817,82.6,16515,81.1,302,1.5,3544,17.4,3471,17.0,52,0.3,21,0.1,-,-,20705,17015,82.2,16904,81.6,111,0.5,3690,17.8,3591,17.3,93,0.4,6,-,-,-,23038,19703,85.5,19671,85.4,32,0.1,3335,14.5,3196,13.9,135,0.6,4,-,-,-,18858,16447,87.2,16337,86.6,110,0.6,2411,12.8,2244,11.9,156,0.8,11,0.1,-,-,19707,17497,88.8,17461,88.6,36,0.2,2210,11.2,2033,10.3,166,0.8,11,0.1,-,-,22936,20030,87.3,17309,75.5,2721,11.9,2906,12.7,2647,11.5,227,1.0,32,0.1,-,-,25511,21803,85.5,17354,68.0,4449,17.4,3708,14.5,3313,13.0,356,1.4,39,0.2,-,-,29613,24609,83.1,15037,50.8,9572,32.3,5004,16.9,4674,15.8,277,0.9,53,0.2,-,-,31064,26111,84.1,10181,32.8,15930,51.3,4953,15.9,4554,14.7,335,1.1,64,0.2,-,-
"대한적십자사","경기",계,218748,167413,76.5,75429,34.5,91984,42.1,51335,23.5,35303,16.1,1916,0.9,14116,6.5,-,-,205267,161404,78.6,64888,31.6,96516,47.0,43863,21.4,27555,13.4,980,0.5,15328,7.5,-,-,210813,163156,77.4,56958,27.0,106198,50.4,47657,22.6,31708,15.0,913,0.4,15036,7.1,-,-,203912,152633,74.9,53002,26.0,99631,48.9,51279,25.1,32674,16.0,1243,0.6,17362,8.5,-,-,211170,164832,78.1,62470,29.6,102362,48.5,46338,21.9,26297,12.5,1285,0.6,18756,8.9,-,-,225902,178015,78.8,60525,26.8,117490,52.0,47887,21.2,23252,10.3,2025,0.9,22610,10.0,-,-,225736,177020,78.4,63353,28.1,113667,50.4,48716,21.6,22595,10.0,2431,1.1,23690,10.5,-,-,216807,168546,77.7,63470,29.3,105076,48.5,48261,22.3,23463,10.8,2119,1.0,22679,10.5,-,-,225163,168085,74.7,62763,27.9,105322,46.8,57078,25.3,29646,13.2,2235,1.0,25197,11.2,-,-,227219,161032,70.9,49680,21.9,111352,49.0,66187,29.1,39417,17.3,1748,0.8,25022,11.0,-,-,233489,168927,72.3,35444,15.2,133483,57.2,64562,27.7,37472,16.0,1525,0.7,25565,10.9,-,-
"대한적십자사","경기",남자,159274,117085,73.5,25728,16.2,91357,57.4,42189,26.5,26549,16.7,1677,1.1,13963,8.8,-,-,154592,117218,75.8,22892,14.8,94326,61.0,37374,24.2,21363,13.8,757,0.5,15254,9.9,-,-,159730,119320,74.7,18008,11.3,101312,63.4,40410,25.3,24815,15.5,620,0.4,14975,9.4,-,-,156393,112307,71.8,15192,9.7,97115,62.1,44086,28.2,25846,16.5,930,0.6,17310,11.1,-,-,158935,118671,74.7,17480,11.0,101191,63.7,40264,25.3,20590,13.0,978,0.6,18696,11.8,-,-,171193,129302,75.5,12486,7.3,116816,68.2,41891,24.5,17926,10.5,1437,0.8,22528,13.2,-,-,168602,125792,74.6,12626,7.5,113166,67.1,42810,25.4,17533,10.4,1684,1.0,23593,14.0,-,-,158940,116917,73.6,12184,7.7,104733,65.9,42023,26.4,18197,11.4,1249,0.8,22577,14.2,-,-,169324,119535,70.6,14551,8.6,104984,62.0,49789,29.4,23350,13.8,1354,0.8,25085,14.8,-,-,170969,112846,66.0,9937,5.8,102909,60.2,58123,34.0,32148,18.8,1103,0.6,24872,14.5,-,-,169300,113580,67.1,6782,4.0,106798,63.1,55720,32.9,29596,17.5,757,0.4,25367,15.0,-,-
"대한적십자사","경기",여자,59474,50328,84.6,49701,83.6,627,1.1,9146,15.4,8754,14.7,239,0.4,153,0.3,-,-,50675,44186,87.2,41996,82.9,2190,4.3,6489,12.8,6192,12.2,223,0.4,74,0.1,-,-,51083,43836,85.8,38950,76.2,4886,9.6,7247,14.2,6893,13.5,293,0.6,61,0.1,-,-,47519,40326,84.9,37810,79.6,2516,5.3,7193,15.1,6828,14.4,313,0.7,52,0.1,-,-,52235,46161,88.4,44990,86.1,1171,2.2,6074,11.6,5707,10.9,307,0.6,60,0.1,-,-,54709,48713,89.0,48039,87.8,674,1.2,5996,11.0,5326,9.7,588,1.1,82,0.1,-,-,57134,51228,89.7,50727,88.8,501,0.9,5906,10.3,5062,8.9,747,1.3,97,0.2,-,-,57867,51629,89.2,51286,88.6,343,0.6,6238,10.8,5266,9.1,870,1.5,102,0.2,-,-,55839,48550,86.9,48212,86.3,338,0.6,7289,13.1,6296,11.3,881,1.6,112,0.2,-,-,56250,48186,85.7,39743,70.7,8443,15.0,8064,14.3,7269,12.9,645,1.1,150,0.3,-,-,64189,55347,86.2,28662,44.7,26685,41.6,8842,13.8,7876,12.3,768,1.2,198,0.3,-,-
"대한적십자사","강원",계,149795,104598,69.8,30884,20.6,73714,49.2,45197,30.2,37863,25.3,127,0.1,7207,4.8,-,-,149851,114653,76.5,29218,19.5,85435,57.0,35198,23.5,26063,17.4,266,0.2,8869,5.9,-,-,154964,117700,76.0,27169,17.5,90531,58.4,37264,24.0,28828,18.6,309,0.2,8127,5.2,-,-,161359,124273,77.0,26508,16.4,97765,60.6,37086,23.0,28473,17.6,338,0.2,8275,5.1,-,-,153606,118841,77.4,27055,17.6,91786,59.8,34765,22.6,26253,17.1,274,0.2,8238,5.4,-,-,140670,109638,77.9,22213,15.8,87425,62.1,31032,22.1,22116,15.7,273,0.2,8643,6.1,-,-,134293,105164,78.3,24319,18.1,80845,60.2,29129,21.7,20379,15.2,496,0.4,8254,6.1,-,-,124866,95365,76.4,26148,20.9,69217,55.4,29501,23.6,20742,16.6,523,0.4,8236,6.6,-,-,132851,100536,75.7,28239,21.3,72297,54.4,32315,24.3,22424,16.9,445,0.3,9446,7.1,-,-,145715,107817,74.0,25742,17.7,82075,56.3,37898,26.0,28754,19.7,442,0.3,8702,6.0,-,-,147757,111043,75.2,18350,12.4,92693,62.7,36714,24.8,26712,18.1,536,0.4,9466,6.4,-,-
"대한적십자사","강원",남자,116232,80788,69.5,8425,7.2,72363,62.3,35444,30.5,28257,24.3,98,0.1,7089,6.1,-,-,122194,92945,76.1,8393,6.9,84552,69.2,29249,23.9,20295,16.6,164,0.1,8790,7.2,-,-,127367,96334,75.6,8268,6.5,88066,69.1,31033,24.4,22778,17.9,185,0.1,8070,6.3,-,-,134733,103380,76.7,7573,5.6,95807,71.1,31353,23.3,22874,17.0,234,0.2,8245,6.1,-,-,127408,97678,76.7,7700,6.0,89978,70.6,29730,23.3,21364,16.8,170,0.1,8196,6.4,-,-,117333,90844,77.4,4812,4.1,86032,73.3,26489,22.6,17802,15.2,128,0.1,8559,7.3,-,-,110113,85184,77.4,5176,4.7,80008,72.7,24929,22.6,16397,14.9,303,0.3,8229,7.5,-,-,98394,73085,74.3,4696,4.8,68389,69.5,25309,25.7,16808,17.1,295,0.3,8206,8.3,-,-,106032,77970,73.5,6361,6.0,71609,67.5,28062,26.5,18505,17.5,169,0.2,9388,8.9,-,-,114858,82672,72.0,5135,4.5,77537,67.5,32186,28.0,23381,20.4,153,0.1,8652,7.5,-,-,116895,85809,73.4,3753,3.2,82056,70.2,31086,26.6,21539,18.4,165,0.1,9382,8.0,-,-
"대한적십자사","강원",여자,33563,23810,70.9,22459,66.9,1351,4.0,9753,29.1,9606,28.6,29,0.1,118,0.4,-,-,27657,21708,78.5,20825,75.3,883,3.2,5949,21.5,5768,20.9,102,0.4,79,0.3,-,-,27597,21366,77.4,18901,68.5,2465,8.9,6231,22.6,6050,21.9,124,0.4,57,0.2,-,-,26626,20893,78.5,18935,71.1,1958,7.4,5733,21.5,5599,21.0,104,0.4,30,0.1,-,-,26198,21163,80.8,19355,73.9,1808,6.9,5035,19.2,4889,18.7,104,0.4,42,0.2,-,-,23337,18794,80.5,17401,74.6,1393,6.0,4543,19.5,4314,18.5,145,0.6,84,0.4,-,-,24180,19980,82.6,19143,79.2,837,3.5,4200,17.4,3982,16.5,193,0.8,25,0.1,-,-,26472,22280,84.2,21452,81.0,828,3.1,4192,15.8,3934,14.9,228,0.9,30,0.1,-,-,26819,22566,84.1,21878,81.6,688,2.6,4253,15.9,3919,14.6,276,1.0,58,0.2,-,-,30857,25145,81.5,20607,66.8,4538,14.7,5712,18.5,5373,17.4,289,0.9,50,0.2,-,-,30862,25234,81.8,14597,47.3,10637,34.5,5628,18.2,5173,16.8,371,1.2,84,0.3,-,-
"대한적십자사","충북",계,99627,71512,71.8,21834,21.9,49678,49.9,28115,28.2,25232,25.3,114,0.1,2769,2.8,-,-,89342,71713,80.3,21370,23.9,50343,56.3,17629,19.7,14834,16.6,181,0.2,2614,2.9,-,-,95644,73725,77.1,22342,23.4,51383,53.7,21919,22.9,19542,20.4,232,0.2,2145,2.2,-,-,93808,72536,77.3,21739,23.2,50797,54.1,21272,22.7,19043,20.3,244,0.3,1985,2.1,-,-,94251,75647,80.3,26669,28.3,48978,52.0,18604,19.7,16182,17.2,218,0.2,2204,2.3,-,-,85748,69122,80.6,20475,23.9,48647,56.7,16626,19.4,13968,16.3,439,0.5,2219,2.6,-,-,84573,69740,82.5,23525,27.8,46215,54.6,14833,17.5,12042,14.2,457,0.5,2334,2.8,-,-,83820,68970,82.3,25447,30.4,43523,51.9,14850,17.7,12313,14.7,467,0.6,2070,2.5,-,-,85421,67943,79.5,24694,28.9,43249,50.6,17478,20.5,14617,17.1,193,0.2,2668,3.1,-,-,90558,67922,75.0,22419,24.8,45503,50.2,22636,25.0,19832,21.9,143,0.2,2661,2.9,-,-,91839,70046,76.3,16182,17.6,53864,58.7,21793,23.7,18505,20.1,147,0.2,3141,3.4,-,-
"대한적십자사","충북",남자,73575,52089,70.8,8606,11.7,43483,59.1,21486,29.2,18630,25.3,106,0.1,2750,3.7,-,-,66760,52215,78.2,8189,12.3,44026,65.9,14545,21.8,11787,17.7,147,0.2,2611,3.9,-,-,71989,54006,75.0,8491,11.8,45515,63.2,17983,25.0,15616,21.7,222,0.3,2145,3.0,-,-,71508,53696,75.1,7628,10.7,46068,64.4,17812,24.9,15621,21.8,208,0.3,1983,2.8,-,-,70263,54776,78.0,8204,11.7,46572,66.3,15487,22.0,13117,18.7,167,0.2,2203,3.1,-,-,65938,51770,78.5,4867,7.4,46903,71.1,14168,21.5,11566,17.5,384,0.6,2218,3.4,-,-,63824,51232,80.3,5953,9.3,45279,70.9,12592,19.7,9894,15.5,374,0.6,2324,3.6,-,-,61230,48459,79.1,5403,8.8,43056,70.3,12771,20.9,10297,16.8,420,0.7,2054,3.4,-,-,63581,48661,76.5,5678,8.9,42983,67.6,14920,23.5,12093,19.0,168,0.3,2659,4.2,-,-,67542,48378,71.6,5230,7.7,43148,63.9,19164,28.4,16400,24.3,117,0.2,2647,3.9,-,-,67830,49706,73.3,4139,6.1,45567,67.2,18124,26.7,14908,22.0,88,0.1,3128,4.6,-,-
"대한적십자사","충북",여자,26052,19423,74.6,13228,50.8,6195,23.8,6629,25.4,6602,25.3,8,-,19,0.1,-,-,22582,19498,86.3,13181,58.4,6317,28.0,3084,13.7,3047,13.5,34,0.2,3,-,-,-,23655,19719,83.4,13851,58.6,5868,24.8,3936,16.6,3926,16.6,10,-,-,-,-,-,22300,18840,84.5,14111,63.3,4729,21.2,3460,15.5,3422,15.3,36,0.2,2,-,-,-,23988,20871,87.0,18465,77.0,2406,10.0,3117,13.0,3065,12.8,51,0.2,1,-,-,-,19810,17352,87.6,15608,78.8,1744,8.8,2458,12.4,2402,12.1,55,0.3,1,-,-,-,20749,18508,89.2,17572,84.7,936,4.5,2241,10.8,2148,10.4,83,0.4,10,-,-,-,22590,20511,90.8,20044,88.7,467,2.1,2079,9.2,2016,8.9,47,0.2,16,0.1,-,-,21840,19282,88.3,19016,87.1,266,1.2,2558,11.7,2524,11.6,25,0.1,9,0.0,-,-,23016,19544,84.9,17189,74.7,2355,10.2,3472,15.1,3432,14.9,26,0.1,14,0.1,-,-,24009,20340,84.7,12043,50.2,8297,34.6,3669,15.3,3597,15.0,59,0.2,13,0.1,-,-
"대한적십자사","대전·세종·충남",계,249164,174468,70.0,60263,24.2,114205,45.8,74696,30.0,65177,26.2,41,-,9478,3.8,-,-,236491,183221,77.5,68818,29.1,114403,48.4,53270,22.5,42952,18.2,208,0.1,10110,4.3,-,-,241112,178935,74.2,69051,28.6,109884,45.6,62177,25.8,53429,22.2,155,0.1,8593,3.6,-,-,248323,184484,74.3,71431,28.8,113053,45.5,63839,25.7,55627,22.4,184,0.1,8028,3.2,-,-,248778,183788,73.9,73687,29.6,110101,44.3,64990,26.1,56037,22.5,320,0.1,8633,3.5,-,-,238825,179838,75.3,64418,27.0,115420,48.3,58987,24.7,48812,20.4,446,0.2,9729,4.1,-,-,233429,177351,76.0,66597,28.5,110754,47.4,56078,24.0,44164,18.9,794,0.3,11120,4.8,-,-,237156,174276,73.5,68118,28.7,106158,44.8,62880,26.5,50976,21.5,784,0.3,11120,4.7,-,-,234603,168067,71.6,62813,26.8,105254,44.9,66536,28.4,53710,22.9,573,0.2,12253,5.2,-,-,240976,163781,68.0,56465,23.4,107316,44.5,77195,32.0,66008,27.4,448,0.2,10739,4.5,-,-,240175,166247,69.2,40986,17.1,125261,52.2,73928,30.8,61212,25.5,624,0.3,12092,5.0,-,-
"대한적십자사","대전·세종·충남",남자,180633,126660,70.1,17203,9.5,109457,60.6,53973,29.9,44494,24.6,33,-,9446,5.2,-,-,171357,130869,76.4,19222,11.2,111647,65.2,40488,23.6,30264,17.7,137,0.1,10087,5.9,-,-,173478,126166,72.7,19641,11.3,106525,61.4,47312,27.3,38646,22.3,87,0.1,8579,4.9,-,-,178680,129253,72.3,18338,10.3,110915,62.1,49427,27.7,41303,23.1,115,0.1,8009,4.5,-,-,176499,125893,71.3,16689,9.5,109204,61.9,50606,28.7,41770,23.7,234,0.1,8602,4.9,-,-,171640,124584,72.6,9662,5.6,114922,67.0,47056,27.4,37146,21.6,206,0.1,9704,5.7,-,-,166881,121591,72.9,11285,6.8,110306,66.1,45290,27.1,33818,20.3,408,0.2,11064,6.6,-,-,165157,115736,70.1,9887,6.0,105849,64.1,49421,29.9,37941,23.0,414,0.3,11066,6.7,-,-,168393,115499,68.6,10529,6.3,104970,62.3,52894,31.4,40427,24.0,294,0.2,12173,7.2,-,-,171432,110462,64.4,9934,5.8,100528,58.6,60970,35.6,50099,29.2,218,0.1,10653,6.2,-,-,167569,110845,66.1,8261,4.9,102584,61.2,56724,33.9,44550,26.6,259,0.2,11915,7.1,-,-
"대한적십자사","대전·세종·충남",여자,68531,47808,69.8,43060,62.8,4748,6.9,20723,30.2,20683,30.2,8,-,32,-,-,-,65134,52352,80.4,49596,76.1,2756,4.2,12782,19.6,12688,19.5,71,0.1,23,-,-,-,67634,52769,78.0,49410,73.1,3359,5.0,14865,22.0,14783,21.9,68,0.1,14,-,-,-,69643,55231,79.3,53093,76.2,2138,3.1,14412,20.7,14324,20.6,69,0.1,19,-,-,-,72279,57895,80.1,56998,78.9,897,1.2,14384,19.9,14267,19.7,86,0.1,31,-,-,-,67185,55254,82.2,54756,81.5,498,0.7,11931,17.8,11666,17.4,240,0.4,25,-,-,-,66548,55760,83.8,55312,83.1,448,0.7,10788,16.2,10346,15.5,386,0.6,56,0.1,-,-,71999,58540,81.3,58231,80.9,309,0.4,13459,18.7,13035,18.1,370,0.5,54,0.1,-,-,66210,52568,79.4,52284,79.0,284,0.4,13642,20.6,13283,20.1,279,0.4,80,0.1,-,-,69544,53319,76.7,46531,66.9,6788,9.8,16225,23.3,15909,22.9,230,0.3,86,0.1,-,-,72606,55402,76.3,32725,45.1,22677,31.2,17204,23.7,16662,22.9,365,0.5,177,0.2,-,-
"대한적십자사","전북",계,128878,92378,71.7,35263,27.4,57115,44.3,36500,28.3,33941,26.3,97,0.1,2462,1.9,-,-,116104,90445,77.9,33453,28.8,56992,49.1,25659,22.1,21543,18.6,420,0.4,3696,3.2,-,-,114218,88240,77.3,32750,28.7,55490,48.6,25978,22.7,21531,18.9,695,0.6,3752,3.3,-,-,108582,85226,78.5,30524,28.1,54702,50.4,23356,21.5,18750,17.3,453,0.4,4153,3.8,-,-,108903,87713,80.5,32777,30.1,54936,50.4,21190,19.5,16136,14.8,551,0.5,4503,4.1,-,-,102770,83809,81.6,29632,28.8,54177,52.7,18961,18.4,13757,13.4,516,0.5,4688,4.6,-,-,102915,85173,82.8,31460,30.6,53713,52.2,17742,17.2,12140,11.8,588,0.6,5014,4.9,-,-,96964,77498,79.9,30506,31.5,46992,48.5,19466,20.1,14344,14.8,731,0.8,4391,4.5,-,-,100114,77237,77.1,29394,29.4,47843,47.8,22877,22.9,17086,17.1,530,0.5,5261,5.3,-,-,104626,75054,71.7,26163,25.0,48891,46.7,29572,28.3,23918,22.9,416,0.4,5238,5.0,-,-,108013,80007,74.1,22760,21.1,57247,53.0,28006,25.9,22089,20.5,547,0.5,5370,5.0,-,-
"대한적십자사","전북",남자,94813,68011,71.7,11396,12.0,56615,59.7,26802,28.3,24281,25.6,76,0.1,2445,2.6,-,-,87682,67756,77.3,11123,12.7,56633,64.6,19926,22.7,15931,18.2,318,0.4,3677,4.2,-,-,87191,66721,76.5,11721,13.4,55000,63.1,20470,23.5,16189,18.6,539,0.6,3742,4.3,-,-,82490,63723,77.2,10513,12.7,53210,64.5,18767,22.8,14306,17.3,328,0.4,4133,5.0,-,-,81328,63926,78.6,10645,13.1,53281,65.5,17402,21.4,12515,15.4,408,0.5,4479,5.5,-,-,76352,60881,79.7,7763,10.2,53118,69.6,15471,20.3,10514,13.8,282,0.4,4675,6.1,-,-,76286,61511,80.6,8466,11.1,53045,69.5,14775,19.4,9460,12.4,316,0.4,4999,6.6,-,-,69236,53496,77.3,7061,10.2,46435,67.1,15740,22.7,10945,15.8,414,0.6,4381,6.3,-,-,72737,54741,75.3,7278,10.0,47463,65.3,17996,24.7,12577,17.3,203,0.3,5216,7.2,-,-,75244,51632,68.6,6764,9.0,44868,59.6,23612,31.4,18219,24.2,185,0.2,5208,6.9,-,-,77234,54975,71.2,6713,8.7,48262,62.5,22259,28.8,16720,21.6,228,0.3,5311,6.9,-,-
"대한적십자사","전북",여자,34065,24367,71.5,23867,70.1,500,1.5,9698,28.5,9660,28.4,21,0.1,17,-,-,-,28422,22689,79.8,22330,78.6,359,1.3,5733,20.2,5612,19.7,102,0.4,19,0.1,-,-,27027,21519,79.6,21029,77.8,490,1.8,5508,20.4,5342,19.8,156,0.6,10,-,-,-,26092,21503,82.4,20011,76.7,1492,5.7,4589,17.6,4444,17.0,125,0.5,20,0.1,-,-,27575,23787,86.3,22132,80.3,1655,6.0,3788,13.7,3621,13.1,143,0.5,24,0.1,-,-,26418,22928,86.8,21869,82.8,1059,4.0,3490,13.2,3243,12.3,234,0.9,13,-,-,-,26629,23662,88.9,22994,86.3,668,2.5,2967,11.1,2680,10.1,272,1.0,15,0.1,-,-,27728,24002,86.6,23445,84.6,557,2.0,3726,13.4,3399,12.3,317,1.1,10,0.0,-,-,27377,22496,82.2,22116,80.8,380,1.4,4881,17.8,4509,16.5,327,1.2,45,0.2,-,-,29382,23422,79.7,19399,66.0,4023,13.7,5960,20.3,5699,19.4,231,0.8,30,0.1,-,-,30779,25032,81.3,16047,52.1,8985,29.2,5747,18.7,5369,17.4,319,1.0,59,0.2,-,-
"대한적십자사","광주·전남",계,221529,146233,66.0,72385,32.7,73848,33.3,75296,34.0,62732,28.3,417,0.2,12147,5.5,-,-,202083,148186,73.3,71818,35.5,76368,37.8,53897,26.7,40700,20.1,763,0.4,12434,6.2,-,-,220266,157278,71.4,73577,33.4,83701,38.0,62988,28.6,51264,23.3,390,0.2,11334,5.1,-,-,206743,150676,72.9,67175,32.5,83501,40.4,56067,27.1,46081,22.3,357,0.2,9629,4.7,-,-,206605,153300,74.2,66403,32.1,86897,42.1,53305,25.8,42648,20.6,487,0.2,10170,4.9,-,-,183153,136130,74.3,51489,28.1,84641,46.2,47023,25.7,35480,19.4,942,0.5,10601,5.8,-,-,185298,141758,76.5,55116,29.7,86642,46.8,43540,23.5,30711,16.6,1276,0.7,11553,6.2,-,-,189525,142358,75.1,57203,30.2,85155,44.9,47167,24.9,34770,18.3,972,0.5,11425,6.0,-,-,189087,137608,72.8,56261,29.8,81347,43.0,51479,27.2,37465,19.8,809,0.4,13205,7.0,-,-,192586,133177,69.2,48181,25.0,84996,44.1,59409,30.8,46766,24.3,764,0.4,11879,6.2,-,-,183217,131104,71.6,35000,19.1,96104,52.5,52113,28.4,39369,21.5,711,0.4,12033,6.6,-,-
"대한적십자사","광주·전남",남자,141809,90143,63.6,19324,13.6,70819,49.9,51666,36.4,39771,28.0,216,0.2,11679,8.2,-,-,133199,92710,69.6,19542,14.7,73168,54.9,40489,30.4,27954,21.0,246,0.2,12289,9.2,-,-,147667,102034,69.1,20668,14.0,81366,55.1,45633,30.9,34241,23.2,168,0.1,11224,7.6,-,-,141168,98336,69.7,17270,12.2,81066,57.4,42832,30.3,33144,23.5,156,0.1,9532,6.8,-,-,141682,100295,70.8,16780,11.8,83515,58.9,41387,29.2,31072,21.9,203,0.1,10112,7.1,-,-,127499,90037,70.6,9350,7.3,80687,63.3,37462,29.4,26476,20.8,443,0.3,10543,8.3,-,-,127598,92965,72.9,10373,8.1,82592,64.7,34633,27.1,22487,17.6,747,0.6,11399,8.9,-,-,124892,88115,70.6,8215,6.6,79900,64.0,36777,29.4,24917,20.0,514,0.4,11346,9.1,-,-,128962,87674,68.0,9651,7.5,78023,60.5,41288,32.0,27681,21.5,483,0.4,13124,10.2,-,-,131044,83988,64.1,9058,6.9,74930,57.2,47056,35.9,34768,26.5,488,0.4,11800,9.0,-,-,124065,82452,66.5,6609,5.3,75843,61.1,41613,33.5,29256,23.6,397,0.3,11960,9.6,-,-
"대한적십자사","광주·전남",여자,79720,56090,70.4,53061,66.6,3029,3.8,23630,29.6,22961,28.8,201,0.3,468,0.6,-,-,68884,55476,80.5,52276,75.9,3200,4.6,13408,19.5,12746,18.5,517,0.8,145,0.2,-,-,72599,55244,76.1,52909,72.9,2335,3.2,17355,23.9,17023,23.4,222,0.3,110,0.2,-,-,65575,52340,79.8,49905,76.1,2435,3.7,13235,20.2,12937,19.7,201,0.3,97,0.1,-,-,64923,53005,81.6,49623,76.4,3382,5.2,11918,18.4,11576,17.8,284,0.4,58,0.1,-,-,55654,46093,82.8,42139,75.7,3954,7.1,9561,17.2,9004,16.2,499,0.9,58,0.1,-,-,57700,48793,84.6,44743,77.5,4050,7.0,8907,15.4,8224,14.3,529,0.9,154,0.3,-,-,64633,54243,83.9,48988,75.8,5255,8.1,10390,16.1,9853,15.2,458,0.7,79,0.1,-,-,60125,49934,83.1,46610,77.5,3324,5.5,10191,16.9,9784,16.3,326,0.5,81,0.1,-,-,61542,49189,79.9,39123,63.6,10066,16.4,12353,20.1,11998,19.5,276,0.4,79,0.1,-,-,59152,48652,82.2,28391,48.0,20261,34.3,10500,17.8,10113,17.1,314,0.5,73,0.1,-,-
"대한적십자사","경남",계,135724,104539,77.0,40242,29.6,64297,47.4,31185,23.0,26882,19.8,198,0.1,4105,3.0,-,-,127724,104468,81.8,38301,30.0,66167,51.8,23256,18.2,18531,14.5,153,0.1,4572,3.6,-,-,130495,105768,81.1,40381,30.9,65387,50.1,24727,18.9,20274,15.5,119,0.1,4334,3.3,-,-,134719,109277,81.1,43551,32.3,65726,48.8,25442,18.9,21215,15.7,98,0.1,4129,3.1,-,-,132957,108764,81.8,43590,32.8,65174,49.0,24193,18.2,19836,14.9,102,0.1,4255,3.2,-,-,131089,107301,81.9,36328,27.7,70973,54.1,23788,18.1,18694,14.3,219,0.2,4875,3.7,-,-,124647,101791,81.7,35036,28.1,66755,53.6,22856,18.3,16969,13.6,329,0.3,5558,4.5,-,-,123250,98608,80.0,34678,28.1,63930,51.9,24642,20.0,19154,15.5,552,0.4,4936,4.0,-,-,129093,101282,78.5,34850,27.0,66432,51.5,27811,21.5,22791,17.7,492,0.4,4528,3.5,-,-,136511,103507,75.8,33523,24.6,69984,51.3,33004,24.2,27980,20.5,255,0.2,4769,3.5,-,-,135001,103697,76.8,26162,19.4,77535,57.4,31304,23.2,25589,19.0,302,0.2,5413,4.0,-,-
"대한적십자사","경남",남자,106235,81377,76.6,17107,16.1,64270,60.5,24858,23.4,20596,19.4,175,0.2,4087,3.8,-,-,100136,80690,80.6,15344,15.3,65346,65.3,19446,19.4,14759,14.7,115,0.1,4572,4.6,-,-,101365,80681,79.6,16709,16.5,63972,63.1,20684,20.4,16269,16.0,82,0.1,4333,4.3,-,-,102900,81473,79.2,16101,15.6,65372,63.5,21427,20.8,17242,16.8,61,0.1,4124,4.0,-,-,101395,80738,79.6,15900,15.7,64838,63.9,20657,20.4,16350,16.1,61,0.1,4246,4.2,-,-,100405,80121,79.8,9793,9.8,70328,70.0,20284,20.2,15289,15.2,135,0.1,4860,4.8,-,-,95004,75390,79.4,9089,9.6,66301,69.8,19614,20.6,13847,14.6,220,0.2,5547,5.8,-,-,92168,71399,77.5,7913,8.6,63486,68.9,20769,22.5,15389,16.7,446,0.5,4934,5.4,-,-,99097,75763,76.5,9552,9.6,66211,66.8,23334,23.5,18433,18.6,373,0.4,4528,4.6,-,-,103116,75382,73.1,9465,9.2,65917,63.9,27734,26.9,22786,22.1,192,0.2,4756,4.6,-,-,100392,74370,74.1,7028,7.0,67342,67.1,26022,25.9,20455,20.4,168,0.2,5399,5.4,-,-
"대한적십자사","경남",여자,29489,23162,78.5,23135,78.5,27,0.1,6327,21.5,6286,21.3,23,0.1,18,0.1,-,-,27588,23778,86.2,22957,83.2,821,3.0,3810,13.8,3772,13.7,38,0.1,-,-,-,-,29130,25087,86.1,23672,81.3,1415,4.9,4043,13.9,4005,13.7,37,0.1,1,-,-,-,31819,27804,87.4,27450,86.3,354,1.1,4015,12.6,3973,12.5,37,0.1,5,-,-,-,31562,28026,88.8,27690,87.7,336,1.1,3536,11.2,3486,11.0,41,0.1,9,-,-,-,30684,27180,88.6,26535,86.5,645,2.1,3504,11.4,3405,11.1,84,0.3,15,-,-,-,29643,26401,89.1,25947,87.5,454,1.5,3242,10.9,3122,10.5,109,0.4,11,0.0,-,-,31082,27209,87.5,26765,86.1,444,1.4,3873,12.5,3765,12.1,106,0.3,2,0.0,-,-,29996,25519,85.1,25298,84.3,221,0.7,4477,14.9,4358,14.5,119,0.4,-,-,-,-,33395,28125,84.2,24058,72.0,4067,12.2,5270,15.8,5194,15.6,63,0.2,13,0.0,-,-,34609,29327,84.7,19134,55.3,10193,29.5,5282,15.3,5134,14.8,134,0.4,14,0.0,-,-
"대한적십자사","제주",계,40676,29137,71.6,14989,36.8,14148,34.8,11539,28.4,8983,22.1,80,0.2,2476,6.1,-,-,35806,28728,80.2,14348,40.1,14380,40.2,7078,19.8,3914,10.9,90,0.3,3074,8.6,-,-,37804,28417,75.2,12922,34.2,15495,41.0,9387,24.8,6491,17.2,93,0.2,2803,7.4,-,-,34264,27447,80.1,12094,35.3,15353,44.8,6817,19.9,4848,14.1,23,0.1,1946,5.7,-,-,35973,27685,77.0,12946,36.0,14739,41.0,8288,23.0,5792,16.1,47,0.1,2449,6.8,-,-,41673,30920,74.2,13044,31.3,17876,42.9,10753,25.8,7443,17.9,76,0.2,3234,7.8,-,-,42035,32578,77.5,13850,32.9,18728,44.6,9457,22.5,5926,14.1,129,0.3,3402,8.1,-,-,41748,30280,72.5,13068,31.3,17212,41.2,11468,27.5,7394,17.7,135,0.3,3939,9.4,-,-,47103,33393,70.9,14469,30.7,18924,40.2,13710,29.1,8837,18.8,192,0.4,4681,9.9,-,-,49495,33936,68.6,14082,28.5,19854,40.1,15559,31.4,11277,22.8,146,0.3,4136,8.4,-,-,48060,33235,69.2,8868,18.5,24367,50.7,14825,30.8,10570,22.0,146,0.3,4109,8.5,-,-
"대한적십자사","제주",남자,25685,17603,68.5,3458,13.5,14145,55.1,8082,31.5,5561,21.7,55,0.2,2466,9.6,-,-,23719,17767,74.9,3399,14.3,14368,60.6,5952,25.1,2850,12.0,39,0.2,3063,12.9,-,-,25714,18475,71.8,3059,11.9,15416,60.0,7239,28.2,4371,17.0,70,0.3,2798,10.9,-,-,24219,18659,77.0,3351,13.8,15308,63.2,5560,23.0,3597,14.9,19,0.1,1944,8.0,-,-,24651,18056,73.2,3328,13.5,14728,59.7,6595,26.8,4119,16.7,35,0.1,2441,9.9,-,-,29017,20478,70.6,2609,9.0,17869,61.6,8539,29.4,5294,18.2,39,0.1,3206,11.0,-,-,29466,21719,73.7,2992,10.2,18727,63.6,7747,26.3,4327,14.7,46,0.2,3374,11.5,-,-,28988,19848,68.5,2643,9.1,17205,59.4,9140,31.5,5182,17.9,42,0.1,3916,13.5,-,-,32532,21817,67.1,2912,9.0,18905,58.1,10715,32.9,6014,18.5,54,0.2,4647,14.3,-,-,34144,22108,64.7,3016,8.8,19092,55.9,12036,35.3,7891,23.1,31,0.1,4114,12.0,-,-,32507,21092,64.9,2362,7.3,18730,57.6,11415,35.1,7314,22.5,27,0.1,4074,12.5,-,-
"대한적십자사","제주",여자,14991,11534,76.9,11531,76.9,3,-,3457,23.1,3422,22.8,25,0.2,10,0.1,-,-,12087,10961,90.7,10949,90.6,12,0.1,1126,9.3,1064,8.8,51,0.4,11,0.1,-,-,12090,9942,82.2,9863,81.6,79,0.7,2148,17.8,2120,17.5,23,0.2,5,-,-,-,10045,8788,87.5,8743,87.0,45,0.4,1257,12.5,1251,12.5,4,-,2,-,-,-,11322,9629,85.0,9618,84.9,11,0.1,1693,15.0,1673,14.8,12,0.1,8,0.1,-,-,12656,10442,82.5,10435,82.5,7,0.1,2214,17.5,2149,17.0,37,0.3,28,0.2,-,-,12569,10859,86.4,10858,86.4,1,0.0,1710,13.6,1599,12.7,83,0.7,28,0.2,-,-,12760,10432,81.8,10425,81.7,7,0.1,2328,18.2,2212,17.3,93,0.7,23,0.2,-,-,14571,11576,79.4,11557,79.3,19,0.1,2995,20.6,2823,19.4,138,0.9,34,0.2,-,-,15351,11828,77.1,11066,72.1,762,5.0,3523,22.9,3386,22.1,115,0.7,22,0.1,-,-,15553,12143,78.1,6506,41.8,5637,36.2,3410,21.9,3256,20.9,119,0.8,35,0.2,-,-
"대한적십자사 외","소계",계,210762,151203,71.7,41487,19.7,109716,52.1,59559,28.3,29643,14.1,2444,1.2,26775,12.7,697,0.3,221149,157035,71.0,53166,24.0,103869,47.0,64114,29.0,31297,14.2,1737,0.8,30484,13.8,596,0.3,213851,151375,70.8,54464,25.5,96911,45.3,62476,29.2,31745,14.8,1158,0.5,28936,13.5,637,0.3,201659,146784,72.8,57852,28.7,88932,44.1,54875,27.2,30696,15.2,863,0.4,22789,11.3,527,0.3,177191,132099,74.6,54209,30.6,77890,44.0,45092,25.4,25530,14.4,570,0.3,18495,10.4,497,0.3,176191,129573,73.5,56375,32.0,73198,41.5,46618,26.5,21672,12.3,643,0.4,23851,13.5,452,0.3,177658,129914,73.1,60780,34.2,69134,38.9,47744,26.9,20757,11.7,710,0.4,25702,14.5,575,0.3,204004,157982,77.4,72082,35.3,85900,42.1,46022,22.6,20215,9.9,585,0.3,24757,12.1,465,0.2,234845,174431,74.3,65634,27.9,108797,46.3,60414,25.7,25576,10.9,735,0.3,33663,14.3,440,0.2,216378,149545,69.1,36986,17.1,112559,52.0,66833,30.9,28512,13.2,998,0.5,36728,17.0,595,0.3,204086,143434,70.3,46478,22.8,96956,47.5,60652,29.7,22695,11.1,712,0.3,36930,18.1,315,0.2
"대한적십자사 외","소계",남자,135665,89692,66.1,10003,7.4,79689,58.7,45973,33.9,18268,13.5,1518,1.1,25558,18.8,629,0.5,140818,90991,64.6,11838,8.4,79153,56.2,49827,35.4,18887,13.4,578,0.4,29829,21.2,533,0.4,143380,93101,64.9,12540,8.7,80561,56.2,50279,35.1,20716,14.4,552,0.4,28428,19.8,583,0.4,134139,88283,65.8,12095,9.0,76188,56.8,45856,34.2,22403,16.7,483,0.4,22501,16.8,469,0.3,127334,87976,69.1,14278,11.2,73698,57.9,39358,30.9,20198,15.9,378,0.3,18315,14.4,467,0.4,123326,82834,67.2,11539,9.4,71295,57.8,40492,32.8,16110,13.1,330,0.3,23612,19.1,440,0.4,123175,81261,66.0,13025,10.6,68236,55.4,41914,34.0,15644,12.7,338,0.3,25395,20.6,537,0.4,141062,100202,71.0,14934,10.6,85268,60.4,40860,29.0,15647,11.1,312,0.2,24488,17.4,413,0.3,163633,111712,68.3,11492,7.0,100220,61.2,51921,31.7,17924,11.0,310,0.2,33282,20.3,405,0.2,153393,95610,62.3,4777,3.1,90833,59.2,57783,37.7,20743,13.5,368,0.2,36133,23.6,539,0.4,139946,86009,61.5,5636,4.0,80373,57.4,53937,38.5,16978,12.1,255,0.2,36419,26.0,285,0.2
"대한적십자사 외","소계",여자,75097,61511,81.9,31484,41.9,30027,40.0,13586,18.1,11375,15.1,926,1.2,1217,1.6,68,0.1,80331,66044,82.2,41328,51.4,24716,30.8,14287,17.8,12410,15.4,1159,1.4,655,0.8,63,0.1,70471,58274,82.7,41924,59.5,16350,23.2,12197,17.3,11029,15.7,606,0.9,508,0.7,54,0.1,67520,58501,86.6,45757,67.8,12744,18.9,9019,13.4,8293,12.3,380,0.6,288,0.4,58,0.1,49857,44123,88.5,39931,80.1,4192,8.4,5734,11.5,5332,10.7,192,0.4,180,0.4,30,0.1,52865,46739,88.4,44836,84.8,1903,3.6,6126,11.6,5562,10.5,313,0.6,239,0.5,12,-,54483,48653,89.3,47755,87.7,898,1.6,5830,10.7,5113,9.4,372,0.7,307,0.6,38,0.1,62942,57780,91.8,57148,90.8,632,1.0,5162,8.2,4568,7.3,273,0.4,269,0.4,52,0.1,71212,62719,88.1,54142,76.0,8577,12.0,8493,11.9,7652,10.7,425,0.6,381,0.5,35,0.0,62985,53935,85.6,32209,51.1,21726,34.5,9050,14.4,7769,12.3,630,1.0,595,0.9,56,0.1,64140,57425,89.5,40842,63.7,16583,25.9,6715,10.5,5717,8.9,457,0.7,511,0.8,30,0.0
