"혈액원별(1)","혈액원별(2)",성별(1),2015,2015,2015,2015,2015,2015,2015,2015,2015,2015,2015,2015,2015,2015,2015,2015,2015,2015,2015,2015,2015,2015,2015,2015,2015,2016,2016,2016,2016,2016,2016,2016,2016,2016,2016,2016,2016,2016,2016,2016,2016,2016,2016,2016,2016,2016,2016,2016,2016,2016,2017,2017,2017,2017,2017,2017,2017,2017,2017,2017,2017,2017,2017,2017,2017,2017,2017,2017,2017,2017,2017,2017,2017,2017,2017,2018,2018,2018,2018,2018,2018,2018,2018,2018,2018,2018,2018,2018,2018,2018,2018,2018,2018,2018,2018,2018,2018,2018,2018,2018,2019,2019,2019,2019,2019,2019,2019,2019,2019,2019,2019,2019,2019,2019,2019,2019,2019,2019,2019,2019,2019,2019,2019,2019,2019,2020,2020,2020,2020,2020,2020,2020,2020,2020,2020,2020,2020,2020,2020,2020,2020,2020,2020,2020,2020,2020,2020,2020,2020,2020,2021,2021,2021,2021,2021,2021,2021,2021,2021,2021,2021,2021,2021,2021,2021,2021,2021,2021,2021,2021,2021,2021,2021,2021,2021,2022,2022,2022,2022,2022,2022,2022,2022,2022,2022,2022,2022,2022,2022,2022,2022,2022,2022,2022,2022,2022,2022,2022,2022,2022,2023,2023,2023,2023,2023,2023,2023,2023,2023,2023,2023,2023,2023,2023,2023,2023,2023,2023,2023,2023,2023,2023,2023,2023,2023,2024,2024,2024,2024,2024,2024,2024,2024,2024,2024,2024,2024,2024,2024,2024,2024,2024,2024,2024,2024,2024,2024,2024,2024,2024,2025,2025,2025,2025,2025,2025,2025,2025,2025,2025,2025,2025,2025,2025,2025,2025,2025,2025,2025,2025,2025,2025,2025,2025,2025
"혈액원별(1)","혈액원별(2)",성별(1),합계,1월,1월,2월,2월,3월,3월,4월,4월,5월,5월,6월,6월,7월,7월,8월,8월,9월,9월,10월,10월,11월,11월,12월,12월,합계,1월,1월,2월,2월,3월,3월,4월,4월,5월,5월,6월,6월,7월,7월,8월,8월,9월,9월,10월,10월,11월,11월,12월,12월,합계,1월,1월,2월,2월,3월,3월,4월,4월,5월,5월,6월,6월,7월,7월,8월,8월,9월,9월,10월,10월,11월,11월,12월,12월,합계,1월,1월,2월,2월,3월,3월,4월,4월,5월,5월,6월,6월,7월,7월,8월,8월,9월,9월,10월,10월,11월,11월,12월,12월,합계,1월,1월,2월,2월,3월,3월,4월,4월,5월,5월,6월,6월,7월,7월,8월,8월,9월,9월,10월,10월,11월,11월,12월,12월,합계,1월,1월,2월,2월,3월,3월,4월,4월,5월,5월,6월,6월,7월,7월,8월,8월,9월,9월,10월,10월,11월,11월,12월,12월,합계,1월,1월,2월,2월,3월,3월,4월,4월,5월,5월,6월,6월,7월,7월,8월,8월,9월,9월,10월,10월,11월,11월,12월,12월,합계,1월,1월,2월,2월,3월,3월,4월,4월,5월,5월,6월,6월,7월,7월,8월,8월,9월,9월,10월,10월,11월,11월,12월,12월,합계,1월,1월,2월,2월,3월,3월,4월,4월,5월,5월,6월,6월,7월,7월,8월,8월,9월,9월,10월,10월,11월,11월,12월,12월,합계,1월,1월,2월,2월,3월,3월,4월,4월,5월,5월,6월,6월,7월,7월,8월,8월,9월,9월,10월,10월,11월,11월,12월,12월,합계,1월,1월,2월,2월,3월,3월,4월,4월,5월,5월,6월,6월,7월,7월,8월,8월,9월,9월,10월,10월,11월,11월,12월,12월
"혈액원별(1)","혈액원별(2)",성별(1),실적 (건),실적 (건),구성비 (%),실적 (건),구성비 (%),실적 (건),구성비 (%),실적 (건),구성비 (%),실적 (건),구성비 (%),실적 (건),구성비 (%),실적 (건),구성비 (%),실적 (건),구성비 (%),실적 (건),구성비 (%),실적 (건),구성비 (%),실적 (건),구성비 (%),실적 (건),구성비 (%),실적 (건),실적 (건),구성비 (%),실적 (건),구성비 (%),실적 (건),구성비 (%),실적 (건),구성비 (%),실적 (건),구성비 (%),실적 (건),구성비 (%),실적 (건),구성비 (%),실적 (건),구성비 (%),실적 (건),구성비 (%),실적 (건),구성비 (%),실적 (건),구성비 (%),실적 (건),구성비 (%),실적 (건),실적 (건),구성비 (%),실적 (건),구성비 (%),실적 (건),구성비 (%),실적 (건),구성비 (%),실적 (건),구성비 (%),실적 (건),구성비 (%),실적 (건),구성비 (%),실적 (건),구성비 (%),실적 (건),구성비 (%),실적 (건),구성비 (%),실적 (건),구성비 (%),실적 (건),구성비 (%),실적 (건),실적 (건),구성비 (%),실적 (건),구성비 (%),실적 (건),구성비 (%),실적 (건),구성비 (%),실적 (건),구성비 (%),실적 (건),구성비 (%),실적 (건),구성비 (%),실적 (건),구성비 (%),실적 (건),구성비 (%),실적 (건),구성비 (%),실적 (건),구성비 (%),실적 (건),구성비 (%),실적 (건),실적 (건),구성비 (%),실적 (건),구성비 (%),실적 (건),구성비 (%),실적 (건),구성비 (%),실적 (건),구성비 (%),실적 (건),구성비 (%),실적 (건),구성비 (%),실적 (건),구성비 (%),실적 (건),구성비 (%),실적 (건),구성비 (%),실적 (건),구성비 (%),실적 (건),구성비 (%),실적 (건),실적 (건),구성비 (%),실적 (건),구성비 (%),실적 (건),구성비 (%),실적 (건),구성비 (%),실적 (건),구성비 (%),실적 (건),구성비 (%),실적 (건),구성비 (%),실적 (건),구성비 (%),실적 (건),구성비 (%),실적 (건),구성비 (%),실적 (건),구성비 (%),실적 (건),구성비 (%),실적 (건),실적 (건),구성비 (%),실적 (건),구성비 (%),실적 (건),구성비 (%),실적 (건),구성비 (%),실적 (건),구성비 (%),실적 (건),구성비 (%),실적 (건),구성비 (%),실적 (건),구성비 (%),실적 (건),구성비 (%),실적 (건),구성비 (%),실적 (건),구성비 (%),실적 (건),구성비 (%),실적 (건),실적 (건),구성비 (%),실적 (건),구성비 (%),실적 (건),구성비 (%),실적 (건),구성비 (%),실적 (건),구성비 (%),실적 (건),구성비 (%),실적 (건),구성비 (%),실적 (건),구성비 (%),실적 (건),구성비 (%),실적 (건),구성비 (%),실적 (건),구성비 (%),실적 (건),구성비 (%),실적 (건),실적 (건),구성비 (%),실적 (건),구성비 (%),실적 (건),구성비 (%),실적 (건),구성비 (%),실적 (건),구성비 (%),실적 (건),구성비 (%),실적 (건),구성비 (%),실적 (건),구성비 (%),실적 (건),구성비 (%),실적 (건),구성비 (%),실적 (건),구성비 (%),실적 (건),구성비 (%),실적 (건),실적 (건),구성비 (%),실적 (건),구성비 (%),실적 (건),구성비 (%),실적 (건),구성비 (%),실적 (건),구성비 (%),실적 (건),구성비 (%),실적 (건),구성비 (%),실적 (건),구성비 (%),실적 (건),구성비 (%),실적 (건),구성비 (%),실적 (건),구성비 (%),실적 (건),구성비 (%),실적 (건),실적 (건),구성비 (%),실적 (건),구성비 (%),실적 (건),구성비 (%),실적 (건),구성비 (%),실적 (건),구성비 (%),실적 (건),구성비 (%),실적 (건),구성비 (%),실적 (건),구성비 (%),실적 (건),구성비 (%),실적 (건),구성비 (%),실적 (건),구성비 (%),실적 (건),구성비 (%)
"합계","소계",계,3082918,257355,8.3,211203,6.9,264282,8.6,253150,8.2,276784,9.0,245719,8.0,274766,8.9,257409,8.3,249808,8.1,272533,8.8,266969,8.7,252940,8.2,2866330,248426,8.7,202169,7.1,253121,8.8,237131,8.3,251621,8.8,223390,7.8,244890,8.5,228521,8.0,218522,7.6,256912,9.0,248332,8.7,253295,8.8,2928670,219578,7.5,219624,7.5,255102,8.7,234293,8.0,279611,9.5,233108,8.0,262994,9.0,247719,8.5,246422,8.4,221593,7.6,253468,8.7,255158,8.7,2883270,237893,8.3,208722,7.2,257191,8.9,237446,8.2,265300,9.2,228152,7.9,248124,8.6,230871,8.0,228858,7.9,240652,8.3,265668,9.2,234393,8.1,2791092,238712,8.6,197949,7.1,234119,8.4,228082,8.2,254986,9.1,224933,8.1,243983,8.7,235244,8.4,212622,7.6,239142,8.6,244865,8.8,236455,8.5,2611401,206758,7.9,199657,7.6,208239,8.0,193247,7.4,231927,8.9,226746,8.7,231564,8.9,224448,8.6,215954,8.3,216183,8.3,222658,8.5,234020,9.0,2604437,213118,8.2,189312,7.3,233403,9.0,215655,8.3,229930,8.8,212800,8.2,217441,8.3,214344,8.2,206859,7.9,208673,8.0,226440,8.7,236462,9.1,2649007,189598,7.2,179817,6.8,194685,7.3,227266,8.6,250118,9.4,215279,8.1,218473,8.2,216294,8.2,231658,8.7,235667,8.9,243440,9.2,246712,9.3,2776291,200795,7.2,209081,7.5,234387,8.4,220845,8.0,243688,8.8,232351,8.4,241955,8.7,239981,8.6,221477,8.0,235757,8.5,245270,8.8,250704,9.0,2855540,234109,8.2,218763,7.7,225443,7.9,228965,8.0,248325,8.7,233745,8.2,246981,8.6,239250,8.4,231908,8.1,241087,8.4,255373,8.9,251591,8.8,2839632,204853,7.2,219440,7.7,238294,8.4,233785,8.2,253723,8.9,241358,8.5,254046,8.9,242172,8.5,238785,8.4,225129,7.9,240244,8.5,247803,8.7
"합계","소계",남자,2165411,185215,8.6,151639,7.0,186387,8.6,178722,8.3,190716,8.8,173529,8.0,194417,9.0,180552,8.3,171965,7.9,188337,8.7,183686,8.5,180246,8.3,2066926,184649,8.9,149430,7.2,181407,8.8,172487,8.3,176990,8.6,162195,7.8,175436,8.5,167876,8.1,157257,7.6,181654,8.8,174568,8.4,182977,8.9,2132241,165943,7.8,163498,7.7,188460,8.8,170862,8.0,196491,9.2,170532,8.0,191472,9.0,180950,8.5,176480,8.3,160708,7.5,181718,8.5,185127,8.7,2106912,178490,8.5,155338,7.4,190658,9.0,171745,8.2,189225,9.0,165865,7.9,181998,8.6,170971,8.1,165388,7.8,173967,8.3,191179,9.1,172088,8.2,2036566,179806,8.8,150156,7.4,175514,8.6,169332,8.3,178042,8.7,163572,8.0,174832,8.6,169943,8.3,153758,7.5,169358,8.3,177495,8.7,174758,8.6,1916444,157201,8.2,147419,7.7,158505,8.3,146737,7.7,165974,8.7,167496,8.7,168603,8.8,160963,8.4,154938,8.1,158411,8.3,161702,8.4,168495,8.8,1895131,157066,8.3,139236,7.3,171347,9.0,158879,8.4,165241,8.7,151584,8.0,153311,8.1,156486,8.3,153353,8.1,153422,8.1,163283,8.6,171923,9.1,1876184,142408,7.6,129162,6.9,137215,7.3,154423,8.2,174230,9.3,151593,8.1,155645,8.3,150826,8.0,157647,8.4,165148,8.8,174726,9.3,183161,9.8,2008892,150058,7.5,150883,7.5,172351,8.6,161073,8.0,173579,8.6,167938,8.4,168535,8.4,166315,8.3,160121,8.0,173604,8.6,179994,9.0,184441,9.2,2058245,169780,8.2,155070,7.5,166827,8.1,167602,8.1,175513,8.5,168540,8.2,179193,8.7,174859,8.5,164873,8.0,175665,8.5,181631,8.8,178692,8.7,2000807,150867,7.5,159239,8.0,170275,8.5,166427,8.3,173402,8.7,166755,8.3,175947,8.8,171680,8.6,165846,8.3,158228,7.9,168458,8.4,173683,8.7
"합계","소계",여자,917507,72140,7.9,59564,6.5,77895,8.5,74428,8.1,86068,9.4,72190,7.9,80349,8.8,76857,8.4,77843,8.5,84196,9.2,83283,9.1,72694,7.9,799404,63777,8.0,52739,6.6,71714,9.0,64644,8.1,74631,9.3,61195,7.7,69454,8.7,60645,7.6,61265,7.7,75258,9.4,73764,9.2,70318,8.8,796429,53635,6.7,56126,7.0,66642,8.4,63431,8.0,83120,10.4,62576,7.9,71522,9.0,66769,8.4,69942,8.8,60885,7.6,71750,9.0,70031,8.8,776358,59403,7.7,53384,6.9,66533,8.6,65701,8.5,76075,9.8,62287,8.0,66126,8.5,59900,7.7,63470,8.2,66685,8.6,74489,9.6,62305,8.0,754526,58906,7.8,47793,6.3,58605,7.8,58750,7.8,76944,10.2,61361,8.1,69151,9.2,65301,8.7,58864,7.8,69784,9.2,67370,8.9,61697,8.2,694957,49557,7.1,52238,7.5,49734,7.2,46510,6.7,65953,9.5,59250,8.5,62961,9.1,63485,9.1,61016,8.8,57772,8.3,60956,8.8,65525,9.4,709306,56052,7.9,50076,7.1,62056,8.7,56776,8.0,64689,9.1,61216,8.6,64130,9.0,57858,8.2,53506,7.5,55251,7.8,63157,8.9,64539,9.1,772823,47190,6.1,50655,6.6,57470,7.4,72843,9.4,75888,9.8,63686,8.2,62828,8.1,65468,8.5,74011,9.6,70519,9.1,68714,8.9,63551,8.2,767399,50737,6.6,58198,7.6,62036,8.1,59772,7.8,70109,9.1,64413,8.4,73420,9.6,73666,9.6,61356,8.0,62153,8.1,65276,8.5,66263,8.6,797295,64329,8.1,63693,8.0,58616,7.4,61363,7.7,72812,9.1,65205,8.2,67788,8.5,64391,8.1,67035,8.4,65422,8.2,73742,9.2,72899,9.1,838825,53986,6.4,60201,7.2,68019,8.1,67358,8.0,80321,9.6,74603,8.9,78099,9.3,70492,8.4,72939,8.7,66901,8.0,71786,8.6,74120,8.8
"대한적십자사","소계",계,2872156,241385,8.4,197593,6.9,246694,8.6,235752,8.2,257626,9.0,229270,8.0,256506,8.9,240135,8.4,232675,8.1,253160,8.8,246406,8.6,234954,8.2,2645181,231909,8.8,188187,7.1,234834,8.9,217217,8.2,230486,8.7,204236,7.7,225022,8.5,210655,8.0,202890,7.7,233040,8.8,230627,8.7,236078,8.9,2714819,203609,7.5,204429,7.5,236278,8.7,216101,8.0,257624,9.5,216420,8.0,244054,9.0,229286,8.4,228882,8.4,205464,7.6,235317,8.7,237355,8.7,2681611,221066,8.2,193180,7.2,241362,9.0,221319,8.3,246117,9.2,211546,7.9,228749,8.5,215089,8.0,212804,7.9,224639,8.4,248903,9.3,216837,8.1,2613901,223703,8.6,184775,7.1,220402,8.4,216020,8.3,239928,9.2,210563,8.1,229095,8.8,218973,8.4,199670,7.6,221125,8.5,228662,8.7,220985,8.5,2435210,194040,8.0,185968,7.6,190012,7.8,180470,7.4,216375,8.9,211916,8.7,215264,8.8,209860,8.6,202770,8.3,202821,8.3,208598,8.6,217116,8.9,2426779,200754,8.3,177855,7.3,218080,9.0,202033,8.3,214333,8.8,196943,8.1,201154,8.3,199282,8.2,193734,8.0,192817,7.9,210859,8.7,218935,9.0,2445003,175710,7.2,167062,6.8,180237,7.4,211704,8.7,230015,9.4,198520,8.1,199838,8.2,200798,8.2,215164,8.8,218191,8.9,223358,9.1,224406,9.2,2541446,185559,7.3,192577,7.6,214106,8.4,201248,7.9,220673,8.7,211462,8.3,222002,8.7,220857,8.7,204219,8.0,213210,8.4,225525,8.9,230008,9.1,2639162,214446,8.1,201020,7.6,208723,7.9,212131,8.0,230079,8.7,217424,8.2,228612,8.7,219984,8.3,214035,8.1,222076,8.4,237002,9.0,233630,8.9,2635546,188617,7.2,201592,7.6,221273,8.4,216739,8.2,236194,9.0,223791,8.5,236423,9.0,225388,8.6,221828,8.4,208764,7.9,224797,8.5,230140,8.7
"대한적십자사","소계",남자,2029746,175367,8.6,143057,7.0,175071,8.6,167062,8.2,178059,8.8,162726,8.0,182653,9.0,169636,8.4,160655,7.9,175810,8.7,170854,8.4,168796,8.3,1926108,174173,9.0,140686,7.3,169921,8.8,159691,8.3,163562,8.5,150010,7.8,162653,8.4,156721,8.1,147232,7.6,166618,8.7,163080,8.5,171761,8.9,1988861,155586,7.8,153601,7.7,176038,8.9,159017,8.0,182311,9.2,159477,8.0,178544,9.0,168922,8.5,164338,8.3,149410,7.5,169242,8.5,172375,8.7,1972773,166940,8.5,145460,7.4,180312,9.1,160889,8.2,176418,8.9,154958,7.9,169335,8.6,160694,8.1,154480,7.8,163155,8.3,179932,9.1,160200,8.1,1909232,169986,8.9,140922,7.4,164895,8.6,159926,8.4,166770,8.7,152614,8.0,163999,8.6,158985,8.3,144527,7.6,156894,8.2,166173,8.7,163541,8.6,1793118,148356,8.3,137908,7.7,145589,8.1,137687,7.7,155684,8.7,157459,8.8,157097,8.8,150767,8.4,145685,8.1,148718,8.3,151353,8.4,156815,8.7,1771956,148488,8.4,131262,7.4,160396,9.1,149200,8.4,154316,8.7,141072,8.0,141927,8.0,146422,8.3,144391,8.1,142232,8.0,152402,8.6,159848,9.0,1735122,132782,7.7,120469,6.9,127590,7.4,143738,8.3,160577,9.3,140116,8.1,142733,8.2,140118,8.1,146415,8.4,152696,8.8,160427,9.2,167461,9.7,1845259,139493,7.6,139468,7.6,158398,8.6,147320,8.0,157899,8.6,153091,8.3,154357,8.4,153097,8.3,147969,8.0,157978,8.6,166268,9.0,169921,9.2,1904852,156861,8.2,143012,7.5,154799,8.1,154948,8.1,162484,8.5,156669,8.2,165708,8.7,161148,8.5,152010,8.0,161989,8.5,169056,8.9,166168,8.7,1860861,139780,7.5,147208,7.9,158411,8.5,154924,8.3,161299,8.7,154871,8.3,163859,8.8,159821,8.6,154205,8.3,146731,7.9,158049,8.5,161703,8.7
"대한적십자사","소계",여자,842410,66018,7.8,54536,6.5,71623,8.5,68690,8.2,79567,9.4,66544,7.9,73853,8.8,70499,8.4,72020,8.5,77350,9.2,75552,9.0,66158,7.9,719073,57736,8.0,47501,6.6,64913,9.0,57526,8.0,66924,9.3,54226,7.5,62369,8.7,53934,7.5,55658,7.7,66422,9.2,67547,9.4,64317,8.9,725958,48023,6.6,50828,7.0,60240,8.3,57084,7.9,75313,10.4,56943,7.8,65510,9.0,60364,8.3,64544,8.9,56054,7.7,66075,9.1,64980,9.0,708838,54126,7.6,47720,6.7,61050,8.6,60430,8.5,69699,9.8,56588,8.0,59414,8.4,54395,7.7,58324,8.2,61484,8.7,68971,9.7,56637,8.0,704669,53717,7.6,43853,6.2,55507,7.9,56094,8.0,73158,10.4,57949,8.2,65096,9.2,59988,8.5,55143,7.8,64231,9.1,62489,8.9,57444,8.2,642092,45684,7.1,48060,7.5,44423,6.9,42783,6.7,60691,9.5,54457,8.5,58167,9.1,59093,9.2,57085,8.9,54103,8.4,57245,8.9,60301,9.4,654823,52266,8.0,46593,7.1,57684,8.8,52833,8.1,60017,9.2,55871,8.5,59227,9.0,52860,8.1,49343,7.5,50585,7.7,58457,8.9,59087,9.0,709881,42928,6.0,46593,6.6,52647,7.4,67966,9.6,69438,9.8,58404,8.2,57105,8.0,60680,8.5,68749,9.7,65495,9.2,62931,8.9,56945,8.0,696187,46066,6.6,53109,7.6,55708,8.0,53928,7.7,62774,9.0,58371,8.4,67645,9.7,67760,9.7,56250,8.1,55232,7.9,59257,8.5,60087,8.6,734310,57585,7.8,58008,7.9,53924,7.3,57183,7.8,67595,9.2,60755,8.3,62904,8.6,58836,8.0,62025,8.4,60087,8.2,67946,9.3,67462,9.2,774685,48837,6.3,54384,7.0,62862,8.1,61815,8.0,74895,9.7,68920,8.9,72564,9.4,65567,8.5,67623,8.7,62033,8.0,66748,8.6,68437,8.8
"대한적십자사","서울중앙",계,-,-,-,-,-,-,-,-,-,-,-,-,-,-,-,-,-,-,-,-,-,-,-,-,-,-,-,-,-,-,-,-,-,-,-,-,-,-,-,-,-,-,-,-,-,-,-,-,-,-,-,-,-,-,-,-,-,-,-,-,-,-,-,-,-,-,-,-,-,-,-,-,-,-,-,266577,24809,9.3,21466,8.1,24965,9.4,21216,8.0,23482,8.8,20849,7.8,23081,8.7,21418,8.0,20296,7.6,20955,7.9,23259,8.7,20781,7.8,251035,23563,9.4,20152,8.0,21413,8.5,19073,7.6,22053,8.8,20303,8.1,21494,8.6,21049,8.4,17480,7.0,20593,8.2,22291,8.9,21571,8.6,222024,19831,8.9,19338,8.7,16287,7.3,17709,8.0,21178,9.5,19808,8.9,18910,8.5,18013,8.1,17119,7.7,17867,8.0,17326,7.8,18638,8.4,216484,17856,8.2,15957,7.4,18848,8.7,17388,8.0,18309,8.5,18324,8.5,17258,8.0,17457,8.1,17517,8.1,18475,8.5,19177,8.9,19918,9.2,223617,16737,7.5,15484,6.9,15751,7.0,19789,8.8,19751,8.8,17572,7.9,19134,8.6,17759,7.9,18876,8.4,20520,9.2,21203,9.5,21041,9.4,234465,17767,7.6,17500,7.5,19452,8.3,18356,7.8,19698,8.4,20341,8.7,21354,9.1,20483,8.7,18155,7.7,18959,8.1,21248,9.1,21152,9.0,239464,20190,8.4,18408,7.7,19010,7.9,18842,7.9,21229,8.9,19398,8.1,19891,8.3,19342,8.1,19743,8.2,20135,8.4,21811,9.1,21465,9.0,236033,17253,7.3,18807,8.0,19184,8.1,18890,8.0,21061,8.9,20320,8.6,20274,8.6,19743,8.4,18567,7.9,19403,8.2,21489,9.1,21042,8.9
"대한적십자사","서울중앙",남자,-,-,-,-,-,-,-,-,-,-,-,-,-,-,-,-,-,-,-,-,-,-,-,-,-,-,-,-,-,-,-,-,-,-,-,-,-,-,-,-,-,-,-,-,-,-,-,-,-,-,-,-,-,-,-,-,-,-,-,-,-,-,-,-,-,-,-,-,-,-,-,-,-,-,-,195481,18294,9.4,16125,8.2,18754,9.6,15027,7.7,16767,8.6,15267,7.8,16762,8.6,15900,8.1,14913,7.6,15447,7.9,16848,8.6,15377,7.9,182916,17764,9.7,15394,8.4,16431,9.0,14027,7.7,15010,8.2,15120,8.3,15038,8.2,14955,8.2,12827,7.0,14326,7.8,16174,8.8,15850,8.7,157832,14962,9.5,13906,8.8,11544,7.3,13182,8.4,14771,9.4,14497,9.2,13067,8.3,12471,7.9,11716,7.4,12679,8.0,12304,7.8,12733,8.1,155322,13058,8.4,11669,7.5,13499,8.7,12568,8.1,13158,8.5,12837,8.3,12108,7.8,12277,7.9,12813,8.2,13159,8.5,13805,8.9,14371,9.3,155262,12521,8.1,10855,7.0,10930,7.0,13119,8.4,13715,8.8,12060,7.8,13062,8.4,11817,7.6,12658,8.2,13986,9.0,14776,9.5,15763,10.2,165697,13280,8.0,12269,7.4,14403,8.7,12522,7.6,13768,8.3,14156,8.5,13978,8.4,13696,8.3,12843,7.8,13851,8.4,15395,9.3,15536,9.4,168352,14846,8.8,12775,7.6,14184,8.4,13066,7.8,14482,8.6,13602,8.1,13650,8.1,13545,8.0,13609,8.1,14379,8.5,15180,9.0,15034,8.9,162116,12843,7.9,13524,8.3,13749,8.5,12624,7.8,13913,8.6,13857,8.5,13607,8.4,13357,8.2,12589,7.8,13071,8.1,14579,9.0,14403,8.9
"대한적십자사","서울중앙",여자,-,-,-,-,-,-,-,-,-,-,-,-,-,-,-,-,-,-,-,-,-,-,-,-,-,-,-,-,-,-,-,-,-,-,-,-,-,-,-,-,-,-,-,-,-,-,-,-,-,-,-,-,-,-,-,-,-,-,-,-,-,-,-,-,-,-,-,-,-,-,-,-,-,-,-,71096,6515,9.2,5341,7.5,6211,8.7,6189,8.7,6715,9.4,5582,7.9,6319,8.9,5518,7.8,5383,7.6,5508,7.7,6411,9.0,5404,7.6,68119,5799,8.5,4758,7.0,4982,7.3,5046,7.4,7043,10.3,5183,7.6,6456,9.5,6094,8.9,4653,6.8,6267,9.2,6117,9.0,5721,8.4,64192,4869,7.6,5432,8.5,4743,7.4,4527,7.1,6407,10.0,5311,8.3,5843,9.1,5542,8.6,5403,8.4,5188,8.1,5022,7.8,5905,9.2,61162,4798,7.8,4288,7.0,5349,8.7,4820,7.9,5151,8.4,5487,9.0,5150,8.4,5180,8.5,4704,7.7,5316,8.7,5372,8.8,5547,9.1,68355,4216,6.2,4629,6.8,4821,7.1,6670,9.8,6036,8.8,5512,8.1,6072,8.9,5942,8.7,6218,9.1,6534,9.6,6427,9.4,5278,7.7,68768,4487,6.5,5231,7.6,5049,7.3,5834,8.5,5930,8.6,6185,9.0,7376,10.7,6787,9.9,5312,7.7,5108,7.4,5853,8.5,5616,8.2,71112,5344,7.5,5633,7.9,4826,6.8,5776,8.1,6747,9.5,5796,8.2,6241,8.8,5797,8.2,6134,8.6,5756,8.1,6631,9.3,6431,9.0,73917,4410,6.0,5283,7.1,5435,7.4,6266,8.5,7148,9.7,6463,8.7,6667,9.0,6386,8.6,5978,8.1,6332,8.6,6910,9.3,6639,9.0
"대한적십자사","서울서부",계,332287,29504,8.9,24246,7.3,27806,8.4,27163,8.2,30592,9.2,26697,8.0,29102,8.8,29479,8.9,25199,7.6,28766,8.7,28138,8.5,25595,7.7,291236,29223,10.0,23895,8.2,27372,9.4,22931,7.9,26714,9.2,21301,7.3,24924,8.6,20804,7.1,19758,6.8,24207,8.3,24728,8.5,25379,8.7,277348,23689,8.5,21820,7.9,24201,8.7,20490,7.4,27285,9.8,21355,7.7,24686,8.9,23254,8.4,21456,7.7,20437,7.4,24266,8.7,24409,8.8,-,-,-,-,-,-,-,-,-,-,-,-,-,-,-,-,-,-,-,-,-,-,-,-,-,-,-,-,-,-,-,-,-,-,-,-,-,-,-,-,-,-,-,-,-,-,-,-,-,-,-,-,-,-,-,-,-,-,-,-,-,-,-,-,-,-,-,-,-,-,-,-,-,-,-,-,-,-,-,-,-,-,-,-,-,-,-,-,-,-,-,-,-,-,-,-,-,-,-,-,-,-,-,-,-,-,-,-,-,-,-,-,-,-,-,-,-,-,-,-,-,-,-,-,-,-,-,-,-,-,-,-,-,-,-,-,-,-,-,-,-,-,-,-,-,-,-,-,-,-,-,-,-,-,-,-,-,-,-,-,-,-,-,-,-,-,-,-,-,-,-,-,-,-,-,-,-,-,-,-,-,-,-,-,-,-,-,-,-,-,-,-,-,-,-,-,-,-,-,-
"대한적십자사","서울서부",남자,231660,21505,9.3,16920,7.3,19340,8.3,19158,8.3,20715,8.9,18274,7.9,20449,8.8,20214,8.7,17323,7.5,20680,8.9,18918,8.2,18164,7.8,210930,21893,10.4,17840,8.5,20097,9.5,16837,8.0,18959,9.0,15702,7.4,17811,8.4,15190,7.2,14034,6.7,17405,8.3,16799,8.0,18363,8.7,201838,17932,8.9,16052,8.0,18191,9.0,14363,7.1,19455,9.6,15613,7.7,17567,8.7,16816,8.3,15523,7.7,15389,7.6,17156,8.5,17781,8.8,-,-,-,-,-,-,-,-,-,-,-,-,-,-,-,-,-,-,-,-,-,-,-,-,-,-,-,-,-,-,-,-,-,-,-,-,-,-,-,-,-,-,-,-,-,-,-,-,-,-,-,-,-,-,-,-,-,-,-,-,-,-,-,-,-,-,-,-,-,-,-,-,-,-,-,-,-,-,-,-,-,-,-,-,-,-,-,-,-,-,-,-,-,-,-,-,-,-,-,-,-,-,-,-,-,-,-,-,-,-,-,-,-,-,-,-,-,-,-,-,-,-,-,-,-,-,-,-,-,-,-,-,-,-,-,-,-,-,-,-,-,-,-,-,-,-,-,-,-,-,-,-,-,-,-,-,-,-,-,-,-,-,-,-,-,-,-,-,-,-,-,-,-,-,-,-,-,-,-,-,-,-,-,-,-,-,-,-,-,-,-,-,-,-,-,-,-,-,-,-
"대한적십자사","서울서부",여자,100627,7999,7.9,7326,7.3,8466,8.4,8005,8.0,9877,9.8,8423,8.4,8653,8.6,9265,9.2,7876,7.8,8086,8.0,9220,9.2,7431,7.4,80306,7330,9.1,6055,7.5,7275,9.1,6094,7.6,7755,9.7,5599,7.0,7113,8.9,5614,7.0,5724,7.1,6802,8.5,7929,9.9,7016,8.7,75510,5757,7.6,5768,7.6,6010,8.0,6127,8.1,7830,10.4,5742,7.6,7119,9.4,6438,8.5,5933,7.9,5048,6.7,7110,9.4,6628,8.8,-,-,-,-,-,-,-,-,-,-,-,-,-,-,-,-,-,-,-,-,-,-,-,-,-,-,-,-,-,-,-,-,-,-,-,-,-,-,-,-,-,-,-,-,-,-,-,-,-,-,-,-,-,-,-,-,-,-,-,-,-,-,-,-,-,-,-,-,-,-,-,-,-,-,-,-,-,-,-,-,-,-,-,-,-,-,-,-,-,-,-,-,-,-,-,-,-,-,-,-,-,-,-,-,-,-,-,-,-,-,-,-,-,-,-,-,-,-,-,-,-,-,-,-,-,-,-,-,-,-,-,-,-,-,-,-,-,-,-,-,-,-,-,-,-,-,-,-,-,-,-,-,-,-,-,-,-,-,-,-,-,-,-,-,-,-,-,-,-,-,-,-,-,-,-,-,-,-,-,-,-,-,-,-,-,-,-,-,-,-,-,-,-,-,-,-,-,-,-,-
"대한적십자사","서울남부",계,224175,19998,8.9,15688,7.0,18908,8.4,18885,8.4,19532,8.7,18038,8.0,20273,9.0,19604,8.7,17654,7.9,19575,8.7,17915,8.0,18105,8.1,227144,19698,8.7,15979,7.0,19009,8.4,17262,7.6,17829,7.8,16573,7.3,18381,8.1,19775,8.7,17989,7.9,22242,9.8,20498,9.0,21909,9.6,246596,19955,8.1,19717,8.0,21340,8.7,19427,7.9,21368,8.7,18874,7.7,23512,9.5,22183,9.0,19080,7.7,18821,7.6,20579,8.3,21740,8.8,230499,20334,8.8,17261,7.5,21216,9.2,20239,8.8,19471,8.4,18164,7.9,20203,8.8,17416,7.6,17833,7.7,19437,8.4,20476,8.9,18449,8.0,214734,20384,9.5,16486,7.7,18033,8.4,17466,8.1,19845,9.2,16540,7.7,18762,8.7,17106,8.0,15224,7.1,18785,8.7,18454,8.6,17649,8.2,190301,17098,9.0,15223,8.0,16852,8.9,14481,7.6,16737,8.8,16845,8.9,17015,8.9,15429,8.1,14458,7.6,15197,8.0,14626,7.7,16340,8.6,176386,15178,8.6,13390,7.6,15559,8.8,14946,8.5,15692,8.9,14673,8.3,13464,7.6,14666,8.3,13364,7.6,14138,8.0,15249,8.6,16067,9.1,181841,13167,7.2,12484,6.9,13111,7.2,15396,8.5,17100,9.4,14786,8.1,15717,8.6,15905,8.7,15759,8.7,14806,8.1,15720,8.6,17890,9.8,196256,14634,7.5,14033,7.2,16600,8.5,15926,8.1,16579,8.4,16955,8.6,17632,9.0,17127,8.7,15529,7.9,15612,8.0,17136,8.7,18493,9.4,208152,17432,8.4,16683,8.0,15789,7.6,16554,8.0,17924,8.6,17287,8.3,17328,8.3,17131,8.2,16663,8.0,17542,8.4,17859,8.6,19960,9.6,210307,14287,6.8,16225,7.7,17311,8.2,17427,8.3,19006,9.0,18688,8.9,18171,8.6,18263,8.7,16972,8.1,16826,8.0,18259,8.7,18872,9.0
"대한적십자사","서울남부",남자,165554,14817,8.9,11605,7.0,14223,8.6,13981,8.4,14151,8.5,13482,8.1,14935,9.0,14077,8.5,12952,7.8,14519,8.8,13275,8.0,13537,8.2,169319,14816,8.8,12029,7.1,14043,8.3,13063,7.7,13137,7.8,12646,7.5,12997,7.7,14864,8.8,13041,7.7,16404,9.7,15565,9.2,16714,9.9,185180,15541,8.4,14900,8.0,15957,8.6,14802,8.0,15708,8.5,14448,7.8,17413,9.4,16793,9.1,13746,7.4,14004,7.6,15391,8.3,16477,8.9,173905,15630,9.0,13013,7.5,16379,9.4,14968,8.6,14415,8.3,13777,7.9,15424,8.9,12969,7.5,13254,7.6,14622,8.4,15594,9.0,13860,8.0,160320,15551,9.7,12389,7.7,13936,8.7,13246,8.3,14339,8.9,12323,7.7,13670,8.5,12398,7.7,11231,7.0,13756,8.6,14014,8.7,13467,8.4,144323,13434,9.3,11344,7.9,13158,9.1,11352,7.9,12313,8.5,12712,8.8,12770,8.8,11582,8.0,10853,7.5,11591,8.0,11063,7.7,12151,8.4,132869,11473,8.6,10214,7.7,11926,9.0,11402,8.6,11946,9.0,11116,8.4,9706,7.3,10603,8.0,10332,7.8,10639,8.0,11431,8.6,12081,9.1,132872,10087,7.6,9184,6.9,9537,7.2,10818,8.1,12537,9.4,11044,8.3,11572,8.7,10870,8.2,10967,8.3,10736,8.1,11843,8.9,13677,10.3,147219,11298,7.7,10520,7.1,12796,8.7,11764,8.0,12404,8.4,12709,8.6,12598,8.6,12077,8.2,11689,7.9,12225,8.3,13044,8.9,14095,9.6,153161,12826,8.4,11869,7.7,12231,8.0,12116,7.9,13167,8.6,12666,8.3,12792,8.4,12574,8.2,12125,7.9,13184,8.6,13164,8.6,14447,9.4,149438,10638,7.1,11790,7.9,12786,8.6,12337,8.3,13121,8.8,12778,8.6,12982,8.7,12659,8.5,12003,8.0,11927,8.0,12771,8.5,13646,9.1
"대한적십자사","서울남부",여자,58621,5181,8.8,4083,7.0,4685,8.0,4904,8.4,5381,9.2,4556,7.8,5338,9.1,5527,9.4,4702,8.0,5056,8.6,4640,7.9,4568,7.8,57825,4882,8.4,3950,6.8,4966,8.6,4199,7.3,4692,8.1,3927,6.8,5384,9.3,4911,8.5,4948,8.6,5838,10.1,4933,8.5,5195,9.0,61416,4414,7.2,4817,7.8,5383,8.8,4625,7.5,5660,9.2,4426,7.2,6099,9.9,5390,8.8,5334,8.7,4817,7.8,5188,8.4,5263,8.6,56594,4704,8.3,4248,7.5,4837,8.5,5271,9.3,5056,8.9,4387,7.8,4779,8.4,4447,7.9,4579,8.1,4815,8.5,4882,8.6,4589,8.1,54414,4833,8.9,4097,7.5,4097,7.5,4220,7.8,5506,10.1,4217,7.7,5092,9.4,4708,8.7,3993,7.3,5029,9.2,4440,8.2,4182,7.7,45978,3664,8.0,3879,8.4,3694,8.0,3129,6.8,4424,9.6,4133,9.0,4245,9.2,3847,8.4,3605,7.8,3606,7.8,3563,7.7,4189,9.1,43517,3705,8.5,3176,7.3,3633,8.3,3544,8.1,3746,8.6,3557,8.2,3758,8.6,4063,9.3,3032,7.0,3499,8.0,3818,8.8,3986,9.2,48969,3080,6.3,3300,6.7,3574,7.3,4578,9.3,4563,9.3,3742,7.6,4145,8.5,5035,10.3,4792,9.8,4070,8.3,3877,7.9,4213,8.6,49037,3336,6.8,3513,7.2,3804,7.8,4162,8.5,4175,8.5,4246,8.7,5034,10.3,5050,10.3,3840,7.8,3387,6.9,4092,8.3,4398,9.0,54991,4606,8.4,4814,8.8,3558,6.5,4438,8.1,4757,8.7,4621,8.4,4536,8.2,4557,8.3,4538,8.3,4358,7.9,4695,8.5,5513,10.0,60869,3649,6.0,4435,7.3,4525,7.4,5090,8.4,5885,9.7,5910,9.7,5189,8.5,5604,9.2,4969,8.2,4899,8.0,5488,9.0,5226,8.6
"대한적십자사","서울동부",계,298738,26734,8.9,21655,7.2,26314,8.8,22929,7.7,24962,8.4,23668,7.9,26448,8.9,24162,8.1,24913,8.3,27109,9.1,23897,8.0,25947,8.7,273327,27343,10.0,21217,7.8,25242,9.2,21119,7.7,22505,8.2,20614,7.5,22503,8.2,20696,7.6,19111,7.0,23866,8.7,23912,8.7,25199,9.2,279786,22601,8.1,23250,8.3,23713,8.5,21057,7.5,24640,8.8,22106,7.9,26396,9.4,23580,8.4,22008,7.9,21831,7.8,23906,8.5,24698,8.8,279045,25139,9.0,22500,8.1,25353,9.1,21542,7.7,24629,8.8,22300,8.0,23962,8.6,21621,7.7,21509,7.7,22563,8.1,24918,8.9,23009,8.2,259856,24404,9.4,19791,7.6,21493,8.3,19758,7.6,24168,9.3,20649,7.9,22671,8.7,20396,7.8,18848,7.3,22496,8.7,22751,8.8,22431,8.6,231788,20337,8.8,19306,8.3,20318,8.8,19562,8.4,19406,8.4,22138,9.6,18864,8.1,17430,7.5,18038,7.8,17806,7.7,18562,8.0,20021,8.6,230555,19890,8.6,17090,7.4,20359,8.8,19836,8.6,19525,8.5,19592,8.5,18276,7.9,18458,8.0,17852,7.7,18436,8.0,20092,8.7,21149,9.2,238256,18045,7.6,16169,6.8,17972,7.5,20329,8.5,22107,9.3,19048,8.0,19265,8.1,19306,8.1,20659,8.7,20873,8.8,22479,9.4,22004,9.2,255780,19796,7.7,19723,7.7,23576,9.2,20222,7.9,21246,8.3,21110,8.3,21952,8.6,21616,8.5,20510,8.0,20144,7.9,22423,8.8,23462,9.2,255298,20768,8.1,20334,8.0,19859,7.8,20434,8.0,21349,8.4,21593,8.5,21929,8.6,21316,8.3,20733,8.1,21168,8.3,22812,8.9,23003,9.0,250383,18022,7.2,18811,7.5,21659,8.7,19878,7.9,21857,8.7,21658,8.6,22369,8.9,21324,8.5,20543,8.2,20063,8.0,20719,8.3,23480,9.4
"대한적십자사","서울동부",남자,206563,19399,9.4,15365,7.4,18654,9.0,15660,7.6,17505,8.5,15941,7.7,18402,8.9,16515,8.0,17195,8.3,18072,8.7,16102,7.8,17753,8.6,195744,19958,10.2,15426,7.9,17555,9.0,15451,7.9,15443,7.9,14034,7.2,16013,8.2,15307,7.8,14383,7.3,16827,8.6,16818,8.6,18529,9.5,201327,17126,8.5,17691,8.8,18042,9.0,15091,7.5,17139,8.5,15908,7.9,18574,9.2,16707,8.3,15566,7.7,15005,7.5,17036,8.5,17442,8.7,201187,18721,9.3,16973,8.4,19062,9.5,15114,7.5,17434,8.7,15011,7.5,16980,8.4,15801,7.9,15109,7.5,16042,8.0,17910,8.9,17030,8.5,186199,18784,10.1,14982,8.0,16488,8.9,14427,7.7,16334,8.8,13957,7.5,15565,8.4,13758,7.4,13308,7.1,15390,8.3,16704,9.0,16502,8.9,171190,16098,9.4,14466,8.5,16063,9.4,15276,8.9,13675,8.0,16765,9.8,13169,7.7,12270,7.2,13032,7.6,12440,7.3,13324,7.8,14612,8.5,167635,15205,9.1,12795,7.6,15106,9.0,14589,8.7,14066,8.4,14127,8.4,12500,7.5,13198,7.9,13061,7.8,13133,7.8,14736,8.8,15119,9.0,166638,13939,8.4,11351,6.8,12400,7.4,13463,8.1,15502,9.3,13110,7.9,13191,7.9,13248,8.0,13826,8.3,14408,8.6,15940,9.6,16260,9.8,180698,14610,8.1,14050,7.8,17462,9.7,14095,7.8,14758,8.2,14323,7.9,14641,8.1,14707,8.1,14126,7.8,14546,8.0,16387,9.1,16993,9.4,181068,15438,8.5,14361,7.9,15052,8.3,14383,7.9,14605,8.1,14842,8.2,15245,8.4,15256,8.4,14494,8.0,15050,8.3,16373,9.0,15969,8.8,171854,13424,7.8,13849,8.1,15159,8.8,13432,7.8,14266,8.3,14146,8.2,14972,8.7,14635,8.5,13923,8.1,13783,8.0,14143,8.2,16122,9.4
"대한적십자사","서울동부",여자,92175,7335,8.0,6290,6.8,7660,8.3,7269,7.9,7457,8.1,7727,8.4,8046,8.7,7647,8.3,7718,8.4,9037,9.8,7795,8.5,8194,8.9,77583,7385,9.5,5791,7.5,7687,9.9,5668,7.3,7062,9.1,6580,8.5,6490,8.4,5389,6.9,4728,6.1,7039,9.1,7094,9.1,6670,8.6,78459,5475,7.0,5559,7.1,5671,7.2,5966,7.6,7501,9.6,6198,7.9,7822,10.0,6873,8.8,6442,8.2,6826,8.7,6870,8.8,7256,9.2,77858,6418,8.2,5527,7.1,6291,8.1,6428,8.3,7195,9.2,7289,9.4,6982,9.0,5820,7.5,6400,8.2,6521,8.4,7008,9.0,5979,7.7,73657,5620,7.6,4809,6.5,5005,6.8,5331,7.2,7834,10.6,6692,9.1,7106,9.6,6638,9.0,5540,7.5,7106,9.6,6047,8.2,5929,8.0,60598,4239,7.0,4840,8.0,4255,7.0,4286,7.1,5731,9.5,5373,8.9,5695,9.4,5160,8.5,5006,8.3,5366,8.9,5238,8.6,5409,8.9,62920,4685,7.4,4295,6.8,5253,8.3,5247,8.3,5459,8.7,5465,8.7,5776,9.2,5260,8.4,4791,7.6,5303,8.4,5356,8.5,6030,9.6,71618,4106,5.7,4818,6.7,5572,7.8,6866,9.6,6605,9.2,5938,8.3,6074,8.5,6058,8.5,6833,9.5,6465,9.0,6539,9.1,5744,8.0,75082,5186,6.9,5673,7.6,6114,8.1,6127,8.2,6488,8.6,6787,9.0,7311,9.7,6909,9.2,6384,8.5,5598,7.5,6036,8.0,6469,8.6,74230,5330,7.2,5973,8.0,4807,6.5,6051,8.2,6744,9.1,6751,9.1,6684,9.0,6060,8.2,6239,8.4,6118,8.2,6439,8.7,7034,9.5,78529,4598,5.9,4962,6.3,6500,8.3,6446,8.2,7591,9.7,7512,9.6,7397,9.4,6689,8.5,6620,8.4,6280,8.0,6576,8.4,7358,9.4
"대한적십자사","부산",계,238001,19675,8.3,15905,6.7,22116,9.3,19022,8.0,21271,8.9,18197,7.6,21524,9.0,20248,8.5,19120,8.0,21460,9.0,21301,8.9,18162,7.6,204844,18101,8.8,14026,6.8,18838,9.2,17662,8.6,18591,9.1,14900,7.3,17931,8.8,16326,8.0,15355,7.5,17817,8.7,16536,8.1,18761,9.2,215205,14048,6.5,14158,6.6,19782,9.2,18622,8.7,20429,9.5,17015,7.9,20642,9.6,17583,8.2,18991,8.8,16119,7.5,19208,8.9,18608,8.6,223597,15949,7.1,15671,7.0,21675,9.7,17887,8.0,20888,9.3,18776,8.4,19451,8.7,18240,8.2,17877,8.0,17962,8.0,21033,9.4,18188,8.1,213561,17057,8.0,14340,6.7,18615,8.7,18869,8.8,20369,9.5,17475,8.2,18037,8.4,17784,8.3,16299,7.6,17889,8.4,18471,8.6,18356,8.6,197302,13734,7.0,14597,7.4,13713,7.0,13964,7.1,18062,9.2,17318,8.8,18279,9.3,18242,9.2,15982,8.1,17098,8.7,19350,9.8,16963,8.6,194786,15588,8.0,14390,7.4,19000,9.8,15885,8.2,18158,9.3,14836,7.6,16652,8.5,14415,7.4,15153,7.8,15196,7.8,18140,9.3,17373,8.9,204171,13293,6.5,13041,6.4,15123,7.4,17457,8.6,21577,10.6,16655,8.2,17089,8.4,15773,7.7,17947,8.8,18268,8.9,19126,9.4,18822,9.2,205695,13636,6.6,16068,7.8,16924,8.2,16386,8.0,18788,9.1,16189,7.9,17321,8.4,18164,8.8,16622,8.1,16987,8.3,19469,9.5,19141,9.3,211156,15930,7.5,15409,7.3,18185,8.6,17602,8.3,18958,9.0,17106,8.1,17488,8.3,16387,7.8,17815,8.4,17403,8.2,19096,9.0,19777,9.4,209097,14904,7.1,15890,7.6,18177,8.7,17206,8.2,19269,9.2,17338,8.3,17276,8.3,17706,8.5,17599,8.4,16852,8.1,18941,9.1,17939,8.6
"대한적십자사","부산",남자,158533,13066,8.2,10652,6.7,14440,9.1,13249,8.4,14083,8.9,12212,7.7,13982,8.8,13430,8.5,12527,7.9,13840,8.7,14142,8.9,12910,8.1,143066,12679,8.9,9518,6.7,13394,9.4,12484,8.7,12552,8.8,10792,7.5,12564,8.8,11523,8.1,10810,7.6,12229,8.5,11280,7.9,13241,9.3,151757,10006,6.6,9679,6.4,13781,9.1,13547,8.9,14066,9.3,12041,7.9,14978,9.9,12394,8.2,13033,8.6,11147,7.3,13841,9.1,13244,8.7,156593,11443,7.3,11006,7.0,15506,9.9,12521,8.0,14372,9.2,12867,8.2,13724,8.8,12933,8.3,12439,7.9,12585,8.0,14244,9.1,12953,8.3,149783,12041,8.0,10519,7.0,13425,9.0,13083,8.7,14215,9.5,12214,8.2,12673,8.5,12297,8.2,11215,7.5,12350,8.2,12692,8.5,13059,8.7,138067,9810,7.1,10456,7.6,9713,7.0,10277,7.4,12459,9.0,12187,8.8,12803,9.3,12744,9.2,10522,7.6,12298,8.9,12937,9.4,11861,8.6,135511,10936,8.1,9987,7.4,12915,9.5,11072,8.2,12532,9.2,10213,7.5,11246,8.3,10181,7.5,11064,8.2,10813,8.0,12167,9.0,12385,9.1,138212,9370,6.8,8699,6.3,10160,7.4,11238,8.1,14584,10.6,11569,8.4,11682,8.5,10430,7.5,11894,8.6,12397,9.0,13065,9.5,13124,9.5,142395,9622,6.8,10841,7.6,11595,8.1,11410,8.0,12932,9.1,11293,7.9,11901,8.4,11851,8.3,11566,8.1,12180,8.6,13689,9.6,13515,9.5,144333,10830,7.5,10251,7.1,12219,8.5,11714,8.1,13051,9.0,11842,8.2,12199,8.5,11450,7.9,12339,8.5,12158,8.4,13071,9.1,13209,9.2,139174,10053,7.2,10625,7.6,11830,8.5,11581,8.3,12909,9.3,11474,8.2,11359,8.2,11988,8.6,11358,8.2,11203,8.0,12597,9.1,12197,8.8
"대한적십자사","부산",여자,79468,6609,8.3,5253,6.6,7676,9.7,5773,7.3,7188,9.0,5985,7.5,7542,9.5,6818,8.6,6593,8.3,7620,9.6,7159,9.0,5252,6.6,61778,5422,8.8,4508,7.3,5444,8.8,5178,8.4,6039,9.8,4108,6.6,5367,8.7,4803,7.8,4545,7.4,5588,9.0,5256,8.5,5520,8.9,63448,4042,6.4,4479,7.1,6001,9.5,5075,8.0,6363,10.0,4974,7.8,5664,8.9,5189,8.2,5958,9.4,4972,7.8,5367,8.5,5364,8.5,67004,4506,6.7,4665,7.0,6169,9.2,5366,8.0,6516,9.7,5909,8.8,5727,8.5,5307,7.9,5438,8.1,5377,8.0,6789,10.1,5235,7.8,63778,5016,7.9,3821,6.0,5190,8.1,5786,9.1,6154,9.6,5261,8.2,5364,8.4,5487,8.6,5084,8.0,5539,8.7,5779,9.1,5297,8.3,59235,3924,6.6,4141,7.0,4000,6.8,3687,6.2,5603,9.5,5131,8.7,5476,9.2,5498,9.3,5460,9.2,4800,8.1,6413,10.8,5102,8.6,59275,4652,7.8,4403,7.4,6085,10.3,4813,8.1,5626,9.5,4623,7.8,5406,9.1,4234,7.1,4089,6.9,4383,7.4,5973,10.1,4988,8.4,65959,3923,5.9,4342,6.6,4963,7.5,6219,9.4,6993,10.6,5086,7.7,5407,8.2,5343,8.1,6053,9.2,5871,8.9,6061,9.2,5698,8.6,63300,4014,6.3,5227,8.3,5329,8.4,4976,7.9,5856,9.3,4896,7.7,5420,8.6,6313,10.0,5056,8.0,4807,7.6,5780,9.1,5626,8.9,66823,5100,7.6,5158,7.7,5966,8.9,5888,8.8,5907,8.8,5264,7.9,5289,7.9,4937,7.4,5476,8.2,5245,7.8,6025,9.0,6568,9.8,69923,4851,6.9,5265,7.5,6347,9.1,5625,8.0,6360,9.1,5864,8.4,5917,8.5,5718,8.2,6241,8.9,5649,8.1,6344,9.1,5742,8.2
"대한적십자사","대구·경북",계,260227,21740,8.4,18616,7.2,22959,8.8,21872,8.4,23114,8.9,20104,7.7,23384,9.0,20470,7.9,20717,8.0,23802,9.1,23142,8.9,20307,7.8,236895,18967,8.0,16956,7.2,20829,8.8,20312,8.6,20312,8.6,17402,7.3,19446,8.2,19414,8.2,19486,8.2,20511,8.7,21751,9.2,21509,9.1,240774,17099,7.1,17997,7.5,21158,8.8,19006,7.9,23245,9.7,19493,8.1,20529,8.5,20430,8.5,21324,8.9,18072,7.5,20677,8.6,21744,9.0,246155,18898,7.7,16506,6.7,21305,8.7,20156,8.2,22584,9.2,19483,7.9,19644,8.0,20555,8.4,19282,7.8,21678,8.8,24693,10.0,21371,8.7,232481,19477,8.4,16014,6.9,20039,8.6,19916,8.6,21010,9.0,19225,8.3,20463,8.8,19117,8.2,17517,7.5,19240,8.3,20480,8.8,19983,8.6,196373,17335,8.8,13270,6.8,10023,5.1,11465,5.8,16050,8.2,16322,8.3,17115,8.7,19948,10.2,17387,8.9,17976,9.2,19578,10.0,19904,10.1,225330,18370,8.2,16217,7.2,20089,8.9,18494,8.2,19967,8.9,18101,8.0,17907,7.9,16953,7.5,18859,8.4,18434,8.2,21311,9.5,20628,9.2,225154,16335,7.3,15293,6.8,17707,7.9,19145,8.5,21705,9.6,17949,8.0,14711,6.5,19052,8.5,19595,8.7,20574,9.1,22688,10.1,20400,9.1,229715,16650,7.2,17965,7.8,19150,8.3,18804,8.2,21368,9.3,18117,7.9,18735,8.2,19634,8.5,18581,8.1,20363,8.9,20742,9.0,19606,8.5,241369,19206,8.0,17138,7.1,18555,7.7,18623,7.7,21098,8.7,19654,8.1,20374,8.4,20365,8.4,20549,8.5,21005,8.7,23106,9.6,21696,9.0,242054,17906,7.4,18322,7.6,20755,8.6,19962,8.2,23019,9.5,19781,8.2,21571,8.9,20917,8.6,20529,8.5,18470,7.6,19539,8.1,21283,8.8
"대한적십자사","대구·경북",남자,177684,16256,9.1,13639,7.7,15334,8.6,14272,8.0,15779,8.9,13501,7.6,16975,9.6,14525,8.2,12744,7.2,15558,8.8,14985,8.4,14116,7.9,168424,14324,8.5,12289,7.3,14562,8.6,14501,8.6,14148,8.4,12328,7.3,13928,8.3,14469,8.6,13426,8.0,14139,8.4,14743,8.8,15567,9.2,172578,13139,7.6,13140,7.6,14869,8.6,13477,7.8,16769,9.7,13848,8.0,14750,8.5,15070,8.7,14713,8.5,13036,7.6,14414,8.4,15353,8.9,176709,14496,8.2,12163,6.9,14993,8.5,14317,8.1,15432,8.7,14260,8.1,14608,8.3,15056,8.5,13518,7.6,15237,8.6,17138,9.7,15491,8.8,167290,14675,8.8,11842,7.1,14025,8.4,14309,8.6,14429,8.6,13731,8.2,15014,9.0,13924,8.3,12344,7.4,13865,8.3,14334,8.6,14798,8.8,139286,13093,9.4,9398,6.7,7719,5.5,8239,5.9,11079,8.0,11527,8.3,12140,8.7,13714,9.8,11830,8.5,12704,9.1,13858,9.9,13985,10.0,159155,13078,8.2,11211,7.0,13717,8.6,13600,8.5,13619,8.6,12807,8.0,12199,7.7,12217,7.7,13932,8.8,13466,8.5,14719,9.2,14590,9.2,158967,12196,7.7,11115,7.0,12104,7.6,13146,8.3,14788,9.3,12702,8.0,10496,6.6,13584,8.5,13324,8.4,14338,9.0,15990,10.1,15184,9.6,167443,12363,7.4,13245,7.9,13702,8.2,14080,8.4,15310,9.1,13292,7.9,13492,8.1,13850,8.3,13611,8.1,15264,9.1,15169,9.1,14065,8.4,174860,14256,8.2,12250,7.0,13612,7.8,13928,8.0,14905,8.5,14310,8.2,14927,8.5,15386,8.8,14657,8.4,15623,8.9,15920,9.1,15086,8.6,167713,12863,7.7,13012,7.8,14527,8.7,13753,8.2,15114,9.0,13557,8.1,14817,8.8,15042,9.0,13881,8.3,13140,7.8,13582,8.1,14425,8.6
"대한적십자사","대구·경북",여자,82543,5484,6.6,4977,6.0,7625,9.2,7600,9.2,7335,8.9,6603,8.0,6409,7.8,5945,7.2,7973,9.7,8244,10.0,8157,9.9,6191,7.5,68471,4643,6.8,4667,6.8,6267,9.2,5811,8.5,6164,9.0,5074,7.4,5518,8.1,4945,7.2,6060,8.9,6372,9.3,7008,10.2,5942,8.7,68196,3960,5.8,4857,7.1,6289,9.2,5529,8.1,6476,9.5,5645,8.3,5779,8.5,5360,7.9,6611,9.7,5036,7.4,6263,9.2,6391,9.4,69446,4402,6.3,4343,6.3,6312,9.1,5839,8.4,7152,10.3,5223,7.5,5036,7.3,5499,7.9,5764,8.3,6441,9.3,7555,10.9,5880,8.5,65191,4802,7.4,4172,6.4,6014,9.2,5607,8.6,6581,10.1,5494,8.4,5449,8.4,5193,8.0,5173,7.9,5375,8.2,6146,9.4,5185,8.0,57087,4242,7.4,3872,6.8,2304,4.0,3226,5.7,4971,8.7,4795,8.4,4975,8.7,6234,10.9,5557,9.7,5272,9.2,5720,10.0,5919,10.4,66175,5292,8.0,5006,7.6,6372,9.6,4894,7.4,6348,9.6,5294,8.0,5708,8.6,4736,7.2,4927,7.4,4968,7.5,6592,10.0,6038,9.1,66187,4139,6.3,4178,6.3,5603,8.5,5999,9.1,6917,10.5,5247,7.9,4215,6.4,5468,8.3,6271,9.5,6236,9.4,6698,10.1,5216,7.9,62272,4287,6.9,4720,7.6,5448,8.7,4724,7.6,6058,9.7,4825,7.7,5243,8.4,5784,9.3,4970,8.0,5099,8.2,5573,8.9,5541,8.9,66509,4950,7.4,4888,7.3,4943,7.4,4695,7.1,6193,9.3,5344,8.0,5447,8.2,4979,7.5,5892,8.9,5382,8.1,7186,10.8,6610,9.9,74341,5043,6.8,5310,7.1,6228,8.4,6209,8.4,7905,10.6,6224,8.4,6754,9.1,5875,7.9,6648,8.9,5330,7.2,5957,8.0,6858,9.2
"대한적십자사","인천",계,180847,15994,8.8,13569,7.5,15313,8.5,14409,8.0,17622,9.7,14941,8.3,15982,8.8,15772,8.7,14669,8.1,14719,8.1,13277,7.3,14580,8.1,161744,15224,9.4,11243,7.0,13622,8.4,12844,7.9,13249,8.2,12588,7.8,13991,8.7,13063,8.1,12600,7.8,14138,8.7,13968,8.6,15214,9.4,163533,13507,8.3,13132,8.0,13973,8.5,13428,8.2,14881,9.1,13227,8.1,14455,8.8,13678,8.4,13273,8.1,12742,7.8,12506,7.6,14731,9.0,157317,13928,8.9,11781,7.5,14375,9.1,12750,8.1,13403,8.5,11655,7.4,13851,8.8,12445,7.9,12560,8.0,13163,8.4,14424,9.2,12982,8.3,158392,13095,8.3,11212,7.1,12449,7.9,12417,7.8,13308,8.4,12874,8.1,14151,8.9,14171,8.9,12537,7.9,14597,9.2,12912,8.2,14669,9.3,165074,12516,7.6,12028,7.3,13997,8.5,13440,8.1,15184,9.2,14056,8.5,15046,9.1,13753,8.3,13917,8.4,12649,7.7,13576,8.2,14912,9.0,166763,13807,8.3,12461,7.5,13448,8.1,13676,8.2,14000,8.4,12385,7.4,13641,8.2,15356,9.2,13321,8.0,14321,8.6,14549,8.7,15798,9.5,170709,12842,7.5,13225,7.7,12799,7.5,15164,8.9,15162,8.9,14069,8.2,14508,8.5,13671,8.0,13787,8.1,15198,8.9,14632,8.6,15652,9.2,176839,13673,7.7,14112,8.0,14198,8.0,13141,7.4,15397,8.7,14446,8.2,16720,9.5,15458,8.7,13885,7.9,14820,8.4,14625,8.3,16364,9.3,187281,15366,8.2,14417,7.7,14997,8.0,14801,7.9,15844,8.5,15897,8.5,16804,9.0,16459,8.8,14775,7.9,15231,8.1,15864,8.5,16826,9.0,189919,14165,7.5,15065,7.9,14676,7.7,14993,7.9,15866,8.4,16277,8.6,17603,9.3,16526,8.7,15151,8.0,15467,8.1,16827,8.9,17303,9.1
"대한적십자사","인천",남자,121411,10605,8.7,9309,7.7,10387,8.6,9664,8.0,11299,9.3,10000,8.2,10895,9.0,10658,8.8,9652,7.9,9595,7.9,9123,7.5,10224,8.4,113269,10753,9.5,8241,7.3,9341,8.2,9286,8.2,9088,8.0,8944,7.9,9834,8.7,9072,8.0,8758,7.7,9628,8.5,9813,8.7,10511,9.3,115780,9690,8.4,10043,8.7,10469,9.0,9474,8.2,10026,8.7,9059,7.8,10141,8.8,9496,8.2,9322,8.1,9115,7.9,8270,7.1,10675,9.2,110801,9853,8.9,8570,7.7,10400,9.4,8749,7.9,9378,8.5,8383,7.6,9404,8.5,8601,7.8,8877,8.0,9218,8.3,9906,8.9,9462,8.5,112002,9355,8.4,8522,7.6,9110,8.1,8719,7.8,8901,7.9,9374,8.4,9386,8.4,9775,8.7,9023,8.1,9978,8.9,9234,8.2,10625,9.5,119383,9408,7.9,8770,7.3,10363,8.7,10152,8.5,10703,9.0,10152,8.5,10630,8.9,9662,8.1,9888,8.3,9123,7.6,9885,8.3,10647,8.9,119848,9913,8.3,8987,7.5,9708,8.1,9831,8.2,9813,8.2,8883,7.4,9508,7.9,11267,9.4,9784,8.2,10386,8.7,10265,8.6,11503,9.6,119983,9298,7.7,9468,7.9,8919,7.4,10058,8.4,10388,8.7,9530,7.9,10235,8.5,9565,8.0,9585,8.0,10311,8.6,10962,9.1,11664,9.7,127399,10147,8.0,10085,7.9,10223,8.0,9688,7.6,11044,8.7,10269,8.1,11284,8.9,10646,8.4,9855,7.7,11040,8.7,10887,8.5,12231,9.6,135586,11187,8.3,10441,7.7,11063,8.2,10883,8.0,11451,8.4,11072,8.2,12309,9.1,12029,8.9,10494,7.7,11428,8.4,11265,8.3,11964,8.8,135636,10550,7.8,11344,8.4,10836,8.0,11263,8.3,10859,8.0,11187,8.2,12253,9.0,11696,8.6,10546,7.8,11099,8.2,11932,8.8,12071,8.9
"대한적십자사","인천",여자,59436,5389,9.1,4260,7.2,4926,8.3,4745,8.0,6323,10.6,4941,8.3,5087,8.6,5114,8.6,5017,8.4,5124,8.6,4154,7.0,4356,7.3,48475,4471,9.2,3002,6.2,4281,8.8,3558,7.3,4161,8.6,3644,7.5,4157,8.6,3991,8.2,3842,7.9,4510,9.3,4155,8.6,4703,9.7,47753,3817,8.0,3089,6.5,3504,7.3,3954,8.3,4855,10.2,4168,8.7,4314,9.0,4182,8.8,3951,8.3,3627,7.6,4236,8.9,4056,8.5,46516,4075,8.8,3211,6.9,3975,8.5,4001,8.6,4025,8.7,3272,7.0,4447,9.6,3844,8.3,3683,7.9,3945,8.5,4518,9.7,3520,7.6,46390,3740,8.1,2690,5.8,3339,7.2,3698,8.0,4407,9.5,3500,7.5,4765,10.3,4396,9.5,3514,7.6,4619,10.0,3678,7.9,4044,8.7,45691,3108,6.8,3258,7.1,3634,8.0,3288,7.2,4481,9.8,3904,8.5,4416,9.7,4091,9.0,4029,8.8,3526,7.7,3691,8.1,4265,9.3,46915,3894,8.3,3474,7.4,3740,8.0,3845,8.2,4187,8.9,3502,7.5,4133,8.8,4089,8.7,3537,7.5,3935,8.4,4284,9.1,4295,9.2,50726,3544,7.0,3757,7.4,3880,7.6,5106,10.1,4774,9.4,4539,8.9,4273,8.4,4106,8.1,4202,8.3,4887,9.6,3670,7.2,3988,7.9,49440,3526,7.1,4027,8.1,3975,8.0,3453,7.0,4353,8.8,4177,8.4,5436,11.0,4812,9.7,4030,8.2,3780,7.6,3738,7.6,4133,8.4,51695,4179,8.1,3976,7.7,3934,7.6,3918,7.6,4393,8.5,4825,9.3,4495,8.7,4430,8.6,4281,8.3,3803,7.4,4599,8.9,4862,9.4,54283,3615,6.7,3721,6.9,3840,7.1,3730,6.9,5007,9.2,5090,9.4,5350,9.9,4830,8.9,4605,8.5,4368,8.0,4895,9.0,5232,9.6
"대한적십자사","울산",계,93740,7394,7.9,6181,6.6,8618,9.2,7595,8.1,9015,9.6,7929,8.5,8656,9.2,7450,7.9,7529,8.0,7997,8.5,7772,8.3,7604,8.1,87323,6835,7.8,6350,7.3,7559,8.7,7067,8.1,7725,8.8,6425,7.4,7362,8.4,7559,8.7,7065,8.1,7719,8.8,8004,9.2,7653,8.8,86261,6187,7.2,6204,7.2,8257,9.6,7015,8.1,8352,9.7,7211,8.4,7434,8.6,7553,8.8,7650,8.9,6237,7.2,7627,8.8,6534,7.6,86711,6661,7.7,5613,6.5,7364,8.5,7548,8.7,8683,10.0,6884,7.9,6999,8.1,7085,8.2,7368,8.5,7414,8.6,8140,9.4,6952,8.0,91599,7051,7.7,6086,6.6,8024,8.8,7850,8.6,9000,9.8,7349,8.0,7772,8.5,7496,8.2,7156,7.8,7506,8.2,8611,9.4,7698,8.4,82518,6213,7.5,6106,7.4,6070,7.4,5801,7.0,7353,8.9,7489,9.1,7894,9.6,7325,8.9,7000,8.5,6756,8.2,7694,9.3,6817,8.3,83549,6976,8.3,6211,7.4,7388,8.8,7187,8.6,7658,9.2,6651,8.0,7151,8.6,6596,7.9,6569,7.9,6357,7.6,7280,8.7,7525,9.0,87119,5797,6.7,5543,6.4,5595,6.4,7325,8.4,8199,9.4,6928,8.0,6828,7.8,7758,8.9,7578,8.7,8382,9.6,7851,9.0,9335,10.7,99261,7240,7.3,7542,7.6,7814,7.9,8341,8.4,8448,8.5,8213,8.3,8142,8.2,8900,9.0,8169,8.2,8371,8.4,9143,9.2,8938,9.0,108756,8352,7.7,8281,7.6,8154,7.5,8731,8.0,9983,9.2,8811,8.1,10157,9.3,9093,8.4,8696,8.0,8977,8.3,9993,9.2,9528,8.8,110202,7695,7.0,7976,7.2,9881,9.0,8994,8.2,9947,9.0,9582,8.7,10049,9.1,9726,8.8,9467,8.6,8131,7.4,9378,8.5,9376,8.5
"대한적십자사","울산",남자,70085,5611,8.0,4651,6.6,6321,9.0,5533,7.9,6718,9.6,5879,8.4,6616,9.4,5703,8.1,5513,7.9,5923,8.5,6010,8.6,5607,8.0,65717,5208,7.9,4818,7.3,5632,8.6,5367,8.2,5948,9.1,5201,7.9,5751,8.8,5652,8.6,5065,7.7,5720,8.7,5814,8.8,5541,8.4,65900,4894,7.4,4590,7.0,6198,9.4,5200,7.9,6172,9.4,5818,8.8,6003,9.1,5759,8.7,5745,8.7,4880,7.4,5796,8.8,4845,7.4,66006,5320,8.1,4347,6.6,5438,8.2,5779,8.8,6368,9.6,5365,8.1,5362,8.1,5343,8.1,5527,8.4,5473,8.3,6354,9.6,5330,8.1,68561,5573,8.1,4643,6.8,5969,8.7,5987,8.7,6370,9.3,5627,8.2,5677,8.3,5636,8.2,5162,7.5,5358,7.8,6707,9.8,5852,8.5,63660,4837,7.6,4727,7.4,5025,7.9,4577,7.2,5780,9.1,5877,9.2,5995,9.4,5696,8.9,5051,7.9,5154,8.1,5795,9.1,5146,8.1,63842,5508,8.6,4811,7.5,5658,8.9,5557,8.7,5794,9.1,4978,7.8,5264,8.2,5083,8.0,4980,7.8,4942,7.7,5571,8.7,5696,8.9,64183,4699,7.3,4063,6.3,4104,6.4,5260,8.2,6112,9.5,5110,8.0,5051,7.9,5548,8.6,5535,8.6,5891,9.2,5871,9.1,6939,10.8,73750,5595,7.6,5644,7.7,5956,8.1,6362,8.6,6016,8.2,6095,8.3,5979,8.1,6340,8.6,5822,7.9,6128,8.3,6997,9.5,6816,9.2,79143,6171,7.8,5850,7.4,6309,8.0,6437,8.1,7029,8.9,6569,8.3,7593,9.6,6723,8.5,6162,7.8,6561,8.3,7070,8.9,6669,8.4,79138,5658,7.1,5808,7.3,7279,9.2,6722,8.5,6886,8.7,6691,8.5,7046,8.9,6942,8.8,6873,8.7,5727,7.2,6837,8.6,6669,8.4
"대한적십자사","울산",여자,23655,1783,7.5,1530,6.5,2297,9.7,2062,8.7,2297,9.7,2050,8.7,2040,8.6,1747,7.4,2016,8.5,2074,8.8,1762,7.4,1997,8.4,21606,1627,7.5,1532,7.1,1927,8.9,1700,7.9,1777,8.2,1224,5.7,1611,7.5,1907,8.8,2000,9.3,1999,9.3,2190,10.1,2112,9.8,20361,1293,6.4,1614,7.9,2059,10.1,1815,8.9,2180,10.7,1393,6.8,1431,7.0,1794,8.8,1905,9.4,1357,6.7,1831,9.0,1689,8.3,20705,1341,6.5,1266,6.1,1926,9.3,1769,8.5,2315,11.2,1519,7.3,1637,7.9,1742,8.4,1841,8.9,1941,9.4,1786,8.6,1622,7.8,23038,1478,6.4,1443,6.3,2055,8.9,1863,8.1,2630,11.4,1722,7.5,2095,9.1,1860,8.1,1994,8.7,2148,9.3,1904,8.3,1846,8.0,18858,1376,7.3,1379,7.3,1045,5.5,1224,6.5,1573,8.3,1612,8.5,1899,10.1,1629,8.6,1949,10.3,1602,8.5,1899,10.1,1671,8.9,19707,1468,7.4,1400,7.1,1730,8.8,1630,8.3,1864,9.5,1673,8.5,1887,9.6,1513,7.7,1589,8.1,1415,7.2,1709,8.7,1829,9.3,22936,1098,4.8,1480,6.5,1491,6.5,2065,9.0,2087,9.1,1818,7.9,1777,7.7,2210,9.6,2043,8.9,2491,10.9,1980,8.6,2396,10.4,25511,1645,6.4,1898,7.4,1858,7.3,1979,7.8,2432,9.5,2118,8.3,2163,8.5,2560,10.0,2347,9.2,2243,8.8,2146,8.4,2122,8.3,29613,2181,7.4,2431,8.2,1845,6.2,2294,7.7,2954,10.0,2242,7.6,2564,8.7,2370,8.0,2534,8.6,2416,8.2,2923,9.9,2859,9.7,31064,2037,6.6,2168,7.0,2602,8.4,2272,7.3,3061,9.9,2891,9.3,3003,9.7,2784,9.0,2594,8.4,2404,7.7,2541,8.2,2707,8.7
"대한적십자사","경기",계,218748,17143,7.8,14288,6.5,18431,8.4,17549,8.0,19519,8.9,15805,7.2,20526,9.4,18399,8.4,17843,8.2,19853,9.1,18997,8.7,20395,9.3,205267,18710,9.1,14588,7.1,18119,8.8,17624,8.6,17931,8.7,15501,7.6,18005,8.8,16012,7.8,16640,8.1,18077,8.8,16520,8.0,17540,8.5,210813,17042,8.1,15506,7.4,18517,8.8,17124,8.1,19969,9.5,16397,7.8,18641,8.8,17977,8.5,17689,8.4,15172,7.2,17579,8.3,19200,9.1,203912,17904,8.8,14941,7.3,17943,8.8,16761,8.2,17573,8.6,15719,7.7,17484,8.6,16300,8.0,15584,7.6,17545,8.6,18842,9.2,17316,8.5,211170,18167,8.6,16195,7.7,16794,8.0,17829,8.4,18626,8.8,17131,8.1,19006,9.0,17373,8.2,15362,7.3,18150,8.6,18622,8.8,17915,8.5,225902,16008,7.1,17222,7.6,17506,7.7,16427,7.3,19730,8.7,19693,8.7,20879,9.2,18793,8.3,19236,8.5,18860,8.3,19736,8.7,21812,9.7,225736,18715,8.3,16592,7.4,19519,8.6,18552,8.2,20186,8.9,17700,7.8,19394,8.6,19409,8.6,17717,7.8,18568,8.2,18818,8.3,20566,9.1,216807,16045,7.4,16231,7.5,16833,7.8,19461,9.0,19619,9.0,16895,7.8,17870,8.2,17160,7.9,18259,8.4,18635,8.6,18757,8.7,21042,9.7,225163,18010,8.0,18408,8.2,18891,8.4,16693,7.4,19054,8.5,17723,7.9,19206,8.5,19271,8.6,17561,7.8,20012,8.9,19469,8.6,20865,9.3,227219,19179,8.4,17726,7.8,18596,8.2,18159,8.0,19082,8.4,18220,8.0,19817,8.7,19585,8.6,17828,7.8,19301,8.5,19907,8.8,19819,8.7,233489,17349,7.4,18113,7.8,19469,8.3,19551,8.4,20942,9.0,19181,8.2,22044,9.4,19119,8.2,19212,8.2,18750,8.0,19131,8.2,20628,8.8
"대한적십자사","경기",남자,159274,12544,7.9,10752,6.8,13729,8.6,12863,8.1,13776,8.6,11801,7.4,14502,9.1,13632,8.6,13321,8.4,14055,8.8,13436,8.4,14863,9.3,154592,14615,9.5,11146,7.2,13478,8.7,13559,8.8,12822,8.3,11713,7.6,13275,8.6,12433,8.0,12841,8.3,13276,8.6,12164,7.9,13270,8.6,159730,13441,8.4,11768,7.4,14146,8.9,12988,8.1,14567,9.1,12680,7.9,13893,8.7,13695,8.6,13426,8.4,11537,7.2,12985,8.1,14604,9.1,156393,13848,8.9,11376,7.3,13936,8.9,12958,8.3,13146,8.4,12144,7.8,13589,8.7,12772,8.2,11868,7.6,13324,8.5,14317,9.2,13115,8.4,158935,14044,8.8,12759,8.0,13055,8.2,13628,8.6,13283,8.4,12840,8.1,13951,8.8,13196,8.3,11661,7.3,13415,8.4,13685,8.6,13418,8.4,171193,12468,7.3,12979,7.6,13607,7.9,12510,7.3,14470,8.5,14904,8.7,15866,9.3,14219,8.3,14484,8.5,14523,8.5,15037,8.8,16126,9.4,168602,14103,8.4,12293,7.3,14695,8.7,13808,8.2,15086,8.9,13124,7.8,14035,8.3,14695,8.7,13151,7.8,14120,8.4,14218,8.4,15274,9.1,158940,12210,7.7,11990,7.5,12254,7.7,13697,8.6,14174,8.9,12299,7.7,13042,8.2,12298,7.7,12849,8.1,13895,8.7,14147,8.9,16085,10.1,169324,13787,8.1,13442,7.9,14334,8.5,12642,7.5,14262,8.4,13433,7.9,13644,8.1,14287,8.4,13202,7.8,15264,9.0,15122,8.9,15905,9.4,170969,14370,8.4,12977,7.6,14058,8.2,13722,8.0,14371,8.4,13702,8.0,15036,8.8,14926,8.7,13340,7.8,14884,8.7,14939,8.7,14644,8.6,169300,13279,7.8,13406,7.9,14305,8.4,14285,8.4,14697,8.7,13902,8.2,15415,9.1,14012,8.3,13683,8.1,13680,8.1,13878,8.2,14758,8.7
"대한적십자사","경기",여자,59474,4599,7.7,3536,5.9,4702,7.9,4686,7.9,5743,9.7,4004,6.7,6024,10.1,4767,8.0,4522,7.6,5798,9.7,5561,9.4,5532,9.3,50675,4095,8.1,3442,6.8,4641,9.2,4065,8.0,5109,10.1,3788,7.5,4730,9.3,3579,7.1,3799,7.5,4801,9.5,4356,8.6,4270,8.4,51083,3601,7.0,3738,7.3,4371,8.6,4136,8.1,5402,10.6,3717,7.3,4748,9.3,4282,8.4,4263,8.3,3635,7.1,4594,9.0,4596,9.0,47519,4056,8.5,3565,7.5,4007,8.4,3803,8.0,4427,9.3,3575,7.5,3895,8.2,3528,7.4,3716,7.8,4221,8.9,4525,9.5,4201,8.8,52235,4123,7.9,3436,6.6,3739,7.2,4201,8.0,5343,10.2,4291,8.2,5055,9.7,4177,8.0,3701,7.1,4735,9.1,4937,9.5,4497,8.6,54709,3540,6.5,4243,7.8,3899,7.1,3917,7.2,5260,9.6,4789,8.8,5013,9.2,4574,8.4,4752,8.7,4337,7.9,4699,8.6,5686,10.4,57134,4612,8.1,4299,7.5,4824,8.4,4744,8.3,5100,8.9,4576,8.0,5359,9.4,4714,8.3,4566,8.0,4448,7.8,4600,8.1,5292,9.3,57867,3835,6.6,4241,7.3,4579,7.9,5764,10.0,5445,9.4,4596,7.9,4828,8.3,4862,8.4,5410,9.3,4740,8.2,4610,8.0,4957,8.6,55839,4223,7.6,4966,8.9,4557,8.2,4051,7.3,4792,8.6,4290,7.7,5562,10.0,4984,8.9,4359,7.8,4748,8.5,4347,7.8,4960,8.9,56250,4809,8.5,4749,8.4,4538,8.1,4437,7.9,4711,8.4,4518,8.0,4781,8.5,4659,8.3,4488,8.0,4417,7.9,4968,8.8,5175,9.2,64189,4070,6.3,4707,7.3,5164,8.0,5266,8.2,6245,9.7,5279,8.2,6629,10.3,5107,8.0,5529,8.6,5070,7.9,5253,8.2,5870,9.1
"대한적십자사","강원",계,149795,11876,7.9,9676,6.5,12757,8.5,12611,8.4,12541,8.4,12750,8.5,14610,9.8,12119,8.1,12537,8.4,12476,8.3,12342,8.2,13500,9.0,149851,12373,8.3,10563,7.0,12811,8.5,12984,8.7,12967,8.7,12346,8.2,13373,8.9,12597,8.4,11748,7.8,12495,8.3,12680,8.5,12914,8.6,154964,10288,6.6,12334,8.0,13186,8.5,12653,8.2,14524,9.4,12644,8.2,13662,8.8,13451,8.7,14334,9.2,11760,7.6,13804,8.9,12324,8.0,161359,12944,8.0,12004,7.4,14366,8.9,13860,8.6,13976,8.7,13191,8.2,13912,8.6,13695,8.5,12521,7.8,13534,8.4,14573,9.0,12783,7.9,153606,13645,8.9,10508,6.8,13466,8.8,12941,8.4,14132,9.2,12234,8.0,13757,9.0,13412,8.7,12661,8.2,11773,7.7,12903,8.4,12174,7.9,140670,11683,8.3,10942,7.8,12486,8.9,11083,7.9,12512,8.9,12183,8.7,13117,9.3,11907,8.5,11969,8.5,11199,8.0,9923,7.1,11666,8.3,134293,10933,8.1,10101,7.5,13104,9.8,10939,8.1,11926,8.9,10691,8.0,10083,7.5,12644,9.4,11230,8.4,9907,7.4,11616,8.6,11119,8.3,124866,9602,7.7,8675,6.9,9774,7.8,10918,8.7,11235,9.0,10669,8.5,10617,8.5,10049,8.0,11728,9.4,10040,8.0,10839,8.7,10720,8.6,132851,8552,6.4,9549,7.2,11552,8.7,10816,8.1,11224,8.4,11888,8.9,10959,8.2,11839,8.9,11130,8.4,10449,7.9,12444,9.4,12449,9.4,145715,11623,8.0,10165,7.0,12641,8.7,11688,8.0,12125,8.3,11963,8.2,12757,8.8,12192,8.4,11615,8.0,12108,8.3,13458,9.2,13380,9.2,147757,10511,7.1,11422,7.7,12359,8.4,12620,8.5,12955,8.8,12137,8.2,13084,8.9,11886,8.0,13520,9.2,11292,7.6,12668,8.6,13303,9.0
"대한적십자사","강원",남자,116232,9852,8.5,7879,6.8,10285,8.8,9417,8.1,9199,7.9,9638,8.3,11697,10.1,9610,8.3,9219,7.9,9165,7.9,9436,8.1,10835,9.3,122194,10307,8.4,8952,7.3,10526,8.6,10220,8.4,10088,8.3,10284,8.4,10994,9.0,10612,8.7,9643,7.9,9704,7.9,10103,8.3,10761,8.8,127367,8726,6.9,10482,8.2,11237,8.8,10153,8.0,11008,8.6,10439,8.2,11539,9.1,11297,8.9,11740,9.2,9023,7.1,11483,9.0,10240,8.0,134733,11294,8.4,10444,7.8,11982,8.9,11068,8.2,10977,8.1,11271,8.4,11829,8.8,11887,8.8,10154,7.5,11155,8.3,12204,9.1,10468,7.8,127408,11786,9.3,9188,7.2,11265,8.8,10707,8.4,11111,8.7,10269,8.1,11527,9.0,11124,8.7,10107,7.9,9394,7.4,10731,8.4,10199,8.0,117333,10043,8.6,9167,7.8,10891,9.3,9611,8.2,10348,8.8,10107,8.6,11143,9.5,9634,8.2,9915,8.5,9057,7.7,7870,6.7,9547,8.1,110113,8970,8.1,8519,7.7,10958,10.0,8976,8.2,9869,9.0,8724,7.9,7858,7.1,10484,9.5,9479,8.6,7880,7.2,9497,8.6,8899,8.1,98394,8189,8.3,7148,7.3,7941,8.1,8076,8.2,8715,8.9,8519,8.7,8601,8.7,7551,7.7,8533,8.7,7821,7.9,8676,8.8,8624,8.8,106032,7138,6.7,8080,7.6,9446,8.9,8818,8.3,8822,8.3,9676,9.1,8456,8.0,8469,8.0,8934,8.4,8345,7.9,10058,9.5,9790,9.2,114858,9195,8.0,8172,7.1,10290,9.0,9450,8.2,8880,7.7,9443,8.2,10293,9.0,9727,8.5,8906,7.8,9361,8.2,10586,9.2,10555,9.2,116895,8570,7.3,9437,8.1,9706,8.3,9850,8.4,9899,8.5,9280,7.9,10418,8.9,9428,8.1,10711,9.2,8796,7.5,10033,8.6,10767,9.2
"대한적십자사","강원",여자,33563,2024,6.0,1797,5.4,2472,7.4,3194,9.5,3342,10.0,3112,9.3,2913,8.7,2509,7.5,3318,9.9,3311,9.9,2906,8.7,2665,7.9,27657,2066,7.5,1611,5.8,2285,8.3,2764,10.0,2879,10.4,2062,7.5,2379,8.6,1985,7.2,2105,7.6,2791,10.1,2577,9.3,2153,7.8,27597,1562,5.7,1852,6.7,1949,7.1,2500,9.1,3516,12.7,2205,8.0,2123,7.7,2154,7.8,2594,9.4,2737,9.9,2321,8.4,2084,7.6,26626,1650,6.2,1560,5.9,2384,9.0,2792,10.5,2999,11.3,1920,7.2,2083,7.8,1808,6.8,2367,8.9,2379,8.9,2369,8.9,2315,8.7,26198,1859,7.1,1320,5.0,2201,8.4,2234,8.5,3021,11.5,1965,7.5,2230,8.5,2288,8.7,2554,9.7,2379,9.1,2172,8.3,1975,7.5,23337,1640,7.0,1775,7.6,1595,6.8,1472,6.3,2164,9.3,2076,8.9,1974,8.5,2273,9.7,2054,8.8,2142,9.2,2053,8.8,2119,9.1,24180,1963,8.1,1582,6.5,2146,8.9,1963,8.1,2057,8.5,1967,8.1,2225,9.2,2160,8.9,1751,7.2,2027,8.4,2119,8.8,2220,9.2,26472,1413,5.3,1527,5.8,1833,6.9,2842,10.7,2520,9.5,2150,8.1,2016,7.6,2498,9.4,3195,12.1,2219,8.4,2163,8.2,2096,7.9,26819,1414,5.3,1469,5.5,2106,7.9,1998,7.4,2402,9.0,2212,8.2,2503,9.3,3370,12.6,2196,8.2,2104,7.8,2386,8.9,2659,9.9,30857,2428,7.9,1993,6.5,2351,7.6,2238,7.3,3245,10.5,2520,8.2,2464,8.0,2465,8.0,2709,8.8,2747,8.9,2872,9.3,2825,9.2,30862,1941,6.3,1985,6.4,2653,8.6,2770,9.0,3056,9.9,2857,9.3,2666,8.6,2458,8.0,2809,9.1,2496,8.1,2635,8.5,2536,8.2
"대한적십자사","충북",계,99627,7696,7.7,6771,6.8,8739,8.8,8473,8.5,8937,9.0,8890,8.9,9057,9.1,7680,7.7,8660,8.7,8551,8.6,9429,9.5,6744,6.8,89342,7458,8.3,5320,6.0,7466,8.4,7276,8.1,7593,8.5,7388,8.3,7507,8.4,7466,8.4,7233,8.1,8727,9.8,7984,8.9,7924,8.9,95644,6736,7.0,6818,7.1,8211,8.6,7953,8.3,8776,9.2,7605,8.0,8432,8.8,8177,8.5,8559,8.9,7866,8.2,8536,8.9,7975,8.3,93808,7461,8.0,6774,7.2,8731,9.3,8274,8.8,8717,9.3,7167,7.6,8235,8.8,7824,8.3,7175,7.6,7792,8.3,8682,9.3,6976,7.4,94251,7543,8.0,6490,6.9,8077,8.6,8180,8.7,8711,9.2,7564,8.0,8482,9.0,8082,8.6,7583,8.0,7710,8.2,8652,9.2,7177,7.6,85748,6459,7.5,6001,7.0,7319,8.5,6436,7.5,7465,8.7,7219,8.4,7890,9.2,7506,8.8,7328,8.5,7374,8.6,7694,9.0,7057,8.2,84573,6427,7.6,6336,7.5,8128,9.6,7503,8.9,7157,8.5,6782,8.0,7161,8.5,6973,8.2,6954,8.2,6721,7.9,6955,8.2,7476,8.8,83820,5291,6.3,5288,6.3,6075,7.2,7094,8.5,8112,9.7,7115,8.5,6908,8.2,6463,7.7,8008,9.6,8153,9.7,7880,9.4,7433,8.9,85421,5471,6.4,6113,7.2,7569,8.9,6745,7.9,7479,8.8,7515,8.8,7373,8.6,6811,8.0,7135,8.4,7652,9.0,7944,9.3,7614,8.9,90558,7227,8.0,6682,7.4,7034,7.8,7874,8.7,8203,9.1,7126,7.9,7990,8.8,7415,8.2,7416,8.2,7753,8.6,8226,9.1,7612,8.4,91839,5903,6.4,6423,7.0,7634,8.3,8105,8.8,8599,9.4,8301,9.0,8728,9.5,7648,8.3,8040,8.8,7527,8.2,7669,8.4,7262,7.9
"대한적십자사","충북",남자,73575,5769,7.8,5477,7.4,6426,8.7,5877,8.0,6334,8.6,6741,9.2,7091,9.6,5719,7.8,6136,8.3,6296,8.6,6799,9.2,4910,6.7,66760,5957,8.9,4242,6.4,5468,8.2,5384,8.1,5498,8.2,5865,8.8,5408,8.1,5951,8.9,5162,7.7,6403,9.6,5841,8.7,5581,8.4,71989,5455,7.6,5502,7.6,6160,8.6,5979,8.3,5930,8.2,5716,7.9,6606,9.2,6317,8.8,6319,8.8,5844,8.1,6303,8.8,5858,8.1,71508,6083,8.5,5429,7.6,6580,9.2,6289,8.8,6165,8.6,5381,7.5,6332,8.9,6232,8.7,5365,7.5,5989,8.4,6484,9.1,5179,7.2,70263,6046,8.6,5211,7.4,6068,8.6,5943,8.5,6131,8.7,5598,8.0,6259,8.9,6031,8.6,5659,8.1,5485,7.8,6462,9.2,5370,7.6,65938,5254,8.0,4653,7.1,5821,8.8,5229,7.9,5633,8.5,5487,8.3,6204,9.4,5570,8.4,5418,8.2,5643,8.6,5756,8.7,5270,8.0,63824,4918,7.7,5110,8.0,6355,10.0,5760,9.0,5164,8.1,4831,7.6,5020,7.9,5313,8.3,5383,8.4,5253,8.2,5127,8.0,5590,8.8,61230,4185,6.8,3873,6.3,4522,7.4,4782,7.8,5574,9.1,5202,8.5,5097,8.3,4763,7.8,5631,9.2,5962,9.7,5861,9.6,5778,9.4,63581,4218,6.6,4730,7.4,5875,9.2,5016,7.9,5341,8.4,5737,9.0,5115,8.0,4667,7.3,5362,8.4,5712,9.0,6051,9.5,5757,9.1,67542,5161,7.6,5018,7.4,5279,7.8,6052,9.0,6067,9.0,5373,8.0,5930,8.8,5654,8.4,5177,7.7,5971,8.8,5911,8.8,5949,8.8,67830,4560,6.7,4851,7.2,5760,8.5,6048,8.9,6056,8.9,6030,8.9,6149,9.1,5772,8.5,5923,8.7,5555,8.2,5659,8.3,5467,8.1
"대한적십자사","충북",여자,26052,1927,7.4,1294,5.0,2313,8.9,2596,10.0,2603,10.0,2149,8.2,1966,7.5,1961,7.5,2524,9.7,2255,8.7,2630,10.1,1834,7.0,22582,1501,6.6,1078,4.8,1998,8.8,1892,8.4,2095,9.3,1523,6.7,2099,9.3,1515,6.7,2071,9.2,2324,10.3,2143,9.5,2343,10.4,23655,1281,5.4,1316,5.6,2051,8.7,1974,8.3,2846,12.0,1889,8.0,1826,7.7,1860,7.9,2240,9.5,2022,8.5,2233,9.4,2117,8.9,22300,1378,6.2,1345,6.0,2151,9.6,1985,8.9,2552,11.4,1786,8.0,1903,8.5,1592,7.1,1810,8.1,1803,8.1,2198,9.9,1797,8.1,23988,1497,6.2,1279,5.3,2009,8.4,2237,9.3,2580,10.8,1966,8.2,2223,9.3,2051,8.6,1924,8.0,2225,9.3,2190,9.1,1807,7.5,19810,1205,6.1,1348,6.8,1498,7.6,1207,6.1,1832,9.2,1732,8.7,1686,8.5,1936,9.8,1910,9.6,1731,8.7,1938,9.8,1787,9.0,20749,1509,7.3,1226,5.9,1773,8.5,1743,8.4,1993,9.6,1951,9.4,2141,10.3,1660,8.0,1571,7.6,1468,7.1,1828,8.8,1886,9.1,22590,1106,4.9,1415,6.3,1553,6.9,2312,10.2,2538,11.2,1913,8.5,1811,8.0,1700,7.5,2377,10.5,2191,9.7,2019,8.9,1655,7.3,21840,1253,5.7,1383,6.3,1694,7.8,1729,7.9,2138,9.8,1778,8.1,2258,10.3,2144,9.8,1773,8.1,1940,8.9,1893,8.7,1857,8.5,23016,2066,9.0,1664,7.2,1755,7.6,1822,7.9,2136,9.3,1753,7.6,2060,9.0,1761,7.7,2239,9.7,1782,7.7,2315,10.1,1663,7.2,24009,1343,5.6,1572,6.5,1874,7.8,2057,8.6,2543,10.6,2271,9.5,2579,10.7,1876,7.8,2117,8.8,1972,8.2,2010,8.4,1795,7.5
"대한적십자사","대전·세종·충남",계,249164,19761,7.9,16622,6.7,21340,8.6,19792,7.9,21907,8.8,19416,7.8,21095,8.5,21649,8.7,20262,8.1,22593,9.1,22146,8.9,22581,9.1,236491,18817,8.0,15508,6.6,21075,8.9,19502,8.2,21190,9.0,18839,8.0,19803,8.4,19385,8.2,18653,7.9,20563,8.7,22098,9.3,21058,8.9,241112,16132,6.7,16605,6.9,21142,8.8,19755,8.2,23318,9.7,19426,8.1,21421,8.9,19455,8.1,21002,8.7,18862,7.8,22596,9.4,21398,8.9,248323,18643,7.5,16531,6.7,21392,8.6,20145,8.1,24166,9.7,19737,7.9,20464,8.2,20088,8.1,20029,8.1,21886,8.8,24434,9.8,20808,8.4,248778,19718,7.9,15692,6.3,20164,8.1,20486,8.2,24729,9.9,20874,8.4,20596,8.3,21930,8.8,20203,8.1,20942,8.4,22431,9.0,21013,8.4,238825,17729,7.4,17425,7.3,17421,7.3,17256,7.2,22171,9.3,19772,8.3,20861,8.7,22142,9.3,20123,8.4,20993,8.8,20762,8.7,22170,9.3,233429,17669,7.6,16554,7.1,22177,9.5,20031,8.6,21864,9.4,19253,8.2,20349,8.7,19183,8.2,18807,8.1,17819,7.6,19351,8.3,20372,8.7,237156,16506,7.0,15875,6.7,17396,7.3,20517,8.7,22631,9.5,19704,8.3,18885,8.0,20358,8.6,21288,9.0,21841,9.2,21325,9.0,20830,8.8,234603,17166,7.3,16702,7.1,21288,9.1,19634,8.4,21108,9.0,19974,8.5,19875,8.5,20511,8.7,18448,7.9,19567,8.3,20389,8.7,19941,8.5,240976,19470,8.1,18040,7.5,18182,7.5,19083,7.9,21479,8.9,19589,8.1,21126,8.8,19844,8.2,20005,8.3,21633,9.0,22344,9.3,20181,8.4,240175,16791,7.0,17921,7.5,20444,8.5,19947,8.3,22611,9.4,18885,7.9,21474,8.9,20966,8.7,20769,8.6,19194,8.0,20920,8.7,20253,8.4
"대한적십자사","대전·세종·충남",남자,180633,14937,8.3,12522,6.9,15497,8.6,14654,8.1,14901,8.2,14036,7.8,15498,8.6,16339,9.0,14060,7.8,16159,8.9,15517,8.6,16513,9.1,171357,14631,8.5,11951,7.0,15245,8.9,13973,8.2,14706,8.6,13434,7.8,14867,8.7,14633,8.5,13418,7.8,14551,8.5,14738,8.6,15210,8.9,173478,12518,7.2,12758,7.4,15415,8.9,14808,8.5,15880,9.2,13386,7.7,15762,9.1,14654,8.4,14484,8.3,13383,7.7,15067,8.7,15363,8.9,178680,13910,7.8,12544,7.0,15635,8.8,14254,8.0,16790,9.4,13831,7.7,15214,8.5,15357,8.6,14524,8.1,14884,8.3,16407,9.2,15330,8.6,176499,14927,8.5,11936,6.8,14690,8.3,14640,8.3,16719,9.5,13929,7.9,15000,8.5,16170,9.2,14118,8.0,14085,8.0,14843,8.4,15442,8.7,171640,13104,7.6,12879,7.5,12964,7.6,12844,7.5,15523,9.0,14082,8.2,14907,8.7,15380,9.0,14361,8.4,15366,9.0,14468,8.4,15762,9.2,166881,13135,7.9,12157,7.3,15860,9.5,14399,8.6,14967,9.0,12850,7.7,14799,8.9,13980,8.4,13652,8.2,12953,7.8,13351,8.0,14778,8.9,165157,12378,7.5,11428,6.9,11894,7.2,14095,8.5,14859,9.0,13132,8.0,13576,8.2,14425,8.7,14142,8.6,15084,9.1,14835,9.0,15309,9.3,168393,13021,7.7,11796,7.0,15131,9.0,14567,8.7,14492,8.6,14080,8.4,14293,8.5,14234,8.5,13247,7.9,14509,8.6,14202,8.4,14821,8.8,171432,13988,8.2,12886,7.5,13097,7.6,14113,8.2,14433,8.4,13810,8.1,15272,8.9,14432,8.4,14251,8.3,15146,8.8,15491,9.0,14513,8.5,167569,12313,7.3,13227,7.9,14101,8.4,14585,8.7,14955,8.9,12739,7.6,14943,8.9,15146,9.0,14078,8.4,13048,7.8,14295,8.5,14139,8.4
"대한적십자사","대전·세종·충남",여자,68531,4824,7.0,4100,6.0,5843,8.5,5138,7.5,7006,10.2,5380,7.9,5597,8.2,5310,7.7,6202,9.0,6434,9.4,6629,9.7,6068,8.9,65134,4186,6.4,3557,5.5,5830,9.0,5529,8.5,6484,10.0,5405,8.3,4936,7.6,4752,7.3,5235,8.0,6012,9.2,7360,11.3,5848,9.0,67634,3614,5.3,3847,5.7,5727,8.5,4947,7.3,7438,11.0,6040,8.9,5659,8.4,4801,7.1,6518,9.6,5479,8.1,7529,11.1,6035,8.9,69643,4733,6.8,3987,5.7,5757,8.3,5891,8.5,7376,10.6,5906,8.5,5250,7.5,4731,6.8,5505,7.9,7002,10.1,8027,11.5,5478,7.9,72279,4791,6.6,3756,5.2,5474,7.6,5846,8.1,8010,11.1,6945,9.6,5596,7.7,5760,8.0,6085,8.4,6857,9.5,7588,10.5,5571,7.7,67185,4625,6.9,4546,6.8,4457,6.6,4412,6.6,6648,9.9,5690,8.5,5954,8.9,6762,10.1,5762,8.6,5627,8.4,6294,9.4,6408,9.5,66548,4534,6.8,4397,6.6,6317,9.5,5632,8.5,6897,10.4,6403,9.6,5550,8.3,5203,7.8,5155,7.7,4866,7.3,6000,9.0,5594,8.4,71999,4128,5.7,4447,6.2,5502,7.6,6422,8.9,7772,10.8,6572,9.1,5309,7.4,5933,8.2,7146,9.9,6757,9.4,6490,9.0,5521,7.7,66210,4145,6.3,4906,7.4,6157,9.3,5067,7.7,6616,10.0,5894,8.9,5582,8.4,6277,9.5,5201,7.9,5058,7.6,6187,9.3,5120,7.7,69544,5482,7.9,5154,7.4,5085,7.3,4970,7.1,7046,10.1,5779,8.3,5854,8.4,5412,7.8,5754,8.3,6487,9.3,6853,9.9,5668,8.2,72606,4478,6.2,4694,6.5,6343,8.7,5362,7.4,7656,10.5,6146,8.5,6531,9.0,5820,8.0,6691,9.2,6146,8.5,6625,9.1,6114,8.4
"대한적십자사","전북",계,128878,11198,8.7,7018,5.4,9730,7.5,12950,10.0,12185,9.5,9410,7.3,10418,8.1,10902,8.5,11879,9.2,11486,8.9,11627,9.0,10075,7.8,116104,9524,8.2,7159,6.2,10202,8.8,9771,8.4,10750,9.3,10506,9.0,9268,8.0,8903,7.7,9439,8.1,10225,8.8,10443,9.0,9914,8.5,114218,8429,7.4,8387,7.3,8716,7.6,9388,8.2,12607,11.0,9769,8.6,9691,8.5,9328,8.2,9759,8.5,8743,7.7,10158,8.9,9243,8.1,108582,8122,7.5,7782,7.2,9234,8.5,9255,8.5,9883,9.1,8373,7.7,9018,8.3,8825,8.1,9303,8.6,10027,9.2,10046,9.3,8714,8.0,108903,9284,8.5,7296,6.7,9620,8.8,8418,7.7,10337,9.5,9088,8.3,9553,8.8,9330,8.6,8334,7.7,9357,8.6,8804,8.1,9482,8.7,102770,6975,6.8,6870,6.7,8226,8.0,7150,7.0,8673,8.4,8927,8.7,8190,8.0,9576,9.3,9998,9.7,8852,8.6,9435,9.2,9898,9.6,102915,8676,8.4,7112,6.9,8700,8.5,8472,8.2,8875,8.6,9335,9.1,9029,8.8,8596,8.4,8310,8.1,7903,7.7,8668,8.4,9239,9.0,96964,6893,7.1,6355,6.6,6928,7.1,7900,8.1,9228,9.5,8096,8.3,8175,8.4,8139,8.4,8639,8.9,8985,9.3,8966,9.2,8660,8.9,100114,7032,7.0,6409,6.4,8485,8.5,7561,7.6,9040,9.0,8398,8.4,8897,8.9,9111,9.1,8341,8.3,9487,9.5,7981,8.0,9372,9.4,104626,8213,7.8,7795,7.5,8568,8.2,8846,8.5,9638,9.2,8796,8.4,9219,8.8,8759,8.4,8491,8.1,8338,8.0,9280,8.9,8683,8.3,108013,6802,6.3,7922,7.3,8592,8.0,9429,8.7,9584,8.9,9044,8.4,10305,9.5,9575,8.9,10052,9.3,8909,8.2,8881,8.2,8918,8.3
"대한적십자사","전북",남자,94813,8102,8.5,5268,5.6,7072,7.5,9872,10.4,8859,9.3,7315,7.7,7782,8.2,7776,8.2,8620,9.1,7999,8.4,8606,9.1,7542,8.0,87682,7550,8.6,5639,6.4,7578,8.6,7535,8.6,7881,9.0,7851,9.0,7061,8.1,6753,7.7,7112,8.1,7540,8.6,7880,9.0,7302,8.3,87191,6783,7.8,6513,7.5,6619,7.6,7267,8.3,9914,11.4,7231,8.3,7386,8.5,7047,8.1,7428,8.5,6696,7.7,7617,8.7,6690,7.7,82490,6264,7.6,6018,7.3,7242,8.8,6985,8.5,7297,8.8,6452,7.8,7258,8.8,6589,8.0,7042,8.5,7728,9.4,7262,8.8,6353,7.7,81328,7250,8.9,5501,6.8,7431,9.1,6223,7.7,7258,8.9,6726,8.3,7137,8.8,7192,8.8,6393,7.9,6750,8.3,6355,7.8,7112,8.7,76352,5331,7.0,5164,6.8,6240,8.2,5440,7.1,6321,8.3,6893,9.0,6042,7.9,6941,9.1,7304,9.6,6376,8.4,7086,9.3,7214,9.4,76286,6350,8.3,5368,7.0,6752,8.9,6246,8.2,6813,8.9,6554,8.6,6553,8.6,6510,8.5,6100,8.0,5877,7.7,6199,8.1,6964,9.1,69236,5240,7.6,4719,6.8,4986,7.2,5604,8.1,6814,9.8,5331,7.7,5892,8.5,5856,8.5,5849,8.4,6320,9.1,6252,9.0,6373,9.2,72737,5306,7.3,4648,6.4,6468,8.9,5373,7.4,6456,8.9,6093,8.4,6155,8.5,6306,8.7,6198,8.5,6676,9.2,6137,8.4,6921,9.5,75244,5935,7.9,5499,7.3,6464,8.6,6414,8.5,6896,9.2,6402,8.5,6696,8.9,6465,8.6,5971,7.9,5773,7.7,6479,8.6,6250,8.3,77234,5038,6.5,5813,7.5,6209,8.0,7023,9.1,6978,9.0,6302,8.2,7130,9.2,6807,8.8,7192,9.3,6161,8.0,6271,8.1,6310,8.2
"대한적십자사","전북",여자,34065,3096,9.1,1750,5.1,2658,7.8,3078,9.0,3326,9.8,2095,6.2,2636,7.7,3126,9.2,3259,9.6,3487,10.2,3021,8.9,2533,7.4,28422,1974,6.9,1520,5.3,2624,9.2,2236,7.9,2869,10.1,2655,9.3,2207,7.8,2150,7.6,2327,8.2,2685,9.4,2563,9.0,2612,9.2,27027,1646,6.1,1874,6.9,2097,7.8,2121,7.8,2693,10.0,2538,9.4,2305,8.5,2281,8.4,2331,8.6,2047,7.6,2541,9.4,2553,9.4,26092,1858,7.1,1764,6.8,1992,7.6,2270,8.7,2586,9.9,1921,7.4,1760,6.7,2236,8.6,2261,8.7,2299,8.8,2784,10.7,2361,9.0,27575,2034,7.4,1795,6.5,2189,7.9,2195,8.0,3079,11.2,2362,8.6,2416,8.8,2138,7.8,1941,7.0,2607,9.5,2449,8.9,2370,8.6,26418,1644,6.2,1706,6.5,1986,7.5,1710,6.5,2352,8.9,2034,7.7,2148,8.1,2635,10.0,2694,10.2,2476,9.4,2349,8.9,2684,10.2,26629,2326,8.7,1744,6.5,1948,7.3,2226,8.4,2062,7.7,2781,10.4,2476,9.3,2086,7.8,2210,8.3,2026,7.6,2469,9.3,2275,8.5,27728,1653,6.0,1636,5.9,1942,7.0,2296,8.3,2414,8.7,2765,10.0,2283,8.2,2283,8.2,2790,10.1,2665,9.6,2714,9.8,2287,8.2,27377,1726,6.3,1761,6.4,2017,7.4,2188,8.0,2584,9.4,2305,8.4,2742,10.0,2805,10.2,2143,7.8,2811,10.3,1844,6.7,2451,9.0,29382,2278,7.8,2296,7.8,2104,7.2,2432,8.3,2742,9.3,2394,8.1,2523,8.6,2294,7.8,2520,8.6,2565,8.7,2801,9.5,2433,8.3,30779,1764,5.7,2109,6.9,2383,7.7,2406,7.8,2606,8.5,2742,8.9,3175,10.3,2768,9.0,2860,9.3,2748,8.9,2610,8.5,2608,8.5
"대한적십자사","광주·전남",계,221529,17973,8.1,15120,6.8,18120,8.2,17958,8.1,20461,9.2,18240,8.2,19745,8.9,18366,8.3,17755,8.0,19645,8.9,20342,9.2,17804,8.0,202083,15178,7.5,14044,6.9,18080,8.9,16976,8.4,19007,9.4,16615,8.2,18028,8.9,15375,7.6,15772,7.8,19004,9.4,17788,8.8,16216,8.0,220266,15172,6.9,15666,7.1,18277,8.3,17394,7.9,22455,10.2,18012,8.2,19060,8.7,19113,8.7,19438,8.8,16477,7.5,19117,8.7,20085,9.1,206743,15917,7.7,13544,6.6,18633,9.0,17624,8.5,22238,10.8,16273,7.9,17883,8.6,15443,7.5,18067,8.7,17016,8.2,18924,9.2,15181,7.3,206605,15444,7.5,13452,6.5,17448,8.4,19061,9.2,19180,9.3,16066,7.8,18916,9.2,16083,7.8,17923,8.7,18194,8.8,18565,9.0,16273,7.9,183153,15132,8.3,14091,7.7,15223,8.3,12776,7.0,16328,8.9,15756,8.6,15301,8.4,14986,8.2,15316,8.4,15953,8.7,16008,8.7,16283,8.9,185298,16156,8.7,13845,7.5,17265,9.3,14661,7.9,16252,8.8,14593,7.9,16733,9.0,15514,8.4,14837,8.0,13989,7.5,15174,8.2,16279,8.8,189525,13115,6.9,12233,6.5,13074,6.9,16891,8.9,17738,9.4,15225,8.0,15476,8.2,15683,8.3,19046,10.0,17565,9.3,17404,9.2,16075,8.5,189087,13144,7.0,14578,7.7,14757,7.8,15032,7.9,16293,8.6,15263,8.1,18791,9.9,16850,8.9,15269,8.1,15483,8.2,16743,8.9,16884,8.9,192586,16001,8.3,16116,8.4,14351,7.5,15258,7.9,16984,8.8,16478,8.6,16565,8.6,15811,8.2,15449,8.0,16318,8.5,17424,9.0,15831,8.2,183217,13497,7.4,14487,7.9,15809,8.6,14385,7.9,16126,8.8,16084,8.8,16509,9.0,16407,9.0,14975,8.2,14187,7.7,15923,8.7,14828,8.1
"대한적십자사","광주·전남",남자,141809,11584,8.2,9748,6.9,11554,8.1,11810,8.3,12921,9.1,12295,8.7,12413,8.8,11397,8.0,11209,7.9,12453,8.8,12524,8.8,11901,8.4,133199,10195,7.7,9696,7.3,12013,9.0,11404,8.6,12411,9.3,11262,8.5,11636,8.7,10131,7.6,10381,7.8,12553,9.4,11320,8.5,10197,7.7,147667,10356,7.0,10617,7.2,12839,8.7,11770,8.0,14227,9.6,12797,8.7,12796,8.7,12469,8.4,12919,8.7,10906,7.4,12703,8.6,13268,9.0,141168,10808,7.7,9369,6.6,12615,8.9,12558,8.9,15281,10.8,10898,7.7,11997,8.5,10614,7.5,11948,8.5,11598,8.2,12945,9.2,10537,7.5,141682,10615,7.5,9602,6.8,11816,8.3,14633,10.3,12182,8.6,10973,7.7,12045,8.5,11018,7.8,12320,8.7,12433,8.8,12880,9.1,11165,7.9,127499,10600,8.3,9802,7.7,11232,8.8,9221,7.2,11129,8.7,11376,8.9,10466,8.2,10161,8.0,10262,8.0,10927,8.6,11178,8.8,11145,8.7,127598,11049,8.7,9591,7.5,12034,9.4,10466,8.2,10685,8.4,9803,7.7,11226,8.8,10809,8.5,10429,8.2,9898,7.8,10498,8.2,11110,8.7,124892,9375,7.5,8310,6.7,9039,7.2,10184,8.2,11465,9.2,10437,8.4,10179,8.2,10379,8.3,11231,9.0,11206,9.0,11512,9.2,11575,9.3,128962,9352,7.3,9928,7.7,10363,8.0,10729,8.3,11090,8.6,10501,8.1,11902,9.2,10462,8.1,10586,8.2,10985,8.5,11362,8.8,11702,9.1,131044,11019,8.4,10393,7.9,10139,7.7,10684,8.2,11322,8.6,11208,8.6,11441,8.7,10783,8.2,10198,7.8,11275,8.6,11843,9.0,10739,8.2,124065,9831,7.9,9937,8.0,11162,9.0,9780,7.9,10693,8.6,10902,8.8,10910,8.8,10987,8.9,9883,8.0,9735,7.8,10588,8.5,9657,7.8
"대한적십자사","광주·전남",여자,79720,6389,8.0,5372,6.7,6566,8.2,6148,7.7,7540,9.5,5945,7.5,7332,9.2,6969,8.7,6546,8.2,7192,9.0,7818,9.8,5903,7.4,68884,4983,7.2,4348,6.3,6067,8.8,5572,8.1,6596,9.6,5353,7.8,6392,9.3,5244,7.6,5391,7.8,6451,9.4,6468,9.4,6019,8.7,72599,4816,6.6,5049,7.0,5438,7.5,5624,7.7,8228,11.3,5215,7.2,6264,8.6,6644,9.2,6519,9.0,5571,7.7,6414,8.8,6817,9.4,65575,5109,7.8,4175,6.4,6018,9.2,5066,7.7,6957,10.6,5375,8.2,5886,9.0,4829,7.4,6119,9.3,5418,8.3,5979,9.1,4644,7.1,64923,4829,7.4,3850,5.9,5632,8.7,4428,6.8,6998,10.8,5093,7.8,6871,10.6,5065,7.8,5603,8.6,5761,8.9,5685,8.8,5108,7.9,55654,4532,8.1,4289,7.7,3991,7.2,3555,6.4,5199,9.3,4380,7.9,4835,8.7,4825,8.7,5054,9.1,5026,9.0,4830,8.7,5138,9.2,57700,5107,8.9,4254,7.4,5231,9.1,4195,7.3,5567,9.6,4790,8.3,5507,9.5,4705,8.2,4408,7.6,4091,7.1,4676,8.1,5169,9.0,64633,3740,5.8,3923,6.1,4035,6.2,6707,10.4,6273,9.7,4788,7.4,5297,8.2,5304,8.2,7815,12.1,6359,9.8,5892,9.1,4500,7.0,60125,3792,6.3,4650,7.7,4394,7.3,4303,7.2,5203,8.7,4762,7.9,6889,11.5,6388,10.6,4683,7.8,4498,7.5,5381,8.9,5182,8.6,61542,4982,8.1,5723,9.3,4212,6.8,4574,7.4,5662,9.2,5270,8.6,5124,8.3,5028,8.2,5251,8.5,5043,8.2,5581,9.1,5092,8.3,59152,3666,6.2,4550,7.7,4647,7.9,4605,7.8,5433,9.2,5182,8.8,5599,9.5,5420,9.2,5092,8.6,4452,7.5,5335,9.0,5171,8.7
"대한적십자사","경남",계,135724,11820,8.7,9709,7.2,12124,8.9,10938,8.1,12511,9.2,11224,8.3,12111,8.9,10511,7.7,10576,7.8,11204,8.3,12329,9.1,10667,7.9,127724,11652,9.1,8845,6.9,11545,9.0,10738,8.4,10679,8.4,9782,7.7,11416,8.9,10551,8.3,9119,7.1,10640,8.3,10621,8.3,12136,9.5,130495,10255,7.9,9755,7.5,12309,9.4,9874,7.6,12023,9.2,10105,7.7,12251,9.4,10208,7.8,11170,8.6,9538,7.3,11592,8.9,11415,8.7,134719,11562,8.6,8659,6.4,11766,8.7,11140,8.3,13023,9.7,10406,7.7,11684,8.7,11310,8.4,10631,7.9,10975,8.1,13126,9.7,10437,7.7,132957,11941,9.0,8507,6.4,11846,8.9,10773,8.1,11039,8.3,10240,7.7,12131,9.1,12704,9.6,9804,7.4,10767,8.1,11599,8.7,11606,8.7,131089,10285,7.8,10624,8.1,11007,8.4,9568,7.3,11670,8.9,10817,8.3,11772,9.0,11458,8.7,11262,8.6,10726,8.2,10481,8.0,11419,8.7,124647,10656,8.5,8803,7.1,10898,8.7,10454,8.4,11313,9.1,10354,8.3,10467,8.4,9803,7.9,9733,7.8,9306,7.5,11062,8.9,11798,9.5,123250,9007,7.3,8317,6.7,8964,7.3,11058,9.0,11835,9.6,10319,8.4,10842,8.8,10150,8.2,10308,8.4,10717,8.7,10843,8.8,10890,8.8,129093,9747,7.6,10501,8.1,10040,7.8,9792,7.6,10939,8.5,11031,8.5,10911,8.5,11026,8.5,10827,8.4,11209,8.7,11589,9.0,11481,8.9,136511,11345,8.3,9968,7.3,10758,7.9,11308,8.3,12006,8.8,11682,8.6,12743,9.3,11954,8.8,10298,7.5,11075,8.1,11779,8.6,11595,8.5,135001,9825,7.3,10493,7.8,11421,8.5,11212,8.3,11112,8.2,12387,9.2,12625,9.4,11239,8.3,12407,9.2,10018,7.4,10698,7.9,11564,8.6
"대한적십자사","경남",남자,106235,9330,8.8,7621,7.2,9613,9.0,8595,8.1,9479,8.9,9225,8.7,9184,8.6,8188,7.7,8200,7.7,9027,8.5,9509,9.0,8264,7.8,100136,9312,9.3,7267,7.3,9024,9.0,8538,8.5,8593,8.6,7734,7.7,8455,8.4,8381,8.4,7235,7.2,8337,8.3,8070,8.1,9190,9.2,101365,8266,8.2,7819,7.7,9555,9.4,8038,7.9,9127,9.0,8358,8.2,8919,8.8,8128,8.0,8319,8.2,7464,7.4,8926,8.8,8446,8.3,102900,8964,8.7,6553,6.4,9560,9.3,8248,8.0,10166,9.9,8116,7.9,8766,8.5,8527,8.3,8118,7.9,8122,7.9,10008,9.7,7752,7.5,101395,9481,9.4,6628,6.5,9277,9.1,8272,8.2,8129,8.0,7846,7.7,8847,8.7,9599,9.5,7280,7.2,8224,8.1,9260,9.1,8552,8.4,100405,7994,8.0,8222,8.2,8685,8.6,7492,7.5,8767,8.7,8445,8.4,8936,8.9,8375,8.3,8545,8.5,8357,8.3,8126,8.1,8461,8.4,95004,8003,8.4,6654,7.0,8650,9.1,8042,8.5,8444,8.9,7830,8.2,7525,7.9,7535,7.9,7631,8.0,7287,7.7,8479,8.9,8924,9.4,92168,6908,7.5,6254,6.8,6731,7.3,8017,8.7,8559,9.3,7728,8.4,8246,8.9,7475,8.1,7627,8.3,7940,8.6,8248,8.9,8435,9.2,99097,7546,7.6,7861,7.9,7948,8.0,7618,7.7,8363,8.4,8524,8.6,8185,8.3,8535,8.6,8166,8.2,8551,8.6,9002,9.1,8798,8.9,103116,8807,8.5,7643,7.4,8086,7.8,8905,8.6,9061,8.8,9150,8.9,9270,9.0,9235,9.0,7549,7.3,8331,8.1,8888,8.6,8191,7.9,100392,7586,7.6,8043,8.0,8303,8.3,8926,8.9,7998,8.0,9103,9.1,9132,9.1,8300,8.3,8850,8.8,7422,7.4,8253,8.2,8476,8.4
"대한적십자사","경남",여자,29489,2490,8.4,2088,7.1,2511,8.5,2343,7.9,3032,10.3,1999,6.8,2927,9.9,2323,7.9,2376,8.1,2177,7.4,2820,9.6,2403,8.1,27588,2340,8.5,1578,5.7,2521,9.1,2200,8.0,2086,7.6,2048,7.4,2961,10.7,2170,7.9,1884,6.8,2303,8.3,2551,9.2,2946,10.7,29130,1989,6.8,1936,6.6,2754,9.5,1836,6.3,2896,9.9,1747,6.0,3332,11.4,2080,7.1,2851,9.8,2074,7.1,2666,9.2,2969,10.2,31819,2598,8.2,2106,6.6,2206,6.9,2892,9.1,2857,9.0,2290,7.2,2918,9.2,2783,8.7,2513,7.9,2853,9.0,3118,9.8,2685,8.4,31562,2460,7.8,1879,6.0,2569,8.1,2501,7.9,2910,9.2,2394,7.6,3284,10.4,3105,9.8,2524,8.0,2543,8.1,2339,7.4,3054,9.7,30684,2291,7.5,2402,7.8,2322,7.6,2076,6.8,2903,9.5,2372,7.7,2836,9.2,3083,10.0,2717,8.9,2369,7.7,2355,7.7,2958,9.6,29643,2653,8.9,2149,7.2,2248,7.6,2412,8.1,2869,9.7,2524,8.5,2942,9.9,2268,7.7,2102,7.1,2019,6.8,2583,8.7,2874,9.7,31082,2099,6.8,2063,6.6,2233,7.2,3041,9.8,3276,10.5,2591,8.3,2596,8.4,2675,8.6,2681,8.6,2777,8.9,2595,8.3,2455,7.9,29996,2201,7.3,2640,8.8,2092,7.0,2174,7.2,2576,8.6,2507,8.4,2726,9.1,2491,8.3,2661,8.9,2658,8.9,2587,8.6,2683,8.9,33395,2538,7.6,2325,7.0,2672,8.0,2403,7.2,2945,8.8,2532,7.6,3473,10.4,2719,8.1,2749,8.2,2744,8.2,2891,8.7,3404,10.2,34609,2239,6.5,2450,7.1,3118,9.0,2286,6.6,3114,9.0,3284,9.5,3493,10.1,2939,8.5,3557,10.3,2596,7.5,2445,7.1,3088,8.9
"대한적십자사","제주",계,40676,2879,7.1,2529,6.2,3419,8.4,3606,8.9,3457,8.5,3961,9.7,3575,8.8,3324,8.2,3362,8.3,3924,9.6,3752,9.2,2888,7.1,35806,2806,7.8,2494,7.0,3065,8.6,3149,8.8,3444,9.6,3456,9.7,3084,8.6,2729,7.6,2922,8.2,2809,7.8,3096,8.6,2752,7.7,37804,2469,6.5,3080,8.1,3496,9.2,2915,7.7,3752,9.9,3181,8.4,3242,8.6,3316,8.8,3149,8.3,2787,7.4,3166,8.4,3251,8.6,34264,2795,8.2,2147,6.3,3044,8.9,2922,8.5,3401,9.9,2569,7.5,2878,8.4,2824,8.2,2769,8.1,2692,7.9,3333,9.7,2890,8.4,35973,2930,8.1,2554,7.1,2921,8.1,2983,8.3,3421,9.5,2951,8.2,3304,9.2,2940,8.2,2739,7.6,3126,8.7,3116,8.7,2988,8.3,41673,2705,6.5,2925,7.0,3564,8.6,3352,8.0,3856,9.3,3573,8.6,4131,9.9,3352,8.0,3637,8.7,3515,8.4,3847,9.2,3216,7.7,42035,3857,9.2,2796,6.7,3598,8.6,4009,9.5,3451,8.2,3673,8.7,3589,8.5,3259,7.8,3511,8.4,3247,7.7,3417,8.1,3628,8.6,41748,3035,7.3,2849,6.8,3135,7.5,3260,7.8,4016,9.6,3490,8.4,3813,9.1,3572,8.6,3687,8.8,3634,8.7,3645,8.7,3612,8.7,47103,3041,6.5,3374,7.2,3810,8.1,3799,8.1,4012,8.5,4299,9.1,4134,8.8,4056,8.6,4057,8.6,4095,8.7,4180,8.9,4246,9.0,49495,4144,8.4,3858,7.8,4044,8.2,4328,8.7,4177,8.4,3824,7.7,4424,8.9,4331,8.8,3959,8.0,4089,8.3,4043,8.2,4274,8.6,48060,3707,7.7,3715,7.7,3902,8.1,4140,8.6,4240,8.8,4128,8.6,4341,9.0,4343,9.0,4025,8.4,3675,7.6,3755,7.8,4089,8.5
"대한적십자사","제주",남자,25685,1990,7.7,1649,6.4,2196,8.5,2457,9.6,2340,9.1,2386,9.3,2232,8.7,1853,7.2,1984,7.7,2469,9.6,2472,9.6,1657,6.5,23719,1975,8.3,1632,6.9,1965,8.3,2089,8.8,2288,9.6,2220,9.4,2059,8.7,1750,7.4,1923,8.1,1902,8.0,2132,9.0,1784,7.5,25714,1713,6.7,2047,8.0,2560,10.0,2060,8.0,2323,9.0,2135,8.3,2217,8.6,2280,8.9,2055,8.0,1981,7.7,2254,8.8,2089,8.1,24219,2012,8.3,1530,6.3,2230,9.2,2054,8.5,2430,10.0,1935,8.0,2086,8.6,2113,8.7,1824,7.5,1731,7.1,2311,9.5,1963,8.1,24651,2094,8.5,1806,7.3,1909,7.7,2082,8.4,2359,9.6,2087,8.5,2210,9.0,1912,7.8,1879,7.6,2085,8.5,2098,8.5,2130,8.6,29017,1920,6.6,1975,6.8,2564,8.8,2285,7.9,2713,9.3,2448,8.4,2959,10.2,2348,8.1,2504,8.6,2480,8.5,2666,9.2,2155,7.4,29466,2789,9.5,1896,6.4,2563,8.7,2884,9.8,2360,8.0,2395,8.1,2380,8.1,2270,7.7,2600,8.8,2426,8.2,2339,7.9,2564,8.7,28988,2187,7.5,2012,6.9,2069,7.1,2181,7.5,2791,9.6,2343,8.1,2811,9.7,2309,8.0,2764,9.5,2401,8.3,2449,8.4,2671,9.2,32532,2210,6.8,2329,7.2,2696,8.3,2636,8.1,2841,8.7,2910,8.9,2734,8.4,2970,9.1,2762,8.5,2702,8.3,2766,8.5,2976,9.1,34144,2832,8.3,2627,7.7,2716,8.0,3081,9.0,2764,8.1,2678,7.8,3055,8.9,2963,8.7,2738,8.0,2865,8.4,2876,8.4,2949,8.6,32507,2574,7.9,2542,7.8,2699,8.3,2715,8.4,2955,9.1,2923,9.0,2726,8.4,3050,9.4,2712,8.3,2384,7.3,2631,8.1,2596,8.0
"대한적십자사","제주",여자,14991,889,5.9,880,5.9,1223,8.2,1149,7.7,1117,7.5,1575,10.5,1343,9.0,1471,9.8,1378,9.2,1455,9.7,1280,8.5,1231,8.2,12087,831,6.9,862,7.1,1100,9.1,1060,8.8,1156,9.6,1236,10.2,1025,8.5,979,8.1,999,8.3,907,7.5,964,8.0,968,8.0,12090,756,6.3,1033,8.5,936,7.7,855,7.1,1429,11.8,1046,8.7,1025,8.5,1036,8.6,1094,9.0,806,6.7,912,7.5,1162,9.6,10045,783,7.8,617,6.1,814,8.1,868,8.6,971,9.7,634,6.3,792,7.9,711,7.1,945,9.4,961,9.6,1022,10.2,927,9.2,11322,836,7.4,748,6.6,1012,8.9,901,8.0,1062,9.4,864,7.6,1094,9.7,1028,9.1,860,7.6,1041,9.2,1018,9.0,858,7.6,12656,785,6.2,950,7.5,1000,7.9,1067,8.4,1143,9.0,1125,8.9,1172,9.3,1004,7.9,1133,9.0,1035,8.2,1181,9.3,1061,8.4,12569,1068,8.5,900,7.2,1035,8.2,1125,9.0,1091,8.7,1278,10.2,1209,9.6,989,7.9,911,7.2,821,6.5,1078,8.6,1064,8.5,12760,848,6.6,837,6.6,1066,8.4,1079,8.5,1225,9.6,1147,9.0,1002,7.9,1263,9.9,923,7.2,1233,9.7,1196,9.4,941,7.4,14571,831,5.7,1045,7.2,1114,7.6,1163,8.0,1171,8.0,1389,9.5,1400,9.6,1086,7.5,1295,8.9,1393,9.6,1414,9.7,1270,8.7,15351,1312,8.5,1231,8.0,1328,8.7,1247,8.1,1413,9.2,1146,7.5,1369,8.9,1368,8.9,1221,8.0,1224,8.0,1167,7.6,1325,8.6,15553,1133,7.3,1173,7.5,1203,7.7,1425,9.2,1285,8.3,1205,7.7,1615,10.4,1293,8.3,1313,8.4,1291,8.3,1124,7.2,1493,9.6
"대한적십자사 외","소계",계,210762,15970,7.6,13610,6.5,17588,8.3,17398,8.3,19158,9.1,16449,7.8,18260,8.7,17274,8.2,17133,8.1,19373,9.2,20563,9.8,17986,8.5,221149,16517,7.5,13982,6.3,18287,8.3,19914,9.0,21135,9.6,19154,8.7,19868,9.0,17866,8.1,15632,7.1,23872,10.8,17705,8.0,17217,7.8,213851,15969,7.5,15195,7.1,18824,8.8,18192,8.5,21987,10.3,16688,7.8,18940,8.9,18433,8.6,17540,8.2,16129,7.5,18151,8.5,17803,8.3,201659,16827,8.3,15542,7.7,15829,7.8,16127,8.0,19183,9.5,16606,8.2,19375,9.6,15782,7.8,16054,8.0,16013,7.9,16765,8.3,17556,8.7,177191,15009,8.5,13174,7.4,13717,7.7,12062,6.8,15058,8.5,14370,8.1,14888,8.4,16271,9.2,12952,7.3,18017,10.2,16203,9.1,15470,8.7,176191,12718,7.2,13689,7.8,18227,10.3,12777,7.3,15552,8.8,14830,8.4,16300,9.3,14588,8.3,13184,7.5,13362,7.6,14060,8.0,16904,9.6,177658,12364,7.0,11457,6.4,15323,8.6,13622,7.7,15597,8.8,15857,8.9,16287,9.2,15062,8.5,13125,7.4,15856,8.9,15581,8.8,17527,9.9,204004,13888,6.8,12755,6.3,14448,7.1,15562,7.6,20103,9.9,16759,8.2,18635,9.1,15496,7.6,16494,8.1,17476,8.6,20082,9.8,22306,10.9,234845,15236,6.5,16504,7.0,20281,8.6,19597,8.3,23015,9.8,20889,8.9,19953,8.5,19124,8.1,17258,7.3,22547,9.6,19745,8.4,20696,8.8,216378,19663,9.1,17743,8.2,16720,7.7,16834,7.8,18246,8.4,16321,7.5,18369,8.5,19266,8.9,17873,8.3,19011,8.8,18371,8.5,17961,8.3,204086,16236,8.0,17848,8.7,17021,8.3,17046,8.4,17529,8.6,17567,8.6,17623,8.6,16784,8.2,16957,8.3,16365,8.0,15447,7.6,17663,8.7
"대한적십자사 외","소계",남자,135665,9848,7.3,8582,6.3,11316,8.3,11660,8.6,12657,9.3,10803,8.0,11764,8.7,10916,8.0,11310,8.3,12527,9.2,12832,9.5,11450,8.4,140818,10476,7.4,8744,6.2,11486,8.2,12796,9.1,13428,9.5,12185,8.7,12783,9.1,11155,7.9,10025,7.1,15036,10.7,11488,8.2,11216,8.0,143380,10357,7.2,9897,6.9,12422,8.7,11845,8.3,14180,9.9,11055,7.7,12928,9.0,12028,8.4,12142,8.5,11298,7.9,12476,8.7,12752,8.9,134139,11550,8.6,9878,7.4,10346,7.7,10856,8.1,12807,9.5,10907,8.1,12663,9.4,10277,7.7,10908,8.1,10812,8.1,11247,8.4,11888,8.9,127334,9820,7.7,9234,7.3,10619,8.3,9406,7.4,11272,8.9,10958,8.6,10833,8.5,10958,8.6,9231,7.2,12464,9.8,11322,8.9,11217,8.8,123326,8845,7.2,9511,7.7,12916,10.5,9050,7.3,10290,8.3,10037,8.1,11506,9.3,10196,8.3,9253,7.5,9693,7.9,10349,8.4,11680,9.5,123175,8578,7.0,7974,6.5,10951,8.9,9679,7.9,10925,8.9,10512,8.5,11384,9.2,10064,8.2,8962,7.3,11190,9.1,10881,8.8,12075,9.8,141062,9626,6.8,8693,6.2,9625,6.8,10685,7.6,13653,9.7,11477,8.1,12912,9.2,10708,7.6,11232,8.0,12452,8.8,14299,10.1,15700,11.1,163633,10565,6.5,11415,7.0,13953,8.5,13753,8.4,15680,9.6,14847,9.1,14178,8.7,13218,8.1,12152,7.4,15626,9.5,13726,8.4,14520,8.9,153393,12919,8.4,12058,7.9,12028,7.8,12654,8.2,13029,8.5,11871,7.7,13485,8.8,13711,8.9,12863,8.4,13676,8.9,12575,8.2,12524,8.2,139946,11087,7.9,12031,8.6,11864,8.5,11503,8.2,12103,8.6,11884,8.5,12088,8.6,11859,8.5,11641,8.3,11497,8.2,10409,7.4,11980,8.6
"대한적십자사 외","소계",여자,75097,6122,8.2,5028,6.7,6272,8.4,5738,7.6,6501,8.7,5646,7.5,6496,8.7,6358,8.5,5823,7.8,6846,9.1,7731,10.3,6536,8.7,80331,6041,7.5,5238,6.5,6801,8.5,7118,8.9,7707,9.6,6969,8.7,7085,8.8,6711,8.4,5607,7.0,8836,11.0,6217,7.7,6001,7.5,70471,5612,8.0,5298,7.5,6402,9.1,6347,9.0,7807,11.1,5633,8.0,6012,8.5,6405,9.1,5398,7.7,4831,6.9,5675,8.1,5051,7.2,67520,5277,7.8,5664,8.4,5483,8.1,5271,7.8,6376,9.4,5699,8.4,6712,9.9,5505,8.2,5146,7.6,5201,7.7,5518,8.2,5668,8.4,49857,5189,10.4,3940,7.9,3098,6.2,2656,5.3,3786,7.6,3412,6.8,4055,8.1,5313,10.7,3721,7.5,5553,11.1,4881,9.8,4253,8.5,52865,3873,7.3,4178,7.9,5311,10.0,3727,7.1,5262,10.0,4793,9.1,4794,9.1,4392,8.3,3931,7.4,3669,6.9,3711,7.0,5224,9.9,54483,3786,6.9,3483,6.4,4372,8.0,3943,7.2,4672,8.6,5345,9.8,4903,9.0,4998,9.2,4163,7.6,4666,8.6,4700,8.6,5452,10.0,62942,4262,6.8,4062,6.5,4823,7.7,4877,7.7,6450,10.2,5282,8.4,5723,9.1,4788,7.6,5262,8.4,5024,8.0,5783,9.2,6606,10.5,71212,4671,6.6,5089,7.1,6328,8.9,5844,8.2,7335,10.3,6042,8.5,5775,8.1,5906,8.3,5106,7.2,6921,9.7,6019,8.5,6176,8.7,62985,6744,10.7,5685,9.0,4692,7.4,4180,6.6,5217,8.3,4450,7.1,4884,7.8,5555,8.8,5010,8.0,5335,8.5,5796,9.2,5437,8.6,64140,5149,8.0,5817,9.1,5157,8.0,5543,8.6,5426,8.5,5683,8.9,5535,8.6,4925,7.7,5316,8.3,4868,7.6,5038,7.9,5683,8.9
