"일별(1)",2015,2016,2017,2018,2019,2020,2021,2022,2023,2024,2025
"01월 01일",28690,13209,21740,27867,21323,22008,19329,30736,29557,27316,38261
"01월 02일",27093,13928,19560,26972,20525,20227,21181,32616,27586,26085,36864
"01월 03일",29394,13929,17597,25812,18684,18665,21645,30918,25534,24013,35749
"01월 04일",30111,12771,17335,25020,17161,19649,20444,29218,23885,22230,36881
"01월 05일",28500,10735,17715,23229,18409,19803,19162,27636,21893,20772,37470
"01월 06일",26356,9640,18126,23982,18639,17594,17948,25548,20438,22544,34789
"01월 07일",24443,10658,20364,23996,17334,15627,16227,23585,21647,23113,32835
"01월 08일",23198,11233,20973,22515,16098,14212,16032,25133,22069,21336,30987
"01월 09일",21932,14155,19907,20999,14976,12433,18408,25937,19784,19874,28335
"01월 10일",24228,16021,18481,19497,14658,12717,19512,23267,17949,18674,27170
"01월 11일",24631,15251,18100,17505,14703,14450,17931,20708,16726,17754,29323
"01월 12일",23095,14315,17307,16733,16408,15230,16768,18544,15667,17337,30167
"01월 13일",21584,14222,16775,18402,16967,14561,16114,16877,15473,19334,28213
"01월 14일",20285,14025,19141,19541,15139,13594,14684,15604,17569,19830,26012
"01월 15일",20004,14905,19504,17839,14059,14525,14104,16393,17689,18446,23643
"01월 16일",19429,16270,19635,16437,14038,15160,15965,17042,16789,17971,21753
"01월 17일",22702,17817,19383,16106,14344,15882,17141,15511,16294,17112,20537
"01월 18일",24110,17228,18968,16404,14663,18421,15236,14292,15843,16416,22374
"01월 19일",22917,15969,18639,16740,16578,20071,13636,13980,15884,16735,23262
"01월 20일",22342,16153,18714,18152,17371,19646,12735,13540,16500,19917,20776
"01월 21일",21548,15923,20939,19179,17314,18876,11472,13326,16305,21035,19210
"01월 22일",21275,16616,21141,18293,17016,18459,11424,15293,15121,19492,18026
"01월 23일",20802,17949,21901,17563,17065,19176,13265,16442,14624,18658,17774
"01월 24일",24702,18768,21339,17810,16881,17243,14011,15493,15173,18147,18460
"01월 25일",25894,18980,21433,17637,17175,15576,14040,14856,14538,17902,21009
"01월 26일",26084,17862,21882,17242,20079,14388,13866,14940,14889,17976,22409
"01월 27일",25914,17868,20188,19438,21199,14477,14338,14955,15882,21149,22034
"01월 28일",25311,18333,18449,20855,22030,15336,14135,15977,18852,22570,20840
"01월 29일",25496,18832,17864,20590,21580,15480,14714,17006,20676,21591,19307
"01월 30일",25146,21923,18506,19924,21438,14957,17007,17643,20007,20856,19348
"01월 31일",29082,23525,18704,20493,20987,14997,18094,15854,19241,20286,20563
"02월 01일",30133,23644,18483,19703,21798,16294,17369,14428,18588,19693,22696
"02월 02일",29798,22667,18146,19430,24295,16664,17072,14702,17699,19273,23794
"02월 03일",29620,22739,17749,20927,24770,14878,16570,14490,17285,22674,22439
"02월 04일",29483,22640,19091,20861,22751,13285,15691,14145,19179,23764,20140
"02월 05일",29310,22082,18853,20731,20986,13096,16436,15263,20291,22633,17666
"02월 06일",28751,23268,18627,19572,20837,13471,19648,16024,19182,21289,15604
"02월 07일",31747,22035,17371,19990,21274,14199,21105,14393,18058,20758,14293
"02월 08일",33691,20486,16869,19697,21986,16370,20175,13440,16885,20374,16786
"02월 09일",31847,19904,16931,19144,24404,17438,18824,13587,16269,19669,18401
"02월 10일",31013,19603,16839,20261,25740,16677,18341,13398,16294,18341,17237
"02월 11일",30325,18509,18592,21163,24774,16451,16832,13486,19020,17928,16343
"02월 12일",29761,16686,18646,20553,23008,16053,15315,15214,20240,18449,14964
"02월 13일",28936,16942,18932,19289,21001,16784,15756,16280,18403,17315,15633
"02월 14일",30731,17476,18172,18887,19860,17520,17470,14710,16965,16378,15341
"02월 15일",31388,14998,17627,16912,18267,20783,16672,13817,16241,15445,18703
"02월 16일",28867,13138,16969,15108,19600,22589,15344,12929,15671,15062,19808
"02월 17일",26379,11940,16942,15906,19644,21453,13968,12478,16062,17872,18139
"02월 18일",25369,11131,18719,16669,18169,18832,13035,12617,18957,19222,17266
"02월 19일",24079,11431,18699,17111,16801,18182,12382,14391,19910,17288,16207
"02월 20일",23863,12381,18600,15997,16205,17680,14287,15627,18691,16053,15852
"02월 21일",24625,12652,17231,14577,15530,17764,14719,14507,17520,15488,16509
"02월 22일",26124,13188,16128,15470,14632,18990,13454,13870,16467,15756,19899
"02월 23일",24359,12519,16400,16051,16272,18688,12723,13672,15699,16890,21506
"02월 24일",22946,12505,16689,18377,16997,17106,12104,13493,15621,20076,20460
"02월 25일",21508,11933,19009,20085,16169,15397,12040,13182,17627,21673,19354
"02월 26일",21473,12115,19123,20010,15064,14726,12746,14568,18474,21892,18397
"02월 27일",21011,13702,19520,19232,14669,14657,14942,15936,16898,21300,18481
"02월 28일",23411,13599,19369,18663,15105,13455,15848,16146,16134,21744,18821
"02월 29일",-,13949,-,-,-,14227,-,-,-,21925,-
"03월 01일",23910,13364,19255,19315,13488,14558,15328,17637,16327,23069,20336
"03월 02일",21654,12655,19281,20201,16573,13028,13571,17199,15148,26365,21697
"03월 03일",19630,11570,18614,22185,17225,12128,12960,16423,14935,27327,22409
"03월 04일",17908,12988,20299,22321,16114,11998,12079,15855,16736,26057,21554
"03월 05일",16486,14691,20951,22085,14913,11238,11969,17473,17789,24205,21111
"03월 06일",15255,16243,20058,20822,14004,13002,15097,18295,15705,23279,19470
"03월 07일",18490,14946,18820,19458,13695,15634,16083,16638,14661,21926,18129
"03월 08일",19170,13345,18622,18563,13628,16518,14565,16177,13895,20995,20817
"03월 09일",17357,13466,17933,18740,15783,16454,13149,17004,12785,22978,22633
"03월 10일",15689,12375,18693,21164,16414,16445,12421,16163,13454,23929,21000
"03월 11일",15053,13314,20092,22050,15219,16864,11861,15451,15684,22927,20363
"03월 12일",14214,15765,20377,21901,14159,15563,11391,16294,16289,21640,19203
"03월 13일",14505,17903,20688,20721,13298,17295,13862,16644,15146,21224,18513
"03월 14일",19013,15906,19475,20010,12915,19374,15349,14825,14917,20857,18654
"03월 15일",20279,14536,19218,19182,13793,19747,14409,13595,14759,20323,21665
"03월 16일",19735,13755,19284,18726,16051,20174,13484,13520,14453,22141,23012
"03월 17일",19370,13302,19764,20126,17402,20138,13154,12824,15056,23222,21669
"03월 18일",17640,14210,20857,20476,16485,20655,12726,12800,18121,21665,20527
"03월 19일",15880,16300,21929,20200,15341,20729,12558,14004,18497,20738,19983
"03월 20일",16243,16872,22328,19152,14233,21014,14640,15381,17813,20029,19363
"03월 21일",19411,16466,21483,18104,13635,22548,15689,14414,17180,19576,19658
"03월 22일",20550,15772,20969,17518,15061,22250,15072,13765,16439,20417,22412
"03월 23일",19088,15845,21164,18640,16558,22232,14089,13142,15770,22327,23791
"03월 24일",19037,15856,22017,21028,17265,21440,14334,12559,16775,23439,21958
"03월 25일",19376,16195,24270,21405,17777,21261,14586,12689,19121,22048,20465
"03월 26일",19844,17717,25480,22617,16660,20917,14801,14250,20438,20986,19131
"03월 27일",19674,18848,27062,21487,16590,20722,16516,15495,19450,20523,18589
"03월 28일",23456,18470,26288,21626,16210,22211,17480,14323,19330,19449,19199
"03월 29일",25305,17127,26455,22186,17232,22581,16992,12955,18961,20464,21846
"03월 30일",25147,17008,25685,23011,19023,21977,16420,12693,18831,22700,23277
"03월 31일",24401,17070,26701,24452,19545,21302,16338,12611,19142,23674,22002
"04월 01일",23265,17060,27837,25321,19477,20143,15469,12627,20897,22169,20895
"04월 02일",22667,17989,27736,24748,18889,19088,15272,14861,21531,21443,19428
"04월 03일",22303,17870,26833,22707,18176,17510,16497,15496,20050,20944,18711
"04월 04일",24537,16583,25004,21351,17023,17520,17151,14357,18262,20409,17919
"04월 05일",25872,15372,23988,20282,16812,17682,16183,13701,16955,20915,19323
"04월 06일",23898,14163,22151,19889,17237,16308,15073,12863,16035,22890,20452
"04월 07일",22770,13677,21447,20460,17408,15007,13848,12405,16508,23572,18357
"04월 08일",21698,13761,21831,20509,16656,14106,13239,12779,18215,22952,16840
"04월 09일",21217,14529,22285,20509,15367,13830,13424,14335,19141,22608,15172
"04월 10일",21052,15663,19985,19000,14069,14621,14978,15343,17384,22485,14454
"04월 11일",23093,14501,18576,18099,13448,16488,15569,13981,15587,21768,14629
"04월 12일",23098,13724,17506,17704,13556,17250,13866,13725,14862,21507,17259
"04월 13일",21805,12354,17066,17730,13822,16813,13019,13736,14391,24186,18468
"04월 14일",19847,12411,17441,18452,14097,15795,12274,13498,14471,24636,16787
"04월 15일",18837,12896,18252,19233,13407,15606,11438,13503,17112,23045,15034
"04월 16일",17545,12915,18436,18881,12265,14866,12006,15057,17887,21567,13626
"04월 17일",16939,12902,17680,17071,11338,14896,14519,16210,15675,21110,12530
"04월 18일",18991,12394,15890,16014,11057,17409,15604,16520,14124,20721,12286
"04월 19일",19827,10661,15312,15075,11462,18840,13462,16945,13457,20954,14111
"04월 20일",18045,10075,14580,15080,12306,18332,11913,17347,13862,22724,15713
"04월 21일",16140,13612,15407,15851,13854,17312,10803,17169,14325,23967,15192
"04월 22일",15597,16604,16485,15754,13471,16858,10555,16707,16704,22058,13556
"04월 23일",15542,18942,15962,14892,11960,16115,11645,19676,17716,20489,13366
"04월 24일",15619,20301,16727,13405,11029,16639,13503,20616,16655,20428,13722
"04월 25일",18830,18326,15352,13287,11391,18376,14346,20294,15602,20578,14589
"04월 26일",19118,18472,15327,14825,13045,18879,13270,20195,14995,21284,17513
"04월 27일",18304,18476,15606,16364,15044,17751,12137,20062,14326,24309,19215
"04월 28일",18081,18786,16489,19239,15701,16894,11977,19727,14499,26086,18343
"04월 29일",18180,21428,18063,21071,15505,16707,12611,20645,16429,25657,17496
"04월 30일",18776,24247,19011,21454,13884,16357,13670,24130,17724,25448,17343
"05월 01일",18450,24630,18692,19601,14342,15914,15163,24585,17960,24953,16891
"05월 02일",21557,24500,19783,19632,15597,17303,17373,24418,17151,24862,17825
"05월 03일",21957,25679,18978,19536,16974,17633,16435,24629,16850,25343,19614
"05월 04일",23081,25821,21225,20152,19539,16335,15790,24853,15201,28216,21046
"05월 05일",23115,24105,19905,21702,19305,15517,14858,25158,14818,28034,20327
"05월 06일",23418,24000,22051,22617,18858,13728,14583,26314,15850,28223,20551
"05월 07일",24006,24556,22296,21584,18558,12870,14233,28397,16612,27260,20178
"05월 08일",24855,25465,23417,21705,17322,11938,16329,28991,15856,26701,19628
"05월 09일",28342,25405,21895,21320,16966,13084,17635,28599,15350,27123,19393
"05월 10일",28995,24533,22638,21760,16985,13212,16169,28658,14797,28250,21540
"05월 11일",27644,25050,23155,21541,18332,11931,15154,28711,14918,30511,23114
"05월 12일",27518,25836,24324,23156,18050,10844,14369,28934,15770,31743,21792
"05월 13일",27497,26652,26249,23555,18039,10616,13766,29536,18877,31898,21239
"05월 14일",28591,27603,26943,25263,17093,10278,13829,31747,19810,32068,21351
"05월 15일",28012,28348,27402,24882,16109,11369,16092,32428,18638,32125,20762
"05월 16일",29730,28374,27165,24064,16241,17292,16399,32611,17822,31094,20263
"05월 17일",30429,28252,26659,23586,16436,19604,15685,32089,17218,31794,23367
"05월 18일",30289,27478,26962,24002,17714,21211,15875,32001,16469,33648,24618
"05월 19일",30330,27846,28851,25588,18597,20344,15667,32626,17232,35031,24032
"05월 20일",29760,28710,30764,26130,18650,20199,15920,32954,19378,33545,23237
"05월 21일",29933,30602,31006,28053,18448,20126,16018,35401,20164,32746,22319
"05월 22일",30400,31336,32158,26371,18691,20916,18130,36588,19584,32478,22121
"05월 23일",31528,31068,32011,27454,19112,23746,19170,36497,19414,32199,22905
"05월 24일",33164,29594,32550,27754,19007,24727,18295,36176,18583,32533,25633
"05월 25일",33110,29758,33636,28378,21400,23315,17630,36065,18952,34666,27274
"05월 26일",31887,29288,35093,30767,21496,22419,16925,36230,19022,36138,26983
"05월 27일",32487,30070,37731,31783,21834,21364,16716,36721,20356,35859,26440
"05월 28일",32983,31919,39260,32453,21936,20581,16870,38826,21882,36281,25386
"05월 29일",33760,33039,39508,32038,22292,19546,18601,40143,21655,36014,26013
"05월 30일",35497,33045,39315,32725,23194,21788,19088,39809,21304,36826,28089
"05월 31일",36744,32921,40284,33766,24965,22814,17544,40234,21456,38771,31189
"06월 01일",36165,32583,40222,33349,27471,21949,16314,39568,21397,40423,32479
"06월 02일",34824,32348,40833,33848,27785,20198,15583,39784,21906,41218,31694
"06월 03일",33723,32956,42105,33853,27064,19660,14578,39945,23946,40105,31819
"06월 04일",32680,34910,42221,33413,26197,19044,16644,41273,25022,39267,30802
"06월 05일",31663,35391,43266,32131,26360,18115,20251,42193,25148,39007,31100
"06월 06일",33908,33898,42141,32306,26809,19982,21109,41664,26835,39287,32567
"06월 07일",34606,33209,41307,30691,27291,20896,20274,40839,25354,39892,34659
"06월 08일",32806,31849,40421,30758,28609,19595,19429,39821,24219,42030,35460
"06월 09일",30995,30171,40934,31776,28933,18131,18605,38875,24016,42605,34679
"06월 10일",30660,30198,42195,31645,28516,17892,17876,38584,25410,41570,34068
"06월 11일",30434,30953,42232,31086,27783,17219,17533,40389,25933,40680,33348
"06월 12일",30009,30784,41248,29991,27332,17373,19041,41290,24579,39950,33109
"06월 13일",32160,29500,40477,29102,26927,19795,20035,40542,24137,40019,34776
"06월 14일",34032,28837,40081,29876,27561,20586,19226,41541,25131,41528,38887
"06월 15일",32270,27546,39205,29601,28623,19759,17250,41903,25196,43774,40651
"06월 16일",30683,26274,38427,30615,28206,18837,16069,42004,25212,44761,39485
"06월 17일",30122,26253,38986,30661,27468,18676,14567,41683,26849,43725,38042
"06월 18일",29716,27118,38747,29779,26153,18011,14471,43405,27755,41982,36881
"06월 19일",30269,27398,37905,28124,24697,17846,16065,44386,26471,40460,36129
"06월 20일",32841,25977,36565,27396,23606,19997,16725,43359,24608,39470,35676
"06월 21일",33818,23743,35129,26175,23202,20655,15143,41905,23943,38524,37486
"06월 22일",33526,22538,34017,25649,24689,19968,14235,41135,22916,39581,38600
"06월 23일",33587,21441,33050,26325,25513,19159,13442,39278,22509,40702,37508
"06월 24일",33654,21990,33902,27028,24715,18865,12558,38970,24491,38453,36064
"06월 25일",33581,23799,34110,25310,22805,19151,13028,40379,26014,36657,35464
"06월 26일",32873,24756,31982,23205,21112,20093,15080,41925,24463,35712,34933
"06월 27일",35023,23995,30608,21212,19679,23482,16273,40052,23620,34924,35175
"06월 28일",35952,22556,28429,19150,18758,24557,15256,38661,23346,34507,37559
"06월 29일",35429,22064,26645,18526,19938,24784,14556,37353,21277,35720,39051
"06월 30일",34511,20036,25123,19374,20692,24235,14291,36355,21426,36471,37406
"07월 01일",34306,18527,25984,19658,19675,23267,13525,36065,23323,34641,36278
"07월 02일",33514,19851,26071,17489,18593,22162,13230,37474,24464,33058,35162
"07월 03일",33143,19732,23855,15105,18863,21443,14159,37810,23544,31807,33978
"07월 04일",35411,18861,21596,14926,17434,23188,15300,36180,22315,30695,33995
"07월 05일",35828,18310,19979,13960,17446,24268,14202,35573,22784,31002,37303
"07월 06일",36119,17973,19322,14764,19484,22542,13217,33937,23195,33397,38496
"07월 07일",35276,18583,20250,17832,19911,21593,12447,33943,23572,34028,37759
"07월 08일",35253,18827,22266,18926,19453,20541,12880,33997,25536,33200,37383
"07월 09일",34903,19123,22724,19011,19015,19602,13584,35514,26592,32569,37229
"07월 10일",35834,19430,22552,18603,18223,19024,15787,36193,26702,31829,36497
"07월 11일",37857,19210,22965,17798,18915,21158,17002,34899,25790,30442,37332
"07월 12일",38422,19090,22694,18303,19417,21497,15614,34710,26444,30850,39739
"07월 13일",38579,20114,23950,18785,21274,20090,15204,34831,26978,33074,40901
"07월 14일",39058,20038,24139,20080,21626,18938,13835,34448,27484,33765,40586
"07월 15일",39064,20638,26233,20518,21868,18296,13087,33928,29009,32653,40119
"07월 16일",39690,22168,26685,20721,21449,17664,13445,32440,29893,32166,39734
"07월 17일",40312,22624,27607,20055,21362,17981,15767,33745,30217,31593,39332
"07월 18일",43467,23172,27980,19521,21638,21249,17440,32480,29507,30922,39537
"07월 19일",43774,23649,28652,18788,21115,22506,15971,31924,29069,30782,41360
"07월 20일",42597,23500,29564,18665,22282,21677,14680,32175,28907,31880,42979
"07월 21일",42327,23289,30186,20344,23221,20256,13599,31083,29893,32903,41423
"07월 22일",41063,23462,32037,20048,22428,18902,12693,30459,33376,31085,40119
"07월 23일",40666,25139,32151,20335,20601,17575,12064,32477,34486,29657,39393
"07월 24일",39639,26160,32618,19373,19287,17689,13262,34025,33843,28550,38849
"07월 25일",41616,25480,32202,18542,18307,20470,13811,32610,33325,27651,38855
"07월 26일",42377,24590,32127,17504,17983,21324,13263,31996,32763,26569,40826
"07월 27일",41546,23461,32336,16933,19697,20094,12372,31522,32173,27943,42126
"07월 28일",40342,23701,32386,18499,20420,19096,11956,30696,31955,28972,41128
"07월 29일",39476,22827,34408,19728,19378,18205,11722,30023,33983,27445,40154
"07월 30일",38860,24550,34739,19885,18693,17547,12162,31149,34763,25972,39527
"07월 31일",37675,25053,35681,19704,18008,17763,14142,31996,34154,25046,39190
"08월 01일",39997,24046,35820,19593,17702,19976,15947,30620,33153,24390,38649
"08월 02일",41158,22804,35986,18591,17665,20532,14555,29284,32247,23746,40837
"08월 03일",39911,22786,35781,18103,18864,20800,13972,27912,31297,25430,41652
"08월 04일",38608,22604,36529,20137,19382,20845,13424,26249,30458,26177,39680
"08월 05일",37520,22020,38106,20023,18079,20293,12722,25464,31856,24386,38410
"08월 06일",35700,23446,37879,19790,16904,20693,12429,27272,32428,23041,36961
"08월 07일",34315,23971,37593,18670,15918,23036,14154,28713,30681,21576,35786
"08월 08일",35502,23221,37116,18188,16107,25344,15079,26221,29183,20560,35062
"08월 09일",35703,21756,37502,17447,15368,25505,13827,24497,27277,19955,38210
"08월 10일",34220,20763,37118,16867,17272,25496,12781,23364,25530,22193,39180
"08월 11일",33031,20070,37225,18343,18099,25164,12320,21865,25546,22949,37610
"08월 12일",31878,19553,39225,18321,17811,25768,11421,21427,28546,21436,36299
"08월 13일",31567,21057,40119,18058,17152,26250,11556,23638,29818,21298,35076
"08월 14일",28248,20779,40547,16904,16819,26669,13524,25123,29876,20710,34269
"08월 15일",30726,20837,40827,17889,17987,29268,14356,25307,31077,22101,36021
"08월 16일",31249,19486,39758,16329,17999,30536,13559,23803,30526,22672,37847
"08월 17일",29695,18809,38854,16025,20491,27948,12810,22053,30548,25720,38944
"08월 18일",27989,18778,38058,17924,21549,27892,11984,20248,31323,27022,37111
"08월 19일",26992,18585,39483,18522,20348,26716,12162,18990,33297,25346,36113
"08월 20일",25912,19625,39219,17606,18923,25650,12304,19999,34838,23960,34450
"08월 21일",25174,20473,38446,16952,17757,24341,13692,20863,33915,22371,33398
"08월 22일",27408,19375,37188,15970,17046,24801,15265,19368,33037,21389,33340
"08월 23일",27874,18639,35742,14757,16480,25172,14180,18387,32176,20804,36288
"08월 24일",26908,18280,34724,13639,18314,24380,12877,17514,31670,23134,37937
"08월 25일",26043,17866,33864,15937,19237,23747,11958,16464,31180,24340,36451
"08월 26일",26114,17989,35403,17103,18206,23001,11487,15960,34083,23332,35358
"08월 27일",26073,18716,36402,15931,17098,22133,11608,19161,35846,22445,34452
"08월 28일",26064,19529,35296,14814,16740,22136,13620,21429,34825,21757,33533
"08월 29일",29424,20041,34265,13974,16812,24617,15310,21198,33812,21292,33149
"08월 30일",30317,18896,33140,14257,17123,25726,14008,22262,34146,21805,36057
"08월 31일",29507,17914,32659,13497,19104,25221,12654,23339,34422,24518,37425
"09월 01일",28125,17783,31950,14477,19166,23634,12204,24157,34984,25579,35791
"09월 02일",27310,18052,33585,14138,17723,22119,11604,25084,37624,24401,34683
"09월 03일",26461,18586,33649,14205,16408,20950,12915,28454,38476,23522,33482
"09월 04일",26268,18335,32275,13956,16060,20294,15695,30199,36930,22992,33044
"09월 05일",27830,17328,30546,13766,15691,22973,16898,28061,35792,22722,33530
"09월 06일",28505,16159,28657,13513,16484,23495,16037,27394,34900,23537,36158
"09월 07일",27593,15387,27553,13565,16779,21254,12304,27482,33969,26293,37413
"09월 08일",26851,15759,26774,16786,17818,19402,12148,28487,33610,27269,35837
"09월 09일",26210,16242,27363,18321,17146,17993,12121,27529,35307,26024,34544
"09월 10일",25723,18601,27414,19636,16786,16452,12037,26372,36027,25103,33973
"09월 11일",25300,19292,25293,19598,16956,15739,13337,26715,34426,24052,33483
"09월 12일",27177,19745,23894,19728,15371,17879,14071,28508,33056,23905,33776
"09월 13일",28087,19322,22487,19594,13990,18800,14671,27667,32083,23468,37120
"09월 14일",27429,17666,21225,19791,14244,16893,13880,26929,30967,25313,38597
"09월 15일",26284,15877,21571,21693,15058,15635,13679,25935,30768,26116,36737
"09월 16일",25882,14836,22620,21681,14693,14468,13410,25630,33321,24680,34998
"09월 17일",25854,14878,23176,22408,13983,13875,14067,29020,34385,23403,33617
"09월 18일",24737,15361,22222,21475,13150,14040,15908,30417,32630,23090,32271
"09월 19일",27066,15156,20613,20377,12544,17026,16963,27966,31649,22144,32123
"09월 20일",28255,13346,20001,19668,12506,17802,15298,27270,30108,21336,34010
"09월 21일",27312,12556,19491,19119,13773,18298,13792,26253,29027,22800,34918
"09월 22일",26324,12126,19486,21167,14257,17819,13211,25232,29419,23803,32498
"09월 23일",25540,11943,20255,20831,13105,17325,13504,24584,31571,21762,31070
"09월 24일",25181,12976,21249,19196,12129,17342,15211,27009,32706,20795,29300
"09월 25일",24804,12778,21006,17992,11885,18263,17305,27962,31789,19218,28269
"09월 26일",24279,12411,20686,17452,11581,22182,18853,25971,31397,18311,27312
"09월 27일",23011,11320,20338,17178,12586,24233,18044,24390,32205,18412,29264
"09월 28일",22144,10194,19847,16410,14123,23540,16644,23323,31210,21355,30338
"09월 29일",22788,11151,21184,17247,15492,23339,15319,22007,29596,22942,28348
"09월 30일",23120,13004,23576,17201,13554,22292,14518,21460,29538,21401,27403
"10월 01일",21326,16593,23997,15523,12398,20854,13658,23027,30456,19885,25739
"10월 02일",20028,16676,22590,14090,12010,20531,14690,23924,29225,19298,24486
"10월 03일",21399,17582,20925,13454,12963,23523,14905,23181,29861,19750,25846
"10월 04일",21627,19589,19254,12495,12153,25307,13630,22119,28017,19460,26376
"10월 05일",19598,19008,17907,11812,13052,24183,12330,21555,27023,21101,25198
"10월 06일",17657,18173,17206,12036,13624,22808,11730,20424,26165,21615,23618
"10월 07일",15751,18091,18061,12572,11987,21118,11246,20913,27219,20202,22946
"10월 08일",14818,18989,18013,12087,12360,19373,11878,23660,27526,19036,22044
"10월 09일",14431,19588,18343,12617,12619,19600,13368,24810,26771,19345,22252
"10월 10일",14585,19904,16946,11804,12445,20326,13779,24575,24289,18285,21314
"10월 11일",15167,18875,15900,11071,13116,20480,12923,23141,22118,19230,23088
"10월 12일",14366,18870,15615,12279,14660,17601,13071,21847,20108,21996,23626
"10월 13일",12804,19113,16575,13780,15214,17600,13009,21024,20257,22750,21469
"10월 14일",12425,19429,17743,13884,14184,17060,13236,20057,21835,20839,19866
"10월 15일",13224,21454,17438,14037,13377,14862,14059,22093,22482,19055,18665
"10월 16일",14145,21360,18062,12352,12778,14583,15971,22952,20763,18472,17605
"10월 17일",15600,22274,16421,12614,12614,16925,17450,21252,20340,17950,17821
"10월 18일",16553,21975,15756,12740,13211,17191,16388,20155,20227,16949,19996
"10월 19일",16110,21780,16085,13443,15485,16080,15336,19051,20137,18599,20933
"10월 20일",15386,21842,17856,14701,17677,13674,14484,17907,21214,19378,19198
"10월 21일",16126,22768,18834,15432,17200,12529,13727,18014,22629,17596,17977
"10월 22일",16424,24697,19357,14620,16753,11555,14243,20315,23495,16375,16595
"10월 23일",16666,25085,18993,13764,16139,12227,15685,21335,22714,15565,15567
"10월 24일",19290,25055,18098,13063,16016,14845,16913,20852,22361,15482,15400
"10월 25일",21397,24017,17612,13175,16964,15260,15686,20560,22095,15937,18040
"10월 26일",22797,23675,17424,13394,18685,14221,15216,20690,22072,18251,19159
"10월 27일",18649,22205,14830,14060,18354,11144,12514,18447,20053,18728,17542
"10월 28일",19686,22905,17014,14601,17696,11785,12999,19953,21814,17442,16778
"10월 29일",19614,25235,17901,14774,17301,12644,14128,23093,23361,17107,15657
"10월 30일",20645,26297,18785,14375,16440,13084,15527,25224,23073,16440,15105
"10월 31일",23418,26822,18485,13684,16447,15297,16330,22433,22858,16637,15131
"11월 01일",24735,26356,17440,13250,15897,16506,15202,21679,21934,16614,16883
"11월 02일",24267,26709,16661,14518,17711,15681,14811,20885,21244,18819,18135
"11월 03일",23181,25936,17149,16692,18128,14696,14354,20953,20800,19800,16633
"11월 04일",22429,26466,18318,16988,17420,14160,13852,21139,22873,18729,15597
"11월 05일",21623,27492,18304,17708,15983,13825,14397,23130,24023,18303,14083
"11월 06일",20692,27792,17901,17057,14925,15230,15869,23502,22350,18515,13773
"11월 07일",21237,26520,16663,17085,14941,18201,17089,22976,21366,18140,14242
"11월 08일",21605,25304,15498,16915,14516,19940,16393,22565,20271,18089,16393
"11월 09일",21431,24427,15045,17951,16490,19329,15685,21844,19515,20407,17187
"11월 10일",19828,23029,14664,20109,16691,18386,15282,21184,19767,21539,15088
"11월 11일",20012,22559,16888,20321,15831,17382,14880,21166,22492,20066,14275
"11월 12일",20191,24245,16807,20773,14762,17025,15033,23350,23157,19246,13641
"11월 13일",20352,24530,16916,20462,15222,16993,16764,24285,22057,19012,13869
"11월 14일",21175,22767,15656,21823,15849,18730,17048,23049,20979,18771,14798
"11월 15일",21946,21616,15799,21623,16025,19335,15898,22016,19688,19168,17178
"11월 16일",20973,22274,15917,22338,18244,18283,14757,21230,18673,21886,18588
"11월 17일",19323,21697,15607,24035,18374,16642,14104,19706,18747,22913,16843
"11월 18일",18742,21466,17251,24793,17773,15187,13697,19785,20773,21648,15942
"11월 19일",19504,22277,17582,24752,17277,13445,14996,21962,21694,21643,15091
"11월 20일",19690,24075,17627,23800,17566,14245,16773,22847,20634,21381,14490
"11월 21일",21259,24036,16802,22533,18603,16408,17991,22460,19778,21853,15424
"11월 22일",22104,22448,16199,22298,19267,17059,17441,21804,19311,23441,18166
"11월 23일",22909,21929,15845,23207,20980,16860,17045,21212,18845,25562,19761
"11월 24일",21990,22899,17221,25480,21991,16080,16036,21097,19225,26947,18282
"11월 25일",22229,23412,18261,25703,22649,15063,16098,22442,21403,26367,17327
"11월 26일",21680,24933,18904,25609,22218,14063,17591,25053,22521,26002,16873
"11월 27일",22244,24926,20153,25234,22193,13388,20535,26648,22097,25389,16809
"11월 28일",23882,26096,20155,25834,22089,14845,21678,26099,21221,25480,17489
"11월 29일",25087,26338,19991,26563,22998,15232,21528,25099,21152,26661,19983
"11월 30일",24817,26959,20009,27822,25032,14433,20175,25349,20884,29623,21460
"12월 01일",23945,26880,20593,28909,24783,13964,19758,24911,21389,30522,19305
"12월 02일",21959,26871,21409,29114,23753,13302,19596,24640,23428,29660,17999
"12월 03일",19642,28512,21222,28285,22210,13131,19491,26428,24553,28727,16587
"12월 04일",17937,28766,20533,27322,21459,13262,20831,27487,23420,27372,15134
"12월 05일",19173,27397,19368,25860,20737,15086,21851,25830,22447,26366,14648
"12월 06일",19521,25671,18132,25571,20177,15678,21062,23838,21005,26851,16241
"12월 07일",18713,24117,17313,24742,21426,13946,20177,22406,20303,28802,17323
"12월 08일",17219,23120,17175,26311,22014,12312,19390,21434,20432,30180,15175
"12월 09일",16248,22303,17876,26250,20852,11332,18831,21563,22003,29069,13807
"12월 10일",14772,23278,18284,25044,19842,10270,19384,23347,23024,28247,12921
"12월 11일",15000,23616,17770,23678,18235,11064,21991,24441,21347,27683,12576
"12월 12일",15664,23718,16831,22121,17417,12707,23176,23441,20026,27358,13587
"12월 13일",15932,22152,16822,21628,18608,13451,23258,22218,19804,29081,15959
"12월 14일",15267,21565,18161,21298,19751,11968,22550,20894,20354,31446,17444
"12월 15일",14263,21532,18869,22389,20574,10477,22797,20103,21798,32655,15758
"12월 16일",13771,22002,20429,23030,20043,10292,22381,20397,24354,31975,14473
"12월 17일",14382,23079,20447,22216,19258,10110,23249,22679,25405,32323,13496
"12월 18일",14745,23922,20928,22052,19037,11216,25703,23670,25199,31777,12738
"12월 19일",15772,23488,21504,21084,18039,14300,27786,22686,23688,31502,13394
"12월 20일",16258,22802,20915,21248,19307,14785,27036,22209,23689,32768,15120
"12월 21일",16753,22126,21244,21220,20812,15117,26635,21395,23583,34878,16440
"12월 22일",15779,21572,22885,22919,21936,15565,26713,21427,24623,36515,15562
"12월 23일",15025,21521,25397,23515,22225,15875,26420,21768,26674,36497,14674
"12월 24일",15164,23458,25693,24358,22086,17357,27320,24857,28340,37263,14510
"12월 25일",14516,23539,25472,23427,21054,16606,27372,25064,27446,37373,14095
"12월 26일",16078,23105,26475,23139,21121,19698,29315,24922,27079,37032,14638
"12월 27일",16756,22158,27001,21502,21241,21281,29778,25208,25980,37132,17320
"12월 28일",16730,22847,27831,19749,23796,21506,30202,25888,25810,39483,19037
"12월 29일",16122,23275,25949,21995,25041,20930,30756,26418,25252,40782,17947
"12월 30일",15240,22189,28244,23353,25259,21233,31986,27000,27420,40109,17861
"12월 31일",14491,23315,29648,23026,23941,21097,31897,31060,29165,39515,17518
