date,whole_blood,apheresis_platelet,platelet_plasma,plasma
2021-01-01,125,2,21,43
2021-01-02,4936,59,779,1430
2021-01-03,2894,28,632,1041
2021-01-04,5543,65,581,1232
2021-01-05,5249,55,545,1127
2021-01-06,5196,59,537,1057
2021-01-07,4178,45,485,772
2021-01-08,5923,66,475,680
2021-01-09,5636,80,782,1243
2021-01-10,3139,57,640,982
2021-01-11,5370,61,570,901
2021-01-12,5188,83,498,766
2021-01-13,5771,68,598,983
2021-01-14,5515,81,500,806
2021-01-15,5649,70,498,755
2021-01-16,5133,93,798,1389
2021-01-17,3190,46,688,1088
2021-01-18,4301,77,521,931
2021-01-19,4830,57,503,979
2021-01-20,5105,65,526,984
2021-01-21,4269,60,472,789
2021-01-22,5432,104,616,975
2021-01-23,4680,80,812,1399
2021-01-24,2961,45,675,1165
2021-01-25,6554,74,555,995
2021-01-26,5853,53,493,781
2021-01-27,6585,63,590,928
2021-01-28,6100,65,481,834
2021-01-29,6402,65,542,890
2021-01-30,5415,56,815,1366
2021-01-31,3421,48,652,1090
2021-02-01,5677,57,566,1016
2021-02-02,5807,47,502,988
2021-02-03,5126,51,533,841
2021-02-04,4911,46,466,706
2021-02-05,6400,58,546,907
2021-02-06,6808,64,823,1351
2021-02-07,3595,52,657,1120
2021-02-08,6218,73,549,907
2021-02-09,5872,67,500,790
2021-02-10,6468,96,748,1048
2021-02-11,357,0,54,120
2021-02-13,3148,48,597,781
2021-02-14,3512,73,749,1290
2021-02-15,5888,75,796,1241
2021-02-16,5120,87,637,955
2021-02-17,4629,78,609,878
2021-02-18,5311,58,631,852
2021-02-19,5503,76,654,962
2021-02-20,5105,76,864,1411
2021-02-21,2849,52,671,1100
2021-02-22,5068,74,610,999
2021-02-23,5350,48,533,826
2021-02-24,4929,57,539,880
2021-02-25,4921,53,446,720
2021-02-26,6660,68,485,773
2021-02-27,5762,57,783,1151
2021-02-28,3293,50,655,1111
2021-03-01,2258,28,335,625
2021-03-02,5588,66,630,1047
2021-03-03,5520,57,598,1039
2021-03-04,5079,75,524,955
2021-03-05,5991,65,618,1164
2021-03-06,6720,68,849,1432
2021-03-07,3963,42,686,1175
2021-03-08,4922,65,604,1028
2021-03-09,4711,48,533,934
2021-03-10,4943,52,530,1035
2021-03-11,5146,41,465,872
2021-03-12,5687,62,558,896
2021-03-13,5887,72,848,1439
2021-03-14,3481,47,687,1134
2021-03-15,5762,59,501,826
2021-03-16,5225,52,552,925
2021-03-17,5688,46,540,889
2021-03-18,5639,65,501,949
2021-03-19,6344,61,596,1213
2021-03-20,5434,50,805,1336
2021-03-21,3765,56,677,1153
2021-03-22,6090,49,600,1148
2021-03-23,5311,46,446,839
2021-03-24,6581,56,526,991
2021-03-25,5978,55,485,914
2021-03-26,6874,57,558,1044
2021-03-27,5511,61,721,1196
2021-03-28,3728,43,665,1174
2021-03-29,6132,48,553,942
2021-03-30,5711,58,552,1025
2021-03-31,6052,59,586,982
2021-04-01,5051,44,478,907
2021-04-02,5895,52,607,1142
2021-04-03,4231,60,798,1347
2021-04-04,3286,35,678,1120
2021-04-05,5171,49,585,1068
2021-04-06,5097,47,475,884
2021-04-07,5360,48,538,980
2021-04-08,5213,45,513,847
2021-04-09,6277,58,587,1043
2021-04-10,5049,60,801,1269
2021-04-11,2954,48,690,1098
2021-04-12,4511,69,500,810
2021-04-13,5073,67,588,941
2021-04-14,4930,72,540,887
2021-04-15,4614,51,539,790
2021-04-16,6570,65,640,1071
2021-04-17,6061,77,822,1330
2021-04-18,3684,45,669,1080
2021-04-19,4536,54,578,904
2021-04-20,4772,50,520,710
2021-04-21,4327,41,520,662
2021-04-22,5023,46,539,795
2021-04-23,6608,45,647,999
2021-04-24,5533,53,821,1228
2021-04-25,3445,54,676,1085
2021-04-26,5574,72,526,923
2021-04-27,4810,66,562,855
2021-04-28,5148,55,580,919
2021-04-29,6237,64,607,964
2021-04-30,7144,104,680,1191
2021-05-01,4390,54,617,954
2021-05-02,5079,42,684,1130
2021-05-03,5488,60,557,1068
2021-05-04,5725,55,517,871
2021-05-05,1557,13,177,406
2021-05-06,5911,46,572,1097
2021-05-07,6743,65,628,1132
2021-05-08,5700,72,766,1312
2021-05-09,4142,52,674,1084
2021-05-10,5314,62,524,863
2021-05-11,5449,51,578,886
2021-05-12,5772,62,568,976
2021-05-13,5847,50,577,1025
2021-05-14,6935,60,624,1135
2021-05-15,5391,59,722,1220
2021-05-16,2991,54,647,1028
2021-05-17,5622,53,576,965
2021-05-18,7070,56,587,982
2021-05-19,2413,21,256,514
2021-05-20,6213,56,529,971
2021-05-21,6661,50,622,1126
2021-05-22,5701,62,767,1308
2021-05-23,3530,58,652,1061
2021-05-24,5680,46,514,920
2021-05-25,6225,41,552,906
2021-05-26,6117,47,546,855
2021-05-27,5616,45,509,899
2021-05-28,6354,49,604,1103
2021-05-29,5000,57,683,1257
2021-05-30,3125,47,664,1112
2021-05-31,5748,51,565,1004
2021-06-01,5231,42,541,868
2021-06-02,5547,41,410,644
2021-06-03,4814,43,465,768
2021-06-04,7555,46,617,959
2021-06-05,6968,63,816,1259
2021-06-06,3436,51,669,997
2021-06-07,5426,55,555,785
2021-06-08,5519,56,546,704
2021-06-09,5595,56,575,708
2021-06-10,5156,53,497,748
2021-06-11,6065,60,586,874
2021-06-12,4505,53,742,1210
2021-06-13,3214,53,664,1007
2021-06-14,5487,57,582,963
2021-06-15,3989,51,461,668
2021-06-16,4732,54,457,721
2021-06-17,3994,47,380,713
2021-06-18,5391,70,651,911
2021-06-19,4407,46,810,1230
2021-06-20,2933,54,693,1077
2021-06-21,4923,91,613,867
2021-06-22,4634,75,597,771
2021-06-23,4765,54,581,780
2021-06-24,4711,54,550,798
2021-06-25,6636,87,677,972
2021-06-26,5048,66,803,1276
2021-06-27,3281,49,681,964
2021-06-28,5579,72,629,879
2021-06-29,5557,60,570,813
2021-06-30,5519,74,519,722
2021-07-01,5015,53,532,745
2021-07-02,5879,66,597,911
2021-07-03,4371,58,778,1145
2021-07-04,3236,49,660,1054
2021-07-05,4609,47,569,846
2021-07-06,4700,63,506,703
2021-07-07,4253,41,530,770
2021-07-08,6028,47,537,710
2021-07-09,6395,54,628,891
2021-07-10,5145,78,844,1328
2021-07-11,3459,47,682,1005
2021-07-12,4681,72,557,836
2021-07-13,5815,52,617,847
2021-07-14,4353,65,507,701
2021-07-15,4806,43,484,791
2021-07-16,6238,61,606,927
2021-07-17,5347,75,813,1207
2021-07-18,3836,50,660,1111
2021-07-19,4485,50,519,869
2021-07-20,4409,55,521,717
2021-07-21,4539,44,537,763
2021-07-22,4722,42,503,724
2021-07-23,5292,56,599,857
2021-07-24,4503,71,825,1154
2021-07-25,2928,51,692,952
2021-07-26,5506,52,543,836
2021-07-27,5042,52,580,787
2021-07-28,5536,58,533,768
2021-07-29,5491,55,536,769
2021-07-30,6561,74,669,987
2021-07-31,5342,77,782,1217
2021-08-01,4014,51,662,991
2021-08-02,4586,61,563,902
2021-08-03,5222,52,583,790
2021-08-04,5251,59,589,789
2021-08-05,5005,56,539,756
2021-08-06,6252,63,624,990
2021-08-07,5023,48,808,1168
2021-08-08,3124,48,695,964
2021-08-09,4965,60,585,960
2021-08-10,4721,49,517,723
2021-08-11,5237,49,554,790
2021-08-12,4957,54,536,800
2021-08-13,6085,66,681,1057
2021-08-14,5309,84,804,1264
2021-08-15,2897,53,668,953
2021-08-16,2284,37,368,480
2021-08-17,5275,62,560,978
2021-08-18,5053,71,576,864
2021-08-19,6133,74,584,815
2021-08-20,6026,71,632,914
2021-08-21,4561,68,785,1122
2021-08-22,3427,46,692,1054
2021-08-23,5092,67,574,834
2021-08-24,4564,53,564,728
2021-08-25,4184,47,452,693
2021-08-26,4886,50,549,819
2021-08-27,6247,72,633,1021
2021-08-28,5495,88,825,1299
2021-08-29,3773,56,660,981
2021-08-30,5577,72,575,936
2021-08-31,4896,47,574,881
2021-09-01,5011,56,539,782
2021-09-02,5044,46,519,850
2021-09-03,7464,72,619,1213
2021-09-04,6176,56,826,1337
2021-09-05,3883,32,666,1059
2021-09-06,6063,59,551,921
2021-09-07,5277,36,499,790
2021-09-08,5485,44,474,796
2021-09-09,5475,57,504,836
2021-09-10,5673,55,585,974
2021-09-11,4695,69,755,1240
2021-09-12,2967,51,636,1021
2021-09-13,6573,44,541,923
2021-09-14,5120,62,517,804
2021-09-15,5414,49,579,887
2021-09-16,5708,80,530,837
2021-09-17,7377,99,727,1045
2021-09-18,5120,74,782,1153
2021-09-19,3080,62,627,882
2021-09-20,190,4,32,67
2021-09-22,1440,40,328,400
2021-09-23,6579,89,776,1178
2021-09-24,8136,91,811,1311
2021-09-25,5342,116,798,1313
2021-09-26,3574,69,723,1044
2021-09-27,5807,100,646,998
2021-09-28,5129,65,612,827
2021-09-29,4778,65,589,870
2021-09-30,4809,52,536,866
2021-10-01,5236,61,717,1323
2021-10-02,4182,54,748,1137
2021-10-03,2581,47,625,893
2021-10-04,1822,42,403,544
2021-10-05,4781,60,471,674
2021-10-06,4793,61,419,667
2021-10-07,4481,54,522,788
2021-10-08,5926,60,639,1070
2021-10-09,4446,69,694,1036
2021-10-10,2870,71,651,987
2021-10-11,2245,35,386,556
2021-10-12,6334,72,631,946
2021-10-13,6015,70,603,926
2021-10-14,5613,63,583,859
2021-10-15,6546,76,652,1077
2021-10-16,5030,60,712,1126
2021-10-17,3922,63,639,916
2021-10-18,5194,63,495,706
2021-10-19,4832,58,444,637
2021-10-20,4924,69,472,613
2021-10-21,4364,63,470,719
2021-10-22,6725,92,635,1034
2021-10-23,4640,59,676,1098
2021-10-24,3331,58,669,1050
2021-10-25,5223,61,504,776
2021-10-26,5772,67,540,824
2021-10-27,1940,35,295,440
2021-10-28,5773,67,692,1052
2021-10-29,7144,80,701,1152
2021-10-30,4895,60,708,1122
2021-10-31,3443,57,688,1055
2021-11-01,5402,77,525,937
2021-11-02,5605,64,521,850
2021-11-03,5306,49,545,841
2021-11-04,5206,48,487,868
2021-11-05,6486,59,652,1150
2021-11-06,4754,61,692,1176
2021-11-07,3509,43,697,1080
2021-11-08,5639,62,529,828
2021-11-09,5271,49,544,904
2021-11-10,5477,61,443,751
2021-11-11,5093,50,474,902
2021-11-12,5931,64,646,1115
2021-11-13,4609,62,699,1166
2021-11-14,2961,60,658,1006
2021-11-15,4769,54,588,956
2021-11-16,4779,44,514,831
2021-11-17,4593,50,480,829
2021-11-18,5065,41,513,872
2021-11-19,7393,70,652,1206
2021-11-20,5066,65,698,1082
2021-11-21,3672,49,671,1076
2021-11-22,6216,94,561,973
2021-11-23,5949,51,554,861
2021-11-24,5942,52,485,854
2021-11-25,7057,54,532,930
2021-11-26,9159,71,689,1126
2021-11-27,6303,66,699,1166
2021-11-28,4663,53,679,1010
2021-11-29,6208,53,548,1039
2021-11-30,4511,42,470,717
2021-12-01,5793,37,523,848
2021-12-02,5734,46,472,806
2021-12-03,6223,59,614,1085
2021-12-04,4214,51,680,1099
2021-12-05,3493,52,652,1005
2021-12-06,5734,55,577,935
2021-12-07,5152,59,504,861
2021-12-08,5248,64,510,717
2021-12-09,5637,48,497,771
2021-12-10,7517,52,620,944
2021-12-11,5703,62,693,1111
2021-12-12,3426,47,703,925
2021-12-13,6424,67,590,840
2021-12-14,5790,49,485,690
2021-12-15,6212,42,534,711
2021-12-16,5532,50,454,674
2021-12-17,7713,69,599,909
2021-12-18,5600,44,663,958
2021-12-19,4328,57,655,972
2021-12-20,5574,65,535,890
2021-12-21,5667,70,545,818
2021-12-22,5685,51,538,796
2021-12-23,5538,71,497,845
2021-12-24,7455,64,665,965
2021-12-25,2184,21,284,412
2021-12-26,4113,42,706,974
2021-12-27,6109,56,591,891
2021-12-28,5836,59,562,741
2021-12-29,6278,65,586,823
2021-12-30,6703,67,577,846
2021-12-31,6059,67,612,968
2022-01-01,237,2,28,68
2022-01-02,3777,57,717,1177
2022-01-03,4420,83,529,952
2022-01-04,4276,81,565,806
2022-01-05,4220,82,480,823
2022-01-06,4236,111,613,827
2022-01-07,4599,84,754,898
2022-01-08,4366,65,772,1078
2022-01-09,2685,65,766,991
2022-01-10,3851,73,536,782
2022-01-11,3735,78,487,605
2022-01-12,3767,64,521,654
2022-01-13,4749,62,659,778
2022-01-14,4815,106,656,890
2022-01-15,3704,94,635,894
2022-01-16,2662,65,693,1055
2022-01-17,4458,75,584,779
2022-01-18,4449,74,579,741
2022-01-19,5147,69,523,696
2022-01-20,5024,73,560,786
2022-01-21,5935,61,659,907
2022-01-22,4958,63,742,1110
2022-01-23,3413,67,740,1078
2022-01-24,5166,69,584,735
2022-01-25,5187,70,554,700
2022-01-26,5834,53,601,760
2022-01-27,5881,62,631,854
2022-01-28,6908,91,777,1057
2022-01-29,4228,65,697,897
2022-01-30,2772,61,667,934
2022-01-31,327,8,71,99
2022-02-02,2380,58,471,556
2022-02-03,5782,54,741,1223
2022-02-04,5338,78,750,1002
2022-02-05,4011,76,750,1066
2022-02-06,2701,69,727,1033
2022-02-07,4153,63,638,879
2022-02-08,4454,64,613,722
2022-02-09,5783,62,594,719
2022-02-10,5184,62,622,737
2022-02-11,5920,50,666,891
2022-02-12,4599,46,721,953
2022-02-13,3130,50,650,990
2022-02-14,4311,57,482,627
2022-02-15,4526,50,415,448
2022-02-16,4194,56,448,525
2022-02-17,4464,49,573,802
2022-02-18,6014,70,654,851
2022-02-19,4699,57,737,1053
2022-02-20,3361,44,732,953
2022-02-21,4864,39,587,789
2022-02-22,4914,54,593,636
2022-02-23,5446,48,539,680
2022-02-24,5458,50,526,660
2022-02-25,5711,62,624,860
2022-02-26,4707,47,686,988
2022-02-27,3390,56,698,938
2022-02-28,6705,75,604,895
2022-03-01,3860,35,487,604
2022-03-02,5315,54,486,731
2022-03-03,4901,57,475,834
2022-03-04,5415,51,561,996
2022-03-05,4642,43,709,1039
2022-03-06,2962,42,670,970
2022-03-07,4390,38,502,837
2022-03-08,5388,47,552,854
2022-03-09,3709,37,476,622
2022-03-10,3942,40,411,686
2022-03-11,5023,61,575,859
2022-03-12,3969,51,618,966
2022-03-13,2436,36,628,925
2022-03-14,3687,44,445,629
2022-03-15,4041,54,375,501
2022-03-16,4894,57,482,656
2022-03-17,4109,67,505,731
2022-03-18,5499,71,628,917
2022-03-19,4126,52,701,918
2022-03-20,3916,62,664,921
2022-03-21,4385,61,510,713
2022-03-22,5224,54,535,645
2022-03-23,4875,43,493,593
2022-03-24,4629,58,461,657
2022-03-25,5653,63,609,846
2022-03-26,4678,60,656,948
2022-03-27,3516,58,669,833
2022-03-28,4673,72,498,656
2022-03-29,4094,58,390,530
2022-03-30,4887,60,524,675
2022-03-31,5021,59,475,671
2022-04-01,5656,50,592,856
2022-04-02,5495,50,655,886
2022-04-03,2961,60,614,810
2022-04-04,4570,48,501,723
2022-04-05,5023,64,538,631
2022-04-06,4863,71,516,633
2022-04-07,4987,48,460,625
2022-04-08,6289,77,566,783
2022-04-09,4721,43,618,835
2022-04-10,3256,61,610,835
2022-04-11,4351,52,534,591
2022-04-12,5565,45,469,572
2022-04-13,5759,49,545,629
2022-04-14,5528,57,532,648
2022-04-15,6216,82,634,871
2022-04-16,4821,48,709,916
2022-04-17,3430,56,653,790
2022-04-18,6583,50,521,718
2022-04-19,6845,41,466,715
2022-04-20,6789,51,435,660
2022-04-21,5693,52,417,668
2022-04-22,7044,58,591,853
2022-04-23,6159,54,648,970
2022-04-24,3767,50,622,949
2022-04-25,5812,37,522,726
2022-04-26,6635,56,473,726
2022-04-27,7311,57,539,860
2022-04-28,7724,50,539,938
2022-04-29,8777,62,640,1133
2022-04-30,6940,48,670,1128
2022-05-01,3828,59,604,886
2022-05-02,6381,56,564,1002
2022-05-03,7013,41,524,915
2022-05-04,7430,50,506,983
2022-05-05,3118,33,373,559
2022-05-06,8151,64,653,1198
2022-05-07,5130,51,635,1038
2022-05-08,3025,44,567,914
2022-05-09,6321,54,573,992
2022-05-10,6420,43,499,880
2022-05-11,6427,49,527,906
2022-05-12,6020,47,503,955
2022-05-13,7227,57,653,1232
2022-05-14,5421,49,713,1174
2022-05-15,3546,43,656,1111
2022-05-16,6004,40,574,1117
2022-05-17,5967,41,518,925
2022-05-18,6249,49,488,944
2022-05-19,6212,38,456,823
2022-05-20,7146,63,590,1121
2022-05-21,5229,47,714,1186
2022-05-22,3863,41,702,1117
2022-05-23,6318,41,538,969
2022-05-24,6065,44,474,918
2022-05-25,6208,48,443,944
2022-05-26,6387,40,430,1042
2022-05-27,6900,47,573,1288
2022-05-28,4833,51,657,1283
2022-05-29,3410,44,654,1157
2022-05-30,6244,47,542,1105
2022-05-31,6884,42,547,1041
2022-06-01,2633,16,335,707
2022-06-02,6420,36,476,1069
2022-06-03,6984,58,554,1225
2022-06-04,4314,44,615,1202
2022-06-05,3050,50,622,1074
2022-06-06,1888,17,283,571
2022-06-07,5641,33,548,969
2022-06-08,5625,56,501,964
2022-06-09,5231,47,505,912
2022-06-10,6151,44,632,1142
2022-06-11,4642,68,683,1297
2022-06-12,3076,46,690,1157
2022-06-13,6520,59,687,1157
2022-06-14,7943,84,761,1374
2022-06-15,6267,45,490,853
2022-06-16,5924,35,462,905
2022-06-17,6224,59,595,1093
2022-06-18,4685,34,664,1245
2022-06-19,2970,57,599,1143
2022-06-20,5693,38,476,951
2022-06-21,4754,49,478,919
2022-06-22,5517,46,497,927
2022-06-23,4310,42,421,883
2022-06-24,5996,46,652,1159
2022-06-25,4184,56,746,1289
2022-06-26,3125,62,672,1142
2022-06-27,4942,47,595,1073
2022-06-28,4870,39,566,965
2022-06-29,4488,43,485,819
2022-06-30,5186,40,507,888
2022-07-01,5709,42,643,1135
2022-07-02,3849,57,709,1190
2022-07-03,2818,39,683,1199
2022-07-04,5109,54,535,974
2022-07-05,5262,55,556,872
2022-07-06,4923,49,506,800
2022-07-07,6057,34,497,843
2022-07-08,6446,64,580,1186
2022-07-09,4359,54,714,1328
2022-07-10,3054,49,652,1069
2022-07-11,5671,51,537,854
2022-07-12,5436,54,527,861
2022-07-13,5230,53,430,748
2022-07-14,5324,56,517,780
2022-07-15,5454,58,570,902
2022-07-16,3983,49,704,1175
2022-07-17,3051,45,657,1116
2022-07-18,5069,56,567,820
2022-07-19,5166,56,567,889
2022-07-20,5326,47,536,865
2022-07-21,4699,50,455,775
2022-07-22,5101,54,610,1047
2022-07-23,4563,67,692,1197
2022-07-24,3217,66,663,1104
2022-07-25,5078,70,652,1121
2022-07-26,5485,95,677,1042
2022-07-27,5251,66,590,918
2022-07-28,5047,74,617,966
2022-07-29,5620,76,699,1154
2022-07-30,4127,60,739,1248
2022-07-31,2587,37,703,1068
2022-08-01,4740,64,645,1000
2022-08-02,4285,50,569,906
2022-08-03,4792,60,616,879
2022-08-04,4240,42,523,886
2022-08-05,5688,59,687,1054
2022-08-06,4402,64,729,1143
2022-08-07,3186,51,706,1054
2022-08-08,4405,60,656,949
2022-08-09,4163,61,602,872
2022-08-10,4711,71,591,867
2022-08-11,4220,54,612,828
2022-08-12,6374,78,775,1373
2022-08-13,5082,55,810,1334
2022-08-14,3352,60,737,1172
2022-08-15,2500,39,417,804
2022-08-16,4652,75,618,997
2022-08-17,4502,76,586,915
2022-08-18,4635,64,550,855
2022-08-19,4910,77,682,987
2022-08-20,3912,64,726,1079
2022-08-21,2821,41,731,1094
2022-08-22,4528,81,617,944
2022-08-23,4441,69,579,811
2022-08-24,4851,64,610,875
2022-08-25,4891,79,589,810
2022-08-26,5338,75,694,1073
2022-08-27,6679,70,708,1331
2022-08-28,4578,40,698,1225
2022-08-29,6761,75,541,999
2022-08-30,7086,63,571,1091
2022-08-31,7082,61,604,1063
2022-09-01,6982,61,532,1162
2022-09-02,7428,58,649,1332
2022-09-03,6142,58,715,1317
2022-09-04,4019,57,699,1260
2022-09-05,5149,40,546,1052
2022-09-06,5860,73,654,1121
2022-09-07,7789,89,709,1355
2022-09-08,9284,94,902,1538
2022-09-09,986,16,118,250
2022-09-11,2645,47,589,860
2022-09-12,4747,68,703,1273
2022-09-13,6684,85,795,1474
2022-09-14,6220,79,639,1247
2022-09-15,5868,78,654,1281
2022-09-16,6630,86,798,1634
2022-09-17,6325,73,780,1570
2022-09-18,3633,49,726,1378
2022-09-19,5284,53,617,1246
2022-09-20,5877,53,567,1126
2022-09-21,5609,61,605,1213
2022-09-22,5485,69,560,1150
2022-09-23,6195,76,559,1311
2022-09-24,5180,61,609,1149
2022-09-25,3392,56,666,1094
2022-09-26,5207,58,565,1079
2022-09-27,5491,53,583,1114
2022-09-28,5228,52,601,1134
2022-09-29,4292,50,499,961
2022-09-30,5944,87,812,1617
2022-10-01,4352,80,786,1461
2022-10-02,2729,49,728,1264
2022-10-03,2020,47,401,813
2022-10-04,5107,57,677,1271
2022-10-05,5881,81,633,1269
2022-10-06,5511,54,631,1218
2022-10-07,7612,88,680,1531
2022-10-08,5743,62,710,1328
2022-10-09,3472,50,683,1105
2022-10-10,2538,41,430,682
2022-10-11,5792,59,628,1368
2022-10-12,5115,49,537,1232
2022-10-13,5293,53,599,1268
2022-10-14,5705,70,695,1527
2022-10-15,4984,51,743,1432
2022-10-16,2940,43,714,1226
2022-10-17,5473,36,539,1108
2022-10-18,5078,49,540,1049
2022-10-19,5045,45,549,1062
2022-10-20,5047,44,547,1073
2022-10-21,6134,69,635,1395
2022-10-22,5207,49,723,1330
2022-10-23,3488,55,678,1196
2022-10-24,6281,48,586,1260
2022-10-25,6341,63,643,1330
2022-10-26,6460,84,623,1380
2022-10-27,2159,35,319,607
2022-10-28,8344,80,807,2006
2022-10-29,6160,58,761,1649
2022-10-30,4537,70,737,1420
2022-10-31,6792,68,636,1606
2022-11-01,6131,60,626,1345
2022-11-02,5821,73,548,1338
2022-11-03,6214,62,590,1354
2022-11-04,6752,67,646,1474
2022-11-05,4725,62,688,1384
2022-11-06,2842,51,653,1205
2022-11-07,5601,61,549,1212
2022-11-08,5675,54,564,1212
2022-11-09,5848,52,584,1258
2022-11-10,5100,38,467,1017
2022-11-11,6524,75,755,1715
2022-11-12,5045,59,785,1431
2022-11-13,3749,66,700,1388
2022-11-14,5312,53,602,1339
2022-11-15,5255,64,536,1199
2022-11-16,5683,69,565,1298
2022-11-17,4314,44,524,933
2022-11-18,6708,73,736,1593
2022-11-19,4835,67,686,1326
2022-11-20,3125,49,697,1186
2022-11-21,6051,57,606,1234
2022-11-22,5707,51,564,1133
2022-11-23,6362,57,578,1165
2022-11-24,6072,44,527,1094
2022-11-25,7711,55,674,1431
2022-11-26,5356,58,738,1333
2022-11-27,4149,52,689,1290
2022-11-28,5933,51,557,1172
2022-11-29,5643,54,536,1036
2022-11-30,6481,54,624,1213
2022-12-01,5525,53,508,990
2022-12-02,6413,63,685,1377
2022-12-03,4458,55,659,1216
2022-12-04,3257,45,700,1183
2022-12-05,4965,55,592,1063
2022-12-06,4286,46,511,770
2022-12-07,4970,50,534,898
2022-12-08,5431,66,584,934
2022-12-09,6667,69,704,1176
2022-12-10,4734,59,746,1192
2022-12-11,3486,58,699,1120
2022-12-12,5419,57,596,978
2022-12-13,5563,69,602,921
2022-12-14,5112,39,551,870
2022-12-15,5401,50,516,881
2022-12-16,7093,81,718,1216
2022-12-17,4989,58,718,1078
2022-12-18,3139,36,660,990
2022-12-19,5712,46,556,1084
2022-12-20,6051,49,539,978
2022-12-21,5732,47,533,984
2022-12-22,6023,63,522,959
2022-12-23,6754,62,703,1111
2022-12-24,5786,53,755,1183
2022-12-25,2090,28,401,503
2022-12-26,6882,59,633,1195
2022-12-27,6890,57,608,1165
2022-12-28,7179,58,647,1115
2022-12-29,6816,61,605,1096
2022-12-30,7310,50,649,1241
2022-12-31,6432,53,757,1488
2023-01-01,41,1,21,46
2023-01-02,4894,62,710,1216
2023-01-03,4502,53,570,1021
2023-01-04,4738,56,584,1077
2023-01-05,4293,55,527,903
2023-01-06,4816,66,658,1030
2023-01-07,4053,55,775,1259
2023-01-08,2519,47,729,1043
2023-01-09,4401,71,586,910
2023-01-10,4403,64,596,815
2023-01-11,4645,57,602,806
2023-01-12,4681,52,632,838
2023-01-13,5956,74,806,1036
2023-01-14,4830,68,885,1404
2023-01-15,2773,53,674,866
2023-01-16,5176,57,684,1053
2023-01-17,4937,74,654,902
2023-01-18,5001,95,651,966
2023-01-19,5951,77,686,972
2023-01-20,6267,117,915,1296
2023-01-21,1457,34,311,357
2023-01-23,1267,30,298,395
2023-01-24,3024,66,695,903
2023-01-25,5333,91,758,1041
2023-01-26,6150,71,733,947
2023-01-27,7049,87,907,1197
2023-01-28,5930,68,933,1386
2023-01-29,3708,74,805,1146
2023-01-30,6014,91,804,1123
2023-01-31,5830,72,758,1081
2023-02-01,4987,80,597,891
2023-02-02,4859,63,574,900
2023-02-03,5747,63,718,1120
2023-02-04,4616,64,737,1188
2023-02-05,3086,61,548,807
2023-02-06,5722,55,572,824
2023-02-07,5139,59,559,738
2023-02-08,5550,70,565,859
2023-02-09,5170,70,611,829
2023-02-10,6312,69,761,1053
2023-02-11,5734,59,880,1355
2023-02-12,3373,40,815,1179
2023-02-13,5860,80,725,999
2023-02-14,5373,63,671,859
2023-02-15,5335,59,582,822
2023-02-16,5236,49,556,819
2023-02-17,6506,71,704,1134
2023-02-18,5809,59,731,1180
2023-02-19,3207,45,602,979
2023-02-20,6035,59,543,945
2023-02-21,5438,66,520,776
2023-02-22,5356,57,554,907
2023-02-23,5007,45,518,813
2023-02-24,6397,65,714,1110
2023-02-25,5095,51,814,1300
2023-02-26,3141,49,772,1156
2023-02-27,5371,60,597,951
2023-02-28,5706,70,694,982
2023-03-01,2817,44,548,777
2023-03-02,4981,48,645,1094
2023-03-03,6015,74,710,1379
2023-03-04,4754,52,807,1321
2023-03-05,3122,37,660,1098
2023-03-06,5295,58,609,1052
2023-03-07,5038,58,535,945
2023-03-08,5329,61,573,1018
2023-03-09,4889,42,538,949
2023-03-10,6404,70,646,1258
2023-03-11,5154,63,785,1332
2023-03-12,2828,44,704,1112
2023-03-13,5272,79,687,1124
2023-03-14,5494,61,621,963
2023-03-15,5010,55,529,917
2023-03-16,4807,40,506,884
2023-03-17,6592,56,775,1369
2023-03-18,5936,63,789,1282
2023-03-19,3148,40,652,1135
2023-03-20,5306,52,647,1058
2023-03-21,5324,50,584,942
2023-03-22,5238,47,603,993
2023-03-23,5306,51,559,990
2023-03-24,6904,57,765,1331
2023-03-25,5176,71,789,1329
2023-03-26,3491,43,759,1234
2023-03-27,5617,61,680,1087
2023-03-28,5737,60,697,1011
2023-03-29,5221,58,530,928
2023-03-30,5407,54,597,1018
2023-03-31,6214,75,766,1331
2023-04-01,4022,50,778,1233
2023-04-02,2746,46,664,1070
2023-04-03,4776,48,582,1053
2023-04-04,3902,42,504,893
2023-04-05,4490,40,577,945
2023-04-06,4784,44,567,982
2023-04-07,6453,69,783,1423
2023-04-08,4926,59,823,1367
2023-04-09,3104,62,755,1156
2023-04-10,5087,59,664,1112
2023-04-11,4531,36,598,865
2023-04-12,4980,55,598,890
2023-04-13,5650,65,658,1161
2023-04-14,6686,70,814,1399
2023-04-15,5431,53,769,1288
2023-04-16,3019,42,659,1108
2023-04-17,4803,47,644,961
2023-04-18,4149,41,524,721
2023-04-19,4906,59,602,904
2023-04-20,5826,42,545,997
2023-04-21,6898,67,771,1376
2023-04-22,5300,47,816,1339
2023-04-23,3380,45,744,1106
2023-04-24,5316,59,628,1025
2023-04-25,5100,47,573,956
2023-04-26,5476,64,618,1043
2023-04-27,5301,61,509,1055
2023-04-28,6935,71,851,1546
2023-04-29,4692,48,791,1313
2023-04-30,3476,58,706,1105
2023-05-01,3222,29,370,697
2023-05-02,6278,43,681,1178
2023-05-03,6126,48,621,1249
2023-05-04,6405,60,643,1267
2023-05-05,2034,29,320,481
2023-05-06,4094,41,719,1215
2023-05-07,2753,42,647,1103
2023-05-08,6107,68,668,1262
2023-05-09,5826,56,662,1142
2023-05-10,5398,50,600,1097
2023-05-11,6016,45,587,1088
2023-05-12,6818,59,782,1593
2023-05-13,5782,45,781,1366
2023-05-14,3226,39,686,1204
2023-05-15,5764,55,550,1062
2023-05-16,5598,48,582,989
2023-05-17,5968,45,630,1113
2023-05-18,5807,54,571,1058
2023-05-19,7171,62,645,1300
2023-05-20,5070,56,762,1413
2023-05-21,3396,54,669,1205
2023-05-22,5837,46,614,1162
2023-05-23,5958,46,573,1037
2023-05-24,6164,50,615,1082
2023-05-25,6258,44,609,1039
2023-05-26,7260,52,791,1534
2023-05-27,3681,53,663,1049
2023-05-28,3233,38,702,1176
2023-05-29,3186,32,534,960
2023-05-30,6376,60,702,1228
2023-05-31,6972,69,702,1341
2023-06-01,5878,44,574,1102
2023-06-02,6985,62,685,1326
2023-06-03,4754,40,791,1377
2023-06-04,3004,48,679,1184
2023-06-05,7268,65,738,1359
2023-06-06,3744,50,546,952
2023-06-07,5502,42,577,1046
2023-06-08,4840,29,506,899
2023-06-09,6306,61,635,1302
2023-06-10,4117,54,705,1242
2023-06-11,2341,37,672,995
2023-06-12,5596,44,558,920
2023-06-13,6305,48,703,1110
2023-06-14,7578,72,900,1444
2023-06-15,6163,45,672,1116
2023-06-16,6300,67,721,1333
2023-06-17,4458,44,799,1379
2023-06-18,3012,43,729,1206
2023-06-19,5475,45,644,1152
2023-06-20,4462,34,488,937
2023-06-21,5305,45,586,1025
2023-06-22,5203,51,564,1023
2023-06-23,5881,60,722,1297
2023-06-24,4558,51,782,1351
2023-06-25,3347,43,698,1188
2023-06-26,5447,41,559,1074
2023-06-27,5656,48,667,1088
2023-06-28,5756,70,686,1216
2023-06-29,3894,28,519,804
2023-06-30,6181,73,757,1353
2023-07-01,4412,43,849,1381
2023-07-02,2909,39,762,1194
2023-07-03,5929,49,694,1182
2023-07-04,4825,35,489,812
2023-07-05,6147,50,615,1046
2023-07-06,6001,51,611,957
2023-07-07,6299,58,659,1180
2023-07-08,4426,47,792,1370
2023-07-09,2810,39,712,1142
2023-07-10,6027,54,616,1075
2023-07-11,4441,45,551,844
2023-07-12,5978,51,647,1015
2023-07-13,5803,62,670,977
2023-07-14,5928,50,815,1184
2023-07-15,3947,43,820,1278
2023-07-16,2769,45,727,1180
2023-07-17,6602,51,696,1097
2023-07-18,5382,53,498,880
2023-07-19,5608,46,640,1050
2023-07-20,5584,42,569,991
2023-07-21,7366,64,735,1515
2023-07-22,6037,61,773,1423
2023-07-23,3166,61,748,1181
2023-07-24,6441,71,640,1402
2023-07-25,6013,52,600,1224
2023-07-26,5861,55,655,1225
2023-07-27,5777,56,644,1180
2023-07-28,6277,51,736,1460
2023-07-29,4819,54,783,1387
2023-07-30,3059,46,702,1140
2023-07-31,6214,56,716,1429
2023-08-01,5512,28,633,1178
2023-08-02,5275,57,600,1094
2023-08-03,4924,47,592,1077
2023-08-04,5374,56,685,1294
2023-08-05,4225,61,780,1336
2023-08-06,2460,42,707,1119
2023-08-07,4937,50,637,1174
2023-08-08,4847,55,629,1101
2023-08-09,4581,61,596,1048
2023-08-10,3462,48,584,791
2023-08-11,6411,84,771,1353
2023-08-12,5809,59,809,1413
2023-08-13,3249,58,767,1206
2023-08-14,6707,74,890,1566
2023-08-15,3248,40,558,880
2023-08-16,5545,52,754,1277
2023-08-17,6269,50,688,1187
2023-08-18,6938,54,760,1398
2023-08-19,5173,45,821,1335
2023-08-20,3609,45,738,1229
2023-08-21,5431,56,625,1153
2023-08-22,5152,63,653,1121
2023-08-23,5165,57,601,1072
2023-08-24,5748,51,603,1027
2023-08-25,6280,64,701,1273
2023-08-26,5676,56,795,1477
2023-08-27,3805,37,742,1302
2023-08-28,5602,53,689,1367
2023-08-29,5538,51,556,1191
2023-08-30,6402,60,677,1330
2023-08-31,6716,66,684,1413
2023-09-01,6709,55,791,1615
2023-09-02,5070,53,834,1473
2023-09-03,2906,47,770,1265
2023-09-04,4907,56,593,1230
2023-09-05,5285,57,653,1161
2023-09-06,5585,44,639,1235
2023-09-07,5270,69,584,1107
2023-09-08,5903,50,740,1544
2023-09-09,4410,50,797,1472
2023-09-10,2851,47,738,1327
2023-09-11,5012,49,649,1258
2023-09-12,5110,56,575,1111
2023-09-13,5492,58,703,1248
2023-09-14,4735,53,565,1138
2023-09-15,6321,58,775,1593
2023-09-16,5116,48,818,1463
2023-09-17,3221,61,780,1314
2023-09-18,5085,37,567,1296
2023-09-19,5460,59,650,1236
2023-09-20,4633,60,592,1182
2023-09-21,5315,58,599,1311
2023-09-22,6855,67,816,1756
2023-09-23,5012,71,863,1541
2023-09-24,3412,49,801,1408
2023-09-25,6314,66,757,1438
2023-09-26,6994,90,810,1466
2023-09-27,8514,113,1009,1912
2023-09-28,1105,11,107,216
2023-09-30,1797,59,548,730
2023-10-01,2555,39,724,1167
2023-10-02,2590,52,614,979
2023-10-03,2319,48,559,932
2023-10-04,5098,63,800,1668
2023-10-05,5921,94,876,1554
2023-10-06,6193,92,1033,2027
2023-10-07,4456,71,908,1520
2023-10-08,2525,62,790,1340
2023-10-09,1448,21,288,634
2023-10-10,4934,65,750,1580
2023-10-11,4780,73,724,1598
2023-10-12,4506,50,588,1146
2023-10-13,6487,70,706,1359
2023-10-14,4743,61,793,1321
2023-10-15,2987,44,709,1184
2023-10-16,5358,51,677,1203
2023-10-17,5410,56,620,1022
2023-10-18,5828,52,707,1239
2023-10-19,5869,63,726,1166
2023-10-20,7199,73,925,1588
2023-10-21,4832,55,812,1388
2023-10-22,3212,36,766,1185
2023-10-23,5488,60,592,1055
2023-10-24,6126,53,730,1186
2023-10-25,6362,72,685,1314
2023-10-26,6611,75,684,1203
2023-10-27,3095,38,446,776
2023-10-28,4978,64,811,1442
2023-10-29,3641,49,741,1293
2023-10-30,6940,70,793,1531
2023-10-31,6641,75,732,1322
2023-11-01,5302,71,652,1456
2023-11-02,5277,64,665,1300
2023-11-03,6308,73,840,1766
2023-11-04,4720,54,804,1505
2023-11-05,3041,53,790,1362
2023-11-06,5772,68,665,1460
2023-11-07,5582,61,688,1383
2023-11-08,5103,53,681,1313
2023-11-09,4991,46,614,1199
2023-11-10,6507,66,765,1415
2023-11-11,5380,51,833,1319
2023-11-12,2906,46,746,1158
2023-11-13,5730,73,715,1340
2023-11-14,4804,71,632,1065
2023-11-15,5239,58,647,1310
2023-11-16,4863,65,638,1198
2023-11-17,6892,67,851,1605
2023-11-18,4930,61,796,1515
2023-11-19,3206,55,774,1365
2023-11-20,5858,71,646,1390
2023-11-21,6312,89,741,1474
2023-11-22,6529,59,705,1458
2023-11-23,6190,63,703,1416
2023-11-24,6393,82,754,1277
2023-11-25,5116,50,833,1394
2023-11-26,3228,59,734,1258
2023-11-27,6396,67,713,1415
2023-11-28,6087,66,672,1264
2023-11-29,6297,55,701,1405
2023-11-30,5987,67,682,1230
2023-12-01,6463,71,816,1597
2023-12-02,4688,49,805,1397
2023-12-03,3377,52,744,1237
2023-12-04,5998,74,671,1472
2023-12-05,5940,49,716,1460
2023-12-06,5105,48,575,1184
2023-12-07,5045,49,545,1074
2023-12-08,6628,76,819,1360
2023-12-09,4897,63,810,1329
2023-12-10,3280,50,748,1207
2023-12-11,5398,60,656,1016
2023-12-12,5668,56,646,966
2023-12-13,6055,60,708,1152
2023-12-14,5810,56,604,972
2023-12-15,7539,53,805,1335
2023-12-16,5209,60,785,1297
2023-12-17,3291,51,738,1158
2023-12-18,6734,52,664,1183
2023-12-19,4737,61,617,1032
2023-12-20,6570,59,675,1219
2023-12-21,6455,55,664,1072
2023-12-22,7757,86,812,1230
2023-12-23,5441,60,816,1236
2023-12-24,3899,55,768,1112
2023-12-25,1166,8,154,205
2023-12-26,7066,74,841,1401
2023-12-27,6196,61,772,1201
2023-12-28,6890,75,780,1327
2023-12-29,6798,89,800,1307
2023-12-30,4868,64,823,1265
2023-12-31,3810,44,806,1224
2024-01-01,50,1,15,43
2024-01-02,6027,58,841,1639
2024-01-03,5211,75,771,1388
2024-01-04,5079,60,705,1209
2024-01-05,5288,62,750,1085
2024-01-06,4641,63,811,1274
2024-01-07,2474,41,740,1062
2024-01-08,4816,61,608,889
2024-01-09,4656,57,690,920
2024-01-10,5012,52,738,1027
2024-01-11,5213,63,653,977
2024-01-12,6048,72,850,1158
2024-01-13,5027,73,900,1393
2024-01-14,2651,42,798,1089
2024-01-15,5344,65,617,898
2024-01-16,5118,67,696,1048
2024-01-17,4918,67,695,964
2024-01-18,4899,67,651,978
2024-01-19,6617,98,856,1563
2024-01-20,6109,70,844,1425
2024-01-21,3177,60,799,1207
2024-01-22,5425,82,688,1240
2024-01-23,5439,75,656,1078
2024-01-24,5519,75,677,1049
2024-01-25,5672,71,665,1105
2024-01-26,6752,74,851,1381
2024-01-27,5878,72,873,1400
2024-01-28,3636,45,816,1198
2024-01-29,6161,67,698,1158
2024-01-30,5880,74,713,1173
2024-01-31,6086,78,735,1218
2024-02-01,5465,64,679,1014
2024-02-02,6122,56,793,1299
2024-02-03,6107,63,834,1363
2024-02-04,3378,49,804,1232
2024-02-05,5509,59,724,1201
2024-02-06,5642,86,738,1029
2024-02-07,5941,84,733,956
2024-02-08,6877,100,972,1362
2024-02-09,1147,15,156,265
2024-02-11,1333,46,536,550
2024-02-12,3212,69,757,1068
2024-02-13,6300,89,968,1407
2024-02-14,5630,80,876,1124
2024-02-15,5450,77,761,1030
2024-02-16,6460,80,911,1267
2024-02-17,5556,43,978,1485
2024-02-18,3524,56,810,1226
2024-02-19,5382,53,777,1123
2024-02-20,5372,61,679,1009
2024-02-21,5449,51,592,1079
2024-02-22,5576,44,472,1244
2024-02-23,6484,46,434,1265
2024-02-24,6688,56,513,1278
2024-02-25,3946,34,539,1183
2024-02-26,6291,66,465,1201
2024-02-27,5712,48,562,1246
2024-02-28,6640,71,651,1174
2024-02-29,6680,74,687,1346
2024-03-01,3093,47,589,966
2024-03-02,5594,47,825,1418
2024-03-03,2792,37,754,1277
2024-03-04,4971,49,699,1270
2024-03-05,4334,57,629,1041
2024-03-06,5303,52,698,1239
2024-03-07,4850,40,577,1110
2024-03-08,5732,64,743,1496
2024-03-09,4455,55,781,1440
2024-03-10,2858,47,684,1138
2024-03-11,5364,37,567,1115
2024-03-12,4809,43,568,1095
2024-03-13,5986,56,678,1321
2024-03-14,5242,51,587,1147
2024-03-15,5203,60,660,1338
2024-03-16,4434,47,814,1611
2024-03-17,2735,34,730,1424
2024-03-18,5393,53,665,1448
2024-03-19,4957,51,607,1236
2024-03-20,5234,47,636,1361
2024-03-21,5224,47,553,1188
2024-03-22,6144,59,741,1572
2024-03-23,4865,55,814,1515
2024-03-24,2950,56,686,1209
2024-03-25,4608,53,526,1072
2024-03-26,4873,39,614,1127
2024-03-27,5285,46,623,1309
2024-03-28,4619,46,575,1186
2024-03-29,6853,66,764,1478
2024-03-30,4489,53,769,1505
2024-03-31,2968,49,727,1428
2024-04-01,4977,53,607,1342
2024-04-02,5062,43,678,1252
2024-04-03,5297,46,646,1330
2024-04-04,5064,42,589,1293
2024-04-05,6105,54,737,1642
2024-04-06,4171,44,767,1484
2024-04-07,2435,39,675,1203
2024-04-08,5421,50,594,1208
2024-04-09,5907,37,623,1266
2024-04-10,2425,34,445,915
2024-04-11,5075,52,594,1327
2024-04-12,5857,66,743,1624
2024-04-13,5476,54,777,1572
2024-04-14,2572,49,768,1349
2024-04-15,4852,54,598,1452
2024-04-16,4395,38,600,1302
2024-04-17,5484,52,668,1616
2024-04-18,5184,51,568,1409
2024-04-19,6429,49,750,1587
2024-04-20,4413,51,768,1392
2024-04-21,3086,19,734,1218
2024-04-22,4679,43,555,1133
2024-04-23,4372,41,573,1075
2024-04-24,5897,39,566,1092
2024-04-25,6195,51,592,1276
2024-04-26,7121,67,755,1607
2024-04-27,5555,49,835,1642
2024-04-28,3708,36,732,1406
2024-04-29,6067,55,702,1567
2024-04-30,6359,56,710,1547
2024-05-01,1950,20,273,583
2024-05-02,6229,55,690,1672
2024-05-03,6935,43,792,1851
2024-05-04,5416,48,724,1431
2024-05-05,1701,33,483,787
2024-05-06,2694,51,554,999
2024-05-07,5555,47,637,1397
2024-05-08,5601,47,635,1640
2024-05-09,6034,53,590,1697
2024-05-10,7444,62,711,1934
2024-05-11,5045,42,775,1595
2024-05-12,3078,40,708,1468
2024-05-13,6784,49,662,1605
2024-05-14,6585,45,671,1427
2024-05-15,1937,18,351,839
2024-05-16,5396,55,612,1391
2024-05-17,7173,51,765,1776
2024-05-18,4462,51,708,1506
2024-05-19,3362,41,654,1160
2024-05-20,5573,48,507,1301
2024-05-21,5678,47,556,1332
2024-05-22,5879,52,617,1365
2024-05-23,6048,39,577,1338
2024-05-24,6878,73,714,1748
2024-05-25,4761,43,792,1487
2024-05-26,3244,40,664,1410
2024-05-27,6721,47,657,1544
2024-05-28,6235,52,626,1406
2024-05-29,5990,46,548,1278
2024-05-30,6459,53,595,1374
2024-05-31,8006,48,770,1828
2024-06-01,4184,47,754,1561
2024-06-02,2655,41,674,1325
2024-06-03,5762,44,548,1524
2024-06-04,5487,53,556,1711
2024-06-05,6209,55,578,1698
2024-06-06,2503,29,463,1175
2024-06-07,7133,60,743,2220
2024-06-08,4777,46,758,1568
2024-06-09,2606,41,643,1311
2024-06-10,5980,39,639,1619
2024-06-11,5728,55,621,1605
2024-06-12,5208,45,527,1550
2024-06-13,6028,49,613,1828
2024-06-14,7965,66,789,2578
2024-06-15,4704,36,748,1781
2024-06-16,2825,32,669,1454
2024-06-17,5680,35,481,2051
2024-06-18,4555,34,516,1953
2024-06-19,4548,28,532,2279
2024-06-20,4683,36,472,2116
2024-06-21,5149,39,550,2537
2024-06-22,3399,37,744,1938
2024-06-23,2679,44,667,1696
2024-06-24,4608,38,602,2141
2024-06-25,4407,45,599,1861
2024-06-26,4780,54,607,2203
2024-06-27,4998,59,627,2293
2024-06-28,5555,68,810,2873
2024-06-29,3561,46,777,2069
2024-06-30,2464,31,666,1781
2024-07-01,4509,43,641,2144
2024-07-02,4146,37,563,1669
2024-07-03,4767,47,698,2114
2024-07-04,4843,42,543,1860
2024-07-05,5957,58,722,2500
2024-07-06,4872,51,783,1949
2024-07-07,2442,43,707,1695
2024-07-08,5475,36,588,2075
2024-07-09,5331,42,616,1895
2024-07-10,5251,37,623,1951
2024-07-11,4194,56,574,2069
2024-07-12,6218,54,785,2488
2024-07-13,4581,48,796,2057
2024-07-14,2391,28,698,1726
2024-07-15,5375,44,647,2214
2024-07-16,5006,38,660,1938
2024-07-17,5102,46,618,2051
2024-07-18,4661,42,567,1869
2024-07-19,5876,52,747,2691
2024-07-20,3775,41,767,1979
2024-07-21,2563,37,743,1701
2024-07-22,4920,44,657,2186
2024-07-23,4724,44,606,2026
2024-07-24,5036,41,643,2160
2024-07-25,4889,53,631,2147
2024-07-26,5025,53,743,2526
2024-07-27,3886,46,757,1919
2024-07-28,2548,33,712,1660
2024-07-29,4823,63,611,2148
2024-07-30,4680,53,658,1986
2024-07-31,5107,51,673,2066
2024-08-01,4854,41,620,1487
2024-08-02,5437,47,664,1763
2024-08-03,3976,34,747,1503
2024-08-04,2476,39,679,1329
2024-08-05,4759,44,634,1610
2024-08-06,4540,51,658,1496
2024-08-07,4752,51,641,1487
2024-08-08,4411,51,605,1598
2024-08-09,5225,63,708,1823
2024-08-10,4659,45,746,1598
2024-08-11,2450,34,695,1391
2024-08-12,4831,46,637,1640
2024-08-13,5576,66,697,1666
2024-08-14,5580,49,734,1772
2024-08-15,3107,48,522,1030
2024-08-16,6736,57,763,2014
2024-08-17,5286,66,684,1551
2024-08-18,2930,45,661,1344
2024-08-19,4897,60,641,1697
2024-08-20,4537,74,650,1475
2024-08-21,4517,48,621,1419
2024-08-22,5122,48,642,1431
2024-08-23,5462,64,733,1755
2024-08-24,4883,45,736,1622
2024-08-25,2941,34,704,1355
2024-08-26,5718,52,648,1926
2024-08-27,5452,70,624,1762
2024-08-28,5785,52,613,1938
2024-08-29,5143,47,570,1503
2024-08-30,6776,65,739,2177
2024-08-31,4936,40,748,1728
2024-09-01,2830,44,701,1443
2024-09-02,5711,54,619,1765
2024-09-03,5856,51,595,1682
2024-09-04,5911,65,658,1767
2024-09-05,5877,43,577,1765
2024-09-06,6472,48,712,2003
2024-09-07,5081,60,740,1733
2024-09-08,2644,44,698,1506
2024-09-09,5484,63,677,1811
2024-09-10,5212,59,631,1666
2024-09-11,5071,55,665,1697
2024-09-12,5998,73,659,1578
2024-09-13,7960,86,1009,2369
2024-09-14,4759,53,860,1717
2024-09-15,2510,48,680,1409
2024-09-16,321,6,68,209
2024-09-18,1663,53,503,794
2024-09-19,6252,70,859,2272
2024-09-20,6568,80,894,2342
2024-09-21,4222,49,828,1635
2024-09-22,3072,59,738,1582
2024-09-23,5409,46,777,2072
2024-09-24,5485,59,682,1880
2024-09-25,5110,52,594,1878
2024-09-26,5422,49,530,1828
2024-09-27,6962,51,737,2423
2024-09-28,5644,31,671,1786
2024-09-29,3657,34,633,1588
2024-09-30,5794,59,553,1786
2024-10-01,2255,40,423,999
2024-10-02,5921,64,627,1502
2024-10-03,2199,30,412,893
2024-10-04,6511,62,908,2445
2024-10-05,4209,45,755,1587
2024-10-06,2410,51,678,1456
2024-10-07,5460,49,751,1963
2024-10-08,5150,51,661,1738
2024-10-09,2510,44,489,1069
2024-10-10,5278,48,704,1947
2024-10-11,7209,73,834,2296
2024-10-12,5302,36,755,1684
2024-10-13,3080,48,673,1459
2024-10-14,4833,54,567,1685
2024-10-15,4388,40,538,1361
2024-10-16,5428,66,628,1513
2024-10-17,5766,52,548,1454
2024-10-18,5870,42,750,1965
2024-10-19,4222,53,785,1590
2024-10-20,2879,47,713,1461
2024-10-21,5039,44,633,1576
2024-10-22,4829,57,623,1330
2024-10-23,5148,52,590,1270
2024-10-24,6091,56,678,1596
2024-10-25,7001,82,822,2123
2024-10-26,5115,45,765,1675
2024-10-27,2606,43,674,1316
2024-10-28,5723,54,614,1719
2024-10-29,5812,58,682,1497
2024-10-30,5839,62,603,1663
2024-10-31,6317,66,637,1710
2024-11-01,6089,60,787,2053
2024-11-02,4665,41,719,1588
2024-11-03,2766,39,632,1502
2024-11-04,5954,41,688,1864
2024-11-05,5994,53,640,1682
2024-11-06,6130,49,620,1581
2024-11-07,5123,49,593,1454
2024-11-08,6426,59,735,1986
2024-11-09,4603,42,749,1557
2024-11-10,2918,37,707,1356
2024-11-11,5147,52,580,1501
2024-11-12,5148,55,626,1385
2024-11-13,6311,65,705,1688
2024-11-14,4967,65,600,1382
2024-11-15,6930,66,783,2071
2024-11-16,5132,50,750,1579
2024-11-17,3242,41,700,1495
2024-11-18,6328,57,724,1782
2024-11-19,6432,56,619,1669
2024-11-20,6190,49,612,1650
2024-11-21,6380,47,635,1647
2024-11-22,7536,58,757,2108
2024-11-23,4782,67,685,1610
2024-11-24,3373,49,709,1404
2024-11-25,6041,52,614,1588
2024-11-26,6339,60,646,1545
2024-11-27,5924,44,577,1449
2024-11-28,6203,55,611,1588
2024-11-29,7354,61,737,2108
2024-11-30,5314,51,720,1559
2024-12-01,2727,35,694,1445
2024-12-02,5959,51,643,1737
2024-12-03,5430,59,609,1508
2024-12-04,4753,30,551,1317
2024-12-05,5091,52,576,1317
2024-12-06,6662,65,711,1772
2024-12-07,4595,55,746,1489
2024-12-08,3102,30,698,1299
2024-12-09,5504,65,532,1174
2024-12-10,5475,41,590,1247
2024-12-11,5358,46,583,1207
2024-12-12,5632,66,575,1253
2024-12-13,7736,63,814,1785
2024-12-14,4935,41,731,1464
2024-12-15,3196,39,726,1348
2024-12-16,6265,48,673,1653
2024-12-17,6386,69,633,1453
2024-12-18,6090,45,587,1322
2024-12-19,6228,41,554,1213
2024-12-20,7647,68,655,1610
2024-12-21,4655,43,730,1410
2024-12-22,3419,28,654,1200
2024-12-23,7274,47,678,1547
2024-12-24,7928,61,730,1525
2024-12-25,2191,22,204,397
2024-12-26,6533,49,709,1537
2024-12-27,7021,44,768,1611
2024-12-28,4993,45,720,1419
2024-12-29,3357,32,689,1281
2024-12-30,6456,52,706,1594
2024-12-31,5737,56,703,1501
2025-01-01,56,0,16,29
2025-01-02,5104,60,683,1653
2025-01-03,5381,64,745,1658
2025-01-04,4115,32,788,1449
2025-01-05,2297,46,678,1209
2025-01-06,4640,41,610,1528
2025-01-07,4257,60,637,1224
2025-01-08,4060,56,586,994
2025-01-09,3872,59,594,1006
2025-01-10,5219,85,868,1366
2025-01-11,4777,47,886,1440
2025-01-12,2586,53,784,1184
2025-01-13,5196,89,765,1428
2025-01-14,4593,86,685,1121
2025-01-15,4363,46,509,867
2025-01-16,4553,51,635,1116
2025-01-17,5637,79,809,1511
2025-01-18,4595,56,830,1473
2025-01-19,2622,51,777,1300
2025-01-20,4763,71,721,1370
2025-01-21,4888,62,671,1248
2025-01-22,5285,67,699,1143
2025-01-23,6043,74,798,1275
2025-01-24,7220,83,964,1738
2025-01-25,5416,66,892,1516
2025-01-26,3261,44,746,1353
2025-01-27,3653,78,714,1116
2025-01-28,417,12,112,213
2025-01-30,1861,60,441,658
2025-01-31,8062,86,1076,2156
2025-02-01,4677,49,875,1532
2025-02-02,2982,38,819,1357
2025-02-03,5583,63,886,1701
2025-02-04,4647,59,713,1354
2025-02-05,4556,53,687,1315
2025-02-06,4584,62,686,1321
2025-02-07,5154,52,783,1463
2025-02-08,4782,45,808,1579
2025-02-09,3074,37,715,1392
2025-02-10,5491,51,663,1503
2025-02-11,5070,59,494,1054
2025-02-12,5120,40,471,888
2025-02-13,5993,56,644,1055
2025-02-14,5583,60,827,1600
2025-02-15,5891,38,807,1535
2025-02-16,2821,48,726,1409
2025-02-17,5146,49,693,1445
2025-02-18,5107,44,649,1316
2025-02-19,4977,49,582,1168
2025-02-20,5870,51,623,1115
2025-02-21,6675,53,801,1473
2025-02-22,5827,47,796,1497
2025-02-23,3447,45,753,1337
2025-02-24,5686,67,650,1431
2025-02-25,5219,68,611,1145
2025-02-26,5337,48,593,1164
2025-02-27,6122,64,649,1244
2025-02-28,6740,63,818,1758
2025-03-01,3920,41,767,1259
2025-03-02,3050,54,706,1317
2025-03-03,3032,28,490,957
2025-03-04,5127,62,697,1606
2025-03-05,5778,63,648,1433
2025-03-06,5324,50,519,1237
2025-03-07,6327,58,744,1718
2025-03-08,5342,48,774,1546
2025-03-09,3599,32,704,1455
2025-03-10,4983,44,542,1251
2025-03-11,5412,55,638,1192
2025-03-12,5404,48,597,1200
2025-03-13,5595,57,683,1189
2025-03-14,6432,64,849,1806
2025-03-15,5636,46,801,1502
2025-03-16,3115,46,742,1377
2025-03-17,5559,57,576,1252
2025-03-18,4995,35,600,1150
2025-03-19,5695,61,610,1419
2025-03-20,5702,44,604,1261
2025-03-21,6759,62,800,1756
2025-03-22,5442,40,812,1586
2025-03-23,3180,44,754,1395
2025-03-24,5342,35,612,1361
2025-03-25,5036,46,593,1210
2025-03-26,4479,46,531,1073
2025-03-27,5874,54,659,1321
2025-03-28,6638,66,877,1790
2025-03-29,5185,60,775,1557
2025-03-30,3322,47,701,1385
2025-03-31,4682,48,564,1236
2025-04-01,5062,44,654,1365
2025-04-02,4471,37,551,1200
2025-04-03,5448,55,673,1248
2025-04-04,5525,64,682,1550
2025-04-05,3830,51,770,1384
2025-04-06,2835,47,722,1362
2025-04-07,4891,54,670,1337
2025-04-08,5038,62,573,1168
2025-04-09,5005,55,600,1196
2025-04-10,5086,44,612,1234
2025-04-11,6284,70,853,1803
2025-04-12,5119,62,825,1482
2025-04-13,3226,42,721,1357
2025-04-14,5027,53,669,1251
2025-04-15,4392,51,555,1210
2025-04-16,4840,38,590,1291
2025-04-17,5278,48,642,1160
2025-04-18,5914,54,707,1497
2025-04-19,4618,46,805,1440
2025-04-20,3511,45,699,1298
2025-04-21,7031,55,823,1541
2025-04-22,4817,61,611,1082
2025-04-23,5973,58,699,1226
2025-04-24,6104,63,641,1307
2025-04-25,7061,72,882,1735
2025-04-26,5483,63,773,1495
2025-04-27,3632,49,661,1305
2025-04-28,5999,53,651,1466
2025-04-29,5494,56,630,1361
2025-04-30,6639,50,648,1561
2025-05-01,1845,22,307,630
2025-05-02,8284,68,926,2040
2025-05-03,4743,45,751,1360
2025-05-04,3020,44,680,1165
2025-05-05,1254,20,304,438
2025-05-06,2936,38,516,948
2025-05-07,6388,64,715,1557
2025-05-08,6076,62,709,1430
2025-05-09,6760,57,845,1709
2025-05-10,4578,49,740,1518
2025-05-11,3341,32,709,1385
2025-05-12,5824,55,676,1557
2025-05-13,6200,51,726,1495
2025-05-14,6267,52,634,1516
2025-05-15,5852,38,499,1248
2025-05-16,6531,41,692,1747
2025-05-17,5821,47,763,1539
2025-05-18,3396,40,716,1396
2025-05-19,6036,36,540,1298
2025-05-20,5970,44,540,1167
2025-05-21,5867,57,599,1328
2025-05-22,6165,59,670,1464
2025-05-23,7832,48,842,1808
2025-05-24,5318,49,758,1580
2025-05-25,3645,45,745,1416
2025-05-26,6466,44,638,1468
2025-05-27,6092,66,633,1373
2025-05-28,5721,47,578,1571
2025-05-29,7348,47,558,1534
2025-05-30,8662,38,714,2103
2025-05-31,5693,44,629,1674
2025-06-01,3314,34,604,1409
2025-06-02,6831,44,648,1740
2025-06-03,3055,29,373,1005
2025-06-04,5763,38,563,1490
2025-06-05,7253,58,709,1507
2025-06-06,3511,52,634,1117
2025-06-07,5173,48,736,1421
2025-06-08,2949,45,713,1277
2025-06-09,6303,46,670,1530
2025-06-10,6039,58,688,1408
2025-06-11,6178,55,667,1446
2025-06-12,6080,38,615,1328
2025-06-13,8707,68,895,1994
2025-06-14,6771,56,802,1748
2025-06-15,4011,43,733,1442
2025-06-16,5815,40,613,1613
2025-06-17,5096,45,475,1178
2025-06-18,5195,44,572,1471
2025-06-19,5556,51,600,1463
2025-06-20,5766,45,643,1605
2025-06-21,4355,61,758,1575
2025-06-22,3172,40,720,1405
2025-06-23,5419,38,573,1654
2025-06-24,4806,43,587,1377
2025-06-25,5274,68,695,1698
2025-06-26,5477,55,609,1577
2025-06-27,6572,75,825,1978
2025-06-28,4890,56,791,1582
2025-06-29,3226,52,783,1472
2025-06-30,4927,41,601,1436
2025-07-01,5358,43,625,1293
2025-07-02,5405,41,611,1335
2025-07-03,4842,57,635,1245
2025-07-04,6504,56,737,1716
2025-07-05,5493,57,802,1621
2025-07-06,2996,55,748,1404
2025-07-07,6037,40,663,1568
2025-07-08,5731,57,680,1445
2025-07-09,6195,44,640,1512
2025-07-10,5045,53,645,1549
2025-07-11,7223,62,768,1898
2025-07-12,4920,63,797,1605
2025-07-13,3123,47,724,1467
2025-07-14,6285,49,591,1611
2025-07-15,6272,49,606,1555
2025-07-16,5852,43,608,1463
2025-07-17,5617,64,565,1290
2025-07-18,6620,61,707,1755
2025-07-19,4340,45,781,1468
2025-07-20,3260,39,745,1404
2025-07-21,5615,49,698,1602
2025-07-22,5429,52,668,1388
2025-07-23,5818,54,716,1454
2025-07-24,5812,57,666,1417
2025-07-25,6411,72,796,1805
2025-07-26,4564,57,764,1581
2025-07-27,2940,49,735,1391
2025-07-28,6093,55,658,1731
2025-07-29,5475,47,596,1516
2025-07-30,5554,51,657,1542
2025-07-31,5607,60,626,1470
2025-08-01,5847,61,706,1691
2025-08-02,4681,45,776,1442
2025-08-03,2619,40,728,1359
2025-08-04,5018,45,643,1470
2025-08-05,5182,47,652,1422
2025-08-06,5168,44,645,1443
2025-08-07,4975,48,658,1384
2025-08-08,5828,67,780,1695
2025-08-09,5670,56,829,1561
2025-08-10,2906,51,747,1386
2025-08-11,5659,53,815,1695
2025-08-12,5242,57,694,1452
2025-08-13,5302,45,754,1490
2025-08-14,6205,64,708,1718
2025-08-15,3604,44,598,1180
2025-08-16,4701,44,786,1496
2025-08-17,3072,45,709,1356
2025-08-18,5464,45,707,1519
2025-08-19,5515,60,641,1428
2025-08-20,5312,43,630,1435
2025-08-21,5328,45,628,1379
2025-08-22,6692,60,848,1790
2025-08-23,5445,53,834,1605
2025-08-24,3608,48,730,1431
2025-08-25,5512,55,667,1402
2025-08-26,5241,62,643,1326
2025-08-27,5591,51,662,1378
2025-08-28,5100,45,657,1359
2025-08-29,6402,59,782,1730
2025-08-30,5397,41,817,1571
2025-08-31,3250,45,763,1454
2025-09-01,5128,35,666,1477
2025-09-02,5358,33,624,1350
2025-09-03,5194,58,576,1301
2025-09-04,5840,40,660,1490
2025-09-05,6904,68,827,2005
2025-09-06,5123,60,778,1627
2025-09-07,3080,50,735,1455
2025-09-08,5419,41,690,1469
2025-09-09,5119,48,590,1214
2025-09-10,5388,62,649,1381
2025-09-11,5299,48,607,1255
2025-09-12,6844,52,850,1730
2025-09-13,5626,53,863,1715
2025-09-14,3185,50,776,1469
2025-09-15,5368,49,658,1528
2025-09-16,4590,38,604,1250
2025-09-17,4964,54,654,1405
2025-09-18,5289,54,663,1420
2025-09-19,6090,57,823,1820
2025-09-20,4537,62,803,1609
2025-09-21,2857,49,767,1419
2025-09-22,4714,41,634,1315
2025-09-23,5247,56,666,1367
2025-09-24,4837,58,706,1423
2025-09-25,5492,47,730,1349
2025-09-26,6268,66,883,1897
2025-09-27,4510,63,853,1552
2025-09-28,3139,48,765,1412
2025-09-29,6037,83,756,1663
2025-09-30,6212,79,752,1593
2025-10-01,5710,77,773,1645
2025-10-02,6904,82,890,1801
2025-10-03,3481,73,764,1214
2025-10-04,4078,72,837,1361
2025-10-05,395,8,105,308
2025-10-07,1294,54,470,539
2025-10-08,2194,57,648,882
2025-10-09,2742,76,703,1141
2025-10-10,6999,100,1091,2232
2025-10-11,4706,63,886,1609
2025-10-12,2808,50,774,1440
2025-10-13,4998,57,849,1703
2025-10-14,4870,58,714,1546
2025-10-15,5234,63,685,1519
2025-10-16,5717,48,749,1622
2025-10-17,7173,64,809,1803
2025-10-18,4905,59,815,1582
2025-10-19,3031,46,614,1086
2025-10-20,5225,47,514,987
2025-10-21,5049,48,517,908
2025-10-22,5403,52,558,1009
2025-10-23,5758,57,668,1114
2025-10-24,6891,77,879,1734
2025-10-25,5290,55,863,1531
2025-10-26,3216,43,797,1409
2025-10-27,5515,59,793,1504
2025-10-28,5700,68,734,1395
2025-10-29,5937,67,696,1524
2025-10-30,5858,58,704,1377
2025-10-31,6757,72,879,1813
2025-11-01,4625,64,817,1442
2025-11-02,3121,56,728,1281
2025-11-03,5389,49,603,1296
2025-11-04,5175,45,553,1168
2025-11-05,5188,47,628,1187
2025-11-06,5546,55,664,1192
2025-11-07,6329,76,912,1539
2025-11-08,4628,54,880,1414
2025-11-09,2747,37,865,1322
2025-11-10,4740,48,676,1194
2025-11-11,5265,62,728,1261
2025-11-12,5533,77,750,1162
2025-11-13,6487,76,849,1440
2025-11-14,7514,99,947,1680
2025-11-15,5107,74,853,1486
2025-11-16,3244,57,790,1286
2025-11-17,5621,60,653,1166
2025-11-18,5441,53,619,1045
2025-11-19,5592,50,676,1206
2025-11-20,5619,56,622,1106
2025-11-21,7942,95,894,1487
2025-11-22,5460,46,882,1466
2025-11-23,3464,41,837,1262
2025-11-24,6005,66,749,1311
2025-11-25,5383,70,661,1057
2025-11-26,6444,72,759,1248
2025-11-27,6507,81,789,1217
2025-11-28,7430,83,950,1563
2025-11-29,5524,68,840,1431
2025-11-30,3659,56,799,1307
2025-12-01,5926,51,693,1204
2025-12-02,5476,58,693,1077
2025-12-03,5046,43,656,1065
2025-12-04,5269,64,646,1007
2025-12-05,5976,57,754,1319
2025-12-06,4623,50,806,1288
2025-12-07,3106,38,795,1159
2025-12-08,5544,57,744,1127
2025-12-09,5072,57,671,973
2025-12-10,5354,52,666,976
2025-12-11,6217,66,635,925
2025-12-12,7452,77,914,1352
2025-12-13,5117,52,869,1386
2025-12-14,3347,52,760,1241
2025-12-15,5814,52,731,1057
2025-12-16,5632,72,635,929
2025-12-17,5731,51,668,997
2025-12-18,6025,40,618,945
2025-12-19,7295,66,828,1248
2025-12-20,4588,47,801,1253
2025-12-21,3460,41,752,1147
2025-12-22,6779,56,695,1154
2025-12-23,6232,70,685,993
2025-12-24,7171,76,861,1162
2025-12-25,2039,28,324,391
2025-12-26,7671,65,964,1532
2025-12-27,5271,66,852,1291
2025-12-28,3645,36,815,1162
2025-12-29,6456,43,728,1146
2025-12-30,6969,68,849,1253
2025-12-31,6330,59,773,1157
