date,RBC,platelet,plasma,F_platelet,washed_platelet,apheresis_plasma,etc
2021-01-01,25424,8208,100338,994,0,14686,168
2021-01-02,23030,4765,99328,604,0,14750,292
2021-01-03,25009,5858,103327,1051,0,16955,196
2021-01-04,25145,4934,105108,1062,0,18623,270
2021-01-05,24424,5621,108932,888,0,20409,190
2021-01-06,23382,5718,102225,745,0,17892,158
2021-01-07,22517,5705,98997,735,0,16981,184
2021-01-08,20690,4964,97512,673,0,15910,125
2021-01-09,20934,6443,93885,698,0,14266,176
2021-01-10,23216,7299,98066,1037,0,16288,225
2021-01-11,24115,5822,100026,1018,0,17909,294
2021-01-12,23051,6023,103400,801,0,19357,186
2021-01-13,22230,6167,102860,761,0,18837,160
2021-01-14,21941,6469,106938,804,0,20404,148
2021-01-15,20880,6407,110173,724,0,21703,161
2021-01-16,20701,6587,104306,743,0,17786,128
2021-01-17,22533,6807,108159,1114,0,19967,207
2021-01-18,23437,6294,110367,1145,0,21741,236
2021-01-19,21346,5629,107775,982,0,21342,111
2021-01-20,19966,5973,103783,778,0,20677,124
2021-01-21,19348,5959,95319,740,0,18156,158
2021-01-22,18007,5257,94120,685,0,17234,130
2021-01-23,17641,6019,84634,849,0,12878,117
2021-01-24,19088,6465,88079,1153,0,15082,186
2021-01-25,19585,5473,90034,1154,0,16917,279
2021-01-26,19835,6768,94583,910,0,18451,281
2021-01-27,19757,7323,88346,775,0,14370,212
2021-01-28,20631,7708,93010,885,0,15864,240
2021-01-29,20493,7409,94655,760,0,15284,325
2021-01-30,21228,7758,88063,823,0,11698,230
2021-01-31,23230,7840,92106,1171,0,13878,255
2021-02-01,23952,6830,94107,1240,0,15619,761
2021-02-02,23200,6600,98403,1055,0,17184,184
2021-02-03,22912,7058,102524,904,0,18656,265
2021-02-04,22396,6542,96061,872,0,15306,180
2021-02-05,21195,6185,99411,737,0,16473,162
2021-02-06,21799,6911,91955,807,0,12606,160
2021-02-07,24800,8105,97162,1161,0,14776,464
2021-02-08,25787,7879,99716,1233,0,16551,520
2021-02-09,25443,8013,98133,1090,0,16043,280
2021-02-10,24322,8089,93860,906,0,14285,234
2021-02-11,24011,8618,96014,1156,0,14183,104
2021-02-12,22010,5265,95488,644,0,14350,26
2021-02-13,20022,2444,94864,328,0,14350,26
2021-02-14,20429,3240,96452,730,0,15728,353
2021-02-15,21819,3820,99333,957,0,17767,206
2021-02-16,21329,5856,102988,984,0,19781,139
2021-02-17,19934,5542,100275,868,0,18602,101
2021-02-18,18416,5078,98249,821,0,17916,134
2021-02-19,17704,5713,97865,820,0,17196,157
2021-02-20,17562,6229,91549,885,0,15928,128
2021-02-21,19564,7211,95254,1241,0,18193,206
2021-02-22,19776,6127,96674,1261,0,19962,563
2021-02-23,18755,6320,92694,1118,0,18646,132
2021-02-24,17990,6946,93406,998,0,18343,243
2021-02-25,17027,6827,87928,943,0,15039,329
2021-02-26,16480,6636,87939,781,0,13015,191
2021-02-27,17301,7843,82997,754,0,8805,165
2021-02-28,19521,8873,87390,1129,0,10734,189
2021-03-01,20275,7833,89844,1239,0,12500,245
2021-03-02,19256,5576,90580,983,0,13455,755
2021-03-03,17814,6196,94793,966,0,15113,172
2021-03-04,17481,6474,95765,827,0,15144,191
2021-03-05,16585,6077,99474,776,0,16616,137
2021-03-06,16609,6878,99406,828,0,16740,181
2021-03-07,19593,8326,105017,1125,0,19018,258
2021-03-08,20281,7592,107927,1174,0,20877,545
2021-03-09,18843,7076,111128,1063,0,22479,140
2021-03-10,17044,6621,105773,959,0,20931,170
2021-03-11,16383,6758,96280,847,0,16669,170
2021-03-12,15849,6433,97313,704,0,15738,191
2021-03-13,15631,6615,93398,756,0,13045,158
2021-03-14,17822,7449,97875,1142,0,15330,342
2021-03-15,18956,6883,100372,1220,0,17148,351
2021-03-16,18338,6860,94817,953,0,15295,229
2021-03-17,17554,6731,98691,857,0,16751,179
2021-03-18,17190,7442,94166,788,0,15382,158
2021-03-19,17046,7198,97988,760,0,16823,187
2021-03-20,17059,7767,93816,833,0,14659,236
2021-03-21,19079,8002,98247,1157,0,16794,255
2021-03-22,20055,7463,100975,1304,0,18624,432
2021-03-23,19747,7850,105437,1163,0,20352,199
2021-03-24,18711,7460,102931,856,0,18201,321
2021-03-25,19248,7628,104308,801,0,17372,455
2021-03-26,19468,7725,101673,694,0,16124,250
2021-03-27,19879,8469,94384,773,0,12974,207
2021-03-28,21627,8553,98483,1071,0,14887,267
2021-03-29,22150,7091,100898,1220,0,16724,753
2021-03-30,21819,7188,105168,958,0,18190,246
2021-03-31,21212,7073,94140,879,0,13304,145
2021-04-01,20958,7222,94546,858,0,12248,177
2021-04-02,20037,6929,98117,722,0,13622,126
2021-04-03,19811,7421,102147,815,0,15364,156
2021-04-04,20769,7326,105124,1145,0,17507,93
2021-04-05,21222,6508,107089,1277,0,19304,635
2021-04-06,20306,6459,105361,1062,0,18904,157
2021-04-07,19101,6827,103646,814,0,18087,156
2021-04-08,18110,6557,100792,762,0,14902,161
2021-04-09,17390,6122,104157,660,0,16259,227
2021-04-10,17795,7444,101347,769,0,14340,233
2021-04-11,19354,7413,104963,1097,0,16406,152
2021-04-12,19728,6128,106958,1182,0,18192,299
2021-04-13,17927,5450,110059,946,0,19484,169
2021-04-14,17017,5663,100744,857,0,16655,128
2021-04-15,16379,5735,99027,783,0,16875,215
2021-04-16,15378,5366,99709,708,0,16250,145
2021-04-17,16099,6816,92318,838,0,13780,173
2021-04-18,18737,7579,97201,1141,0,15926,189
2021-04-19,19688,6853,99881,1130,0,17674,377
2021-04-20,17656,5908,102474,962,0,19136,144
2021-04-21,16223,6267,94530,790,0,15313,105
2021-04-22,15077,5528,93084,727,0,14051,110
2021-04-23,14708,5716,86313,668,0,11624,115
2021-04-24,15685,6999,87668,783,0,10766,125
2021-04-25,17404,7430,92058,1070,0,12813,158
2021-04-26,18065,6241,94423,1145,0,14574,225
2021-04-27,17312,6779,92544,959,0,13989,168
2021-04-28,15913,6450,92249,895,0,13539,158
2021-04-29,15412,6144,90611,862,0,13106,169
2021-04-30,15910,6684,86478,830,0,9960,228
2021-05-01,17210,8414,91283,982,0,11821,185
2021-05-02,18307,8034,94371,1095,0,13387,271
2021-05-03,20449,8159,98434,1190,0,15194,469
2021-05-04,19728,8288,102184,1099,0,16810,212
2021-05-05,19151,8435,103792,1026,0,17166,158
2021-05-06,17528,5513,104251,646,0,17746,414
2021-05-07,17480,6359,108276,720,0,19399,175
2021-05-08,17654,7496,107093,795,0,17552,207
2021-05-09,19864,7663,111733,1037,0,19630,169
2021-05-10,20993,6763,114825,1136,0,21388,537
2021-05-11,19720,6688,109005,911,0,19692,170
2021-05-12,18817,7135,102143,862,0,17272,131
2021-05-13,18447,7408,93714,853,0,13713,177
2021-05-14,18034,7180,95449,834,0,13418,197
2021-05-15,18420,8294,95093,890,0,12676,258
2021-05-16,20588,8338,99304,1118,0,14615,287
2021-05-17,20705,6991,101155,1241,0,16289,576
2021-05-18,19975,7239,100654,1062,0,16576,149
2021-05-19,20556,8922,98278,1037,0,15284,149
2021-05-20,19748,6727,99129,861,0,16053,691
2021-05-21,20306,7250,104000,762,0,17549,154
2021-05-22,20728,7848,93895,836,0,13315,147
2021-05-23,22764,8355,98129,1150,0,15388,225
2021-05-24,23633,7199,100457,1321,0,17092,513
2021-05-25,23196,7439,104305,1017,0,18512,138
2021-05-26,23010,8029,100636,922,0,15126,156
2021-05-27,22731,8214,97257,899,0,12560,407
2021-05-28,22507,7307,100889,791,0,13958,235
2021-05-29,22879,7833,95507,852,0,11846,150
2021-05-30,24635,7565,98916,1029,0,13776,390
2021-05-31,25016,6360,100847,1167,0,15548,743
2021-06-01,23532,6772,98889,1006,0,15169,185
2021-06-02,22124,6692,96553,847,0,14552,168
2021-06-03,21256,6721,100202,682,0,15600,193
2021-06-04,19902,5795,103304,636,0,16821,161
2021-06-05,21875,7606,97517,767,0,13975,246
2021-06-06,25136,8353,102888,1103,0,16048,528
2021-06-07,25750,6673,105075,1243,0,17713,1131
2021-06-08,24852,6444,108920,1004,0,19034,175
2021-06-09,24130,6662,105545,884,0,16038,172
2021-06-10,23275,6751,102302,853,0,13322,194
2021-06-11,22380,6147,103884,752,0,14200,216
2021-06-12,22341,6634,96747,803,0,11155,181
2021-06-13,23646,6548,100214,1083,0,13104,164
2021-06-14,24375,5516,102227,1154,0,14771,562
2021-06-15,23775,6137,105598,975,0,16295,170
2021-06-16,21680,4940,89024,774,0,12047,118
2021-06-17,20444,5294,88704,680,0,12079,121
2021-06-18,18658,4660,87173,550,0,11698,119
2021-06-19,18612,5681,85101,804,0,11630,158
2021-06-20,19908,5875,88427,1088,0,13665,137
2021-06-21,20356,4926,90329,1118,0,15433,226
2021-06-22,18992,5242,89364,938,0,15180,97
2021-06-23,18026,5349,90555,834,0,14900,75
2021-06-24,17160,5437,87848,801,0,11663,92
2021-06-25,16169,4873,91192,719,0,13001,106
2021-06-26,17027,6739,86051,862,0,10345,200
2021-06-27,18970,7197,90047,1188,0,12422,170
2021-06-28,19886,6180,92458,1242,0,14066,278
2021-06-29,19071,6214,95221,1070,0,15254,233
2021-06-30,18739,6656,95191,970,0,14248,206
2021-07-01,18682,6607,90958,882,0,12480,161
2021-07-02,17876,6350,94623,815,0,13746,217
2021-07-03,17682,7004,91429,836,0,12480,198
2021-07-04,18555,7049,94802,1129,0,14401,155
2021-07-05,19427,6123,96963,1204,0,16113,322
2021-07-06,18076,5881,99761,947,0,17501,147
2021-07-07,16937,5976,93167,793,0,15039,125
2021-07-08,16096,5342,89228,717,0,11647,130
2021-07-09,16920,6428,90898,674,0,10821,121
2021-07-10,17487,7278,91969,788,0,10953,166
2021-07-11,19407,7349,96092,1160,0,13120,152
2021-07-12,20500,6915,98612,1178,0,14805,145
2021-07-13,19067,6504,95851,996,0,14202,128
2021-07-14,18703,7053,94198,914,0,12898,137
2021-07-15,17251,5883,96623,812,0,14098,128
2021-07-16,16289,5695,92085,702,0,12629,156
2021-07-17,16921,6768,96132,797,0,14147,222
2021-07-18,19191,6945,100114,1138,0,16162,148
2021-07-19,20798,6754,102908,1197,0,17931,302
2021-07-20,19140,6148,105345,935,0,19289,148
2021-07-21,17664,5664,95144,842,0,16582,158
2021-07-22,16742,5497,92459,765,0,14926,129
2021-07-23,16010,5626,90839,692,0,13623,158
2021-07-24,15587,6004,87247,793,0,11234,77
2021-07-25,16859,6086,90544,1123,0,13205,100
2021-07-26,17226,5027,92278,1173,0,14848,417
2021-07-27,17160,5988,95055,857,0,15902,138
2021-07-28,16434,6104,83781,810,0,11435,109
2021-07-29,15886,6255,87344,777,0,12731,151
2021-07-30,15806,6507,91416,748,0,14031,119
2021-07-31,16874,7674,86544,899,0,11836,102
2021-08-01,18858,7956,90872,1111,0,13833,118
2021-08-02,20473,7733,94058,1234,0,15486,292
2021-08-03,19202,6856,90131,1048,0,13894,147
2021-08-04,18737,7039,90926,999,0,14233,137
2021-08-05,18359,6982,94611,938,0,15601,114
2021-08-06,17510,6824,98132,828,0,16881,135
2021-08-07,17739,7403,102482,914,0,18481,84
2021-08-08,19381,7463,106181,1165,0,20448,148
2021-08-09,20120,6550,108406,1249,0,22105,257
2021-08-10,18709,6444,105409,1112,0,21557,126
2021-08-11,17585,6318,96640,874,0,16608,127
2021-08-12,16969,6502,97095,799,0,14579,128
2021-08-13,15860,6335,94567,714,0,13783,97
2021-08-14,16234,7122,94623,850,0,13055,86
2021-08-15,18239,7798,99049,1148,0,15119,116
2021-08-16,18872,6591,101123,1252,0,16740,151
2021-08-17,17477,4786,101655,995,0,17587,247
2021-08-18,16637,5776,102841,843,0,18343,312
2021-08-19,15699,5736,96907,856,0,15724,395
2021-08-20,16104,6984,100151,850,0,15639,467
2021-08-21,16577,7511,95524,867,0,12734,287
2021-08-22,17765,7317,98882,1127,0,14638,405
2021-08-23,19177,6909,101739,1185,0,16374,177
2021-08-24,18355,6728,97408,1025,0,15230,112
2021-08-25,16948,6187,95947,929,0,14766,128
2021-08-26,16001,5496,92588,743,0,13955,135
2021-08-27,15537,5700,95913,748,0,15312,111
2021-08-28,16005,6925,93350,832,0,13533,109
2021-08-29,18014,7617,97519,1197,0,15654,357
2021-08-30,19641,7217,100580,1196,0,17292,492
2021-08-31,18362,7675,97630,1043,0,16562,134
2021-09-01,17012,7332,90361,938,0,13894,109
2021-09-02,16602,7324,91283,865,0,13465,190
2021-09-03,16003,6905,92695,791,0,12334,200
2021-09-04,17628,8391,98045,888,0,14156,156
2021-09-05,20465,8889,103258,1200,0,16317,234
2021-09-06,21604,7981,105826,1228,0,18034,785
2021-09-07,20718,8055,103333,1075,0,17449,230
2021-09-08,16400,7649,104736,866,0,17120,203
2021-09-09,16494,7363,97368,777,0,12494,180
2021-09-10,16605,6780,101097,725,0,13829,123
2021-09-11,16830,6873,96069,767,0,12349,110
2021-09-12,18184,6769,99584,1031,0,14344,237
2021-09-13,18669,5579,101181,1034,0,15997,715
2021-09-14,19747,6994,98891,854,0,15370,186
2021-09-15,18808,6572,97645,748,0,15540,166
2021-09-16,18481,6495,93244,748,0,13512,182
2021-09-17,18245,6879,91863,719,0,11423,111
2021-09-18,19283,8362,96971,953,0,13176,140
2021-09-19,20958,8304,100787,1174,0,15107,111
2021-09-20,21692,7178,102919,1269,0,16611,45
2021-09-21,19342,3643,101804,758,0,16710,57
2021-09-22,17424,1664,101014,418,0,16710,53
2021-09-23,16299,1676,101714,497,0,17438,35
2021-09-24,17193,5855,106266,918,0,19366,151
2021-09-25,19579,8006,98791,1031,0,16734,112
2021-09-26,21574,7143,103192,1220,0,18841,123
2021-09-27,22908,6445,105996,1219,0,20606,203
2021-09-28,22166,6807,104017,1075,0,19890,153
2021-09-29,20958,6629,102650,999,0,18792,134
2021-09-30,19631,6143,91986,891,0,13610,122
2021-10-01,18588,5583,95328,784,0,15006,85
2021-10-02,17799,6496,98941,944,0,17037,96
2021-10-03,18635,6654,102046,1147,0,18917,62
2021-10-04,18675,5954,103799,1240,0,20433,102
2021-10-05,16986,4463,104439,1118,0,21378,218
2021-10-06,15864,5096,102678,857,0,20956,113
2021-10-07,15390,5005,94748,624,0,14799,118
2021-10-08,14444,4896,91640,668,0,12793,104
2021-10-09,14908,6138,87112,818,0,10447,96
2021-10-10,16260,6186,90686,989,0,12174,31
2021-10-11,16480,5306,92741,1046,0,13805,113
2021-10-12,15293,4288,93862,848,0,14745,112
2021-10-13,15656,6099,98063,832,0,16306,167
2021-10-14,15813,6610,96174,828,0,14970,141
2021-10-15,15738,6755,100252,806,0,16405,118
2021-10-16,16820,7582,92268,917,0,13053,129
2021-10-17,18570,7558,96507,1107,0,14890,62
2021-10-18,19838,7343,99808,1150,0,16438,227
2021-10-19,18910,6888,98499,904,0,15608,140
2021-10-20,17927,6651,98017,756,0,15380,118
2021-10-21,17083,5977,93223,694,0,14446,131
2021-10-22,15955,5096,91377,638,0,11788,75
2021-10-23,17268,6853,93472,835,0,11290,121
2021-10-24,18434,6526,97037,960,0,13060,93
2021-10-25,19363,5881,99493,1062,0,14772,178
2021-10-26,18321,6163,103083,796,0,16025,120
2021-10-27,18132,7042,94016,780,0,12208,87
2021-10-28,14603,4013,94209,536,0,12939,106
2021-10-29,15339,5877,94435,839,0,12749,125
2021-10-30,16851,7254,88388,914,0,10266,117
2021-10-31,18201,7576,92387,1032,0,12090,67
2021-11-01,18867,6941,94992,1175,0,13831,125
2021-11-02,18142,7053,98306,992,0,15263,156
2021-11-03,17938,7323,99788,930,0,15122,151
2021-11-04,17454,7540,97729,874,0,12535,149
2021-11-05,17032,7144,101413,737,0,13879,188
2021-11-06,17869,8128,95179,886,0,11291,168
2021-11-07,19061,7893,99000,1040,0,13152,209
2021-11-08,20112,7206,101686,1179,0,14929,284
2021-11-09,19900,7180,100300,1010,0,14169,152
2021-11-10,19405,7289,99351,887,0,14310,144
2021-11-11,19180,7331,103348,714,0,15492,150
2021-11-12,18585,6646,107418,697,0,16863,134
2021-11-13,18851,7065,105045,859,0,15348,92
2021-11-14,20412,7292,108721,1103,0,17210,38
2021-11-15,20350,6324,110668,1262,0,18871,446
2021-11-16,19358,6044,113893,1080,0,20391,116
2021-11-17,18184,6049,103858,856,0,16027,141
2021-11-18,17224,5641,101302,747,0,13363,81
2021-11-19,16536,5744,100481,666,0,12344,124
2021-11-20,18427,7700,99515,822,0,11664,126
2021-11-21,20085,8253,103675,1034,0,13442,92
2021-11-22,21217,7485,106548,1092,0,15185,212
2021-11-23,21070,7847,110914,1003,0,16700,159
2021-11-24,20915,8301,101526,928,0,14082,157
2021-11-25,19848,8388,105822,850,0,15411,180
2021-11-26,20052,8912,111277,778,0,16862,227
2021-11-27,21710,8795,105299,1022,0,14078,306
2021-11-28,24432,8885,110803,1237,0,15942,62
2021-11-29,25263,8031,113669,1363,0,17629,1053
2021-11-30,25484,7920,112874,1207,0,17006,124
2021-12-01,24278,7262,110046,997,0,15417,123
2021-12-02,24038,7216,114160,838,0,16776,142
2021-12-03,24052,7309,111024,714,0,13815,104
2021-12-04,24059,7787,109958,836,0,13012,116
2021-12-05,25200,7252,113443,1019,0,14790,48
2021-12-06,25974,6707,115981,1110,0,16446,158
2021-12-07,25609,6822,119957,965,0,17940,104
2021-12-08,24733,6834,107074,871,0,13830,116
2021-12-09,23926,6637,110754,757,0,15038,96
2021-12-10,23572,6853,115125,663,0,16296,101
2021-12-11,24753,8022,110527,826,0,14282,221
2021-12-12,27264,8314,115291,993,0,16077,135
2021-12-13,28164,7012,117455,1208,0,17704,581
2021-12-14,28794,7467,122131,1088,0,19112,146
2021-12-15,28254,7815,123092,903,0,18956,179
2021-12-16,28786,8094,123651,769,0,18718,164
2021-12-17,28455,7070,124048,682,0,17673,252
2021-12-18,29967,8465,116029,831,0,14946,150
2021-12-19,32381,8500,120179,995,0,16562,302
2021-12-20,34131,7610,123496,1143,0,18185,446
2021-12-21,33495,7262,112252,950,0,15083,114
2021-12-22,32947,7132,112765,827,0,14098,136
2021-12-23,32595,6848,101356,757,0,10590,120
2021-12-24,32054,6089,105239,693,0,11922,134
2021-12-25,33411,8209,98690,889,0,9670,126
2021-12-26,33322,5695,99895,623,0,10359,287
2021-12-27,35177,6038,102979,985,0,12037,503
2021-12-28,35635,7607,107295,946,0,13501,184
2021-12-29,35771,7220,102465,831,0,11974,219
2021-12-30,36295,7664,107401,836,0,13367,241
2021-12-31,37388,7988,112341,779,0,14783,237
2022-01-01,37401,8506,116585,864,0,16357,192
2022-01-02,35539,5419,115847,593,0,16452,147
2022-01-03,37272,5341,118904,948,0,18345,202
2022-01-04,35585,4767,121326,811,0,19813,102
2022-01-05,33768,4606,108790,759,0,16291,76
2022-01-06,32072,4469,100652,676,0,12624,77
2022-01-07,30102,4248,103323,806,0,14056,71
2022-01-08,28109,4659,92210,982,0,11025,52
2022-01-09,29578,5390,95446,1093,0,12874,52
2022-01-10,30161,4761,97399,1176,0,14622,118
2022-01-11,27458,4333,99212,869,0,15920,63
2022-01-12,24859,4247,93002,734,0,13211,77
2022-01-13,22620,4061,95111,694,0,14372,76
2022-01-14,21102,4714,95226,834,0,14840,101
2022-01-15,20144,5054,94378,923,0,15142,57
2022-01-16,20714,5107,96908,980,0,16665,34
2022-01-17,21296,4263,98901,1089,0,18413,133
2022-01-18,19979,4531,95523,869,0,17118,91
2022-01-19,18787,4731,93342,833,0,15391,73
2022-01-20,18456,5401,91892,709,0,12463,81
2022-01-21,17967,5058,91918,762,0,11367,93
2022-01-22,18082,6262,90644,867,0,10823,86
2022-01-23,19984,7002,94713,1040,0,12670,58
2022-01-24,21003,6324,97118,1237,0,14483,220
2022-01-25,20344,6142,100482,983,0,15779,82
2022-01-26,19875,6297,93353,833,0,13418,104
2022-01-27,19966,6688,97885,857,0,14769,124
2022-01-28,20034,6925,96285,841,0,13777,94
2022-01-29,21189,8279,94717,1048,0,12896,99
2022-01-30,22023,8275,97937,1191,0,14488,69
2022-01-31,22453,7864,100188,1373,0,16087,29
2022-02-01,20048,4878,99548,901,0,16249,119
2022-02-02,18095,2124,98861,547,0,16248,119
2022-02-03,18071,2789,100547,733,0,17270,50
2022-02-04,18078,5361,104193,843,0,19206,109
2022-02-05,17724,5258,101007,918,0,16495,58
2022-02-06,18537,5333,103720,1085,0,18302,74
2022-02-07,19055,4895,105567,1169,0,20058,122
2022-02-08,17371,4826,107741,986,0,21532,70
2022-02-09,16339,5044,101859,906,0,18586,73
2022-02-10,16877,6471,97557,840,0,15348,91
2022-02-11,16671,6614,93830,863,0,13742,99
2022-02-12,17095,7456,86984,951,0,10844,83
2022-02-13,18696,7956,90651,1163,0,12514,76
2022-02-14,19650,7019,92937,1312,0,14152,156
2022-02-15,18130,6687,95544,1068,0,15224,72
2022-02-16,17265,6741,92509,853,0,12983,80
2022-02-17,16265,6316,95165,684,0,13944,80
2022-02-18,15899,5894,93567,750,0,13962,74
2022-02-19,16110,6906,90769,933,0,10970,82
2022-02-20,17731,7198,94490,1132,0,12755,44
2022-02-21,18768,6819,97038,1334,0,14436,155
2022-02-22,17842,6731,94389,1137,0,13770,74
2022-02-23,17264,7034,90779,1049,0,12125,53
2022-02-24,17020,7372,88514,916,0,11044,157
2022-02-25,17054,7446,89593,830,0,10412,94
2022-02-26,16965,7931,89934,918,0,9959,66
2022-02-27,18440,8294,93586,1088,0,11632,75
2022-02-28,19655,7662,96362,1356,0,13267,56
2022-03-01,20270,8543,100484,1287,0,14723,87
2022-03-02,21566,7997,103567,1266,0,15810,274
2022-03-03,21203,7935,107365,1104,0,16990,102
2022-03-04,20373,7075,108360,914,0,16202,137
2022-03-05,20027,7298,97098,922,0,12672,78
2022-03-06,21379,7943,100489,1156,0,14406,67
2022-03-07,21961,6602,102553,1385,0,16045,105
2022-03-08,20403,6051,99532,1119,0,15616,85
2022-03-09,20135,6850,93484,1110,0,12145,60
2022-03-10,20735,6367,96113,1017,0,13234,580
2022-03-11,19376,5139,98738,753,0,14299,92
2022-03-12,18736,5677,96909,833,0,14079,73
2022-03-13,19457,5846,100121,976,0,15658,100
2022-03-14,19520,4885,101858,1038,0,17210,115
2022-03-15,17486,4243,99032,771,0,16429,58
2022-03-16,16368,4632,93720,594,0,14093,57
2022-03-17,16506,5217,92846,633,0,14123,87
2022-03-18,15756,4536,92219,682,0,12875,93
2022-03-19,15942,5682,92059,795,0,13125,98
2022-03-20,16965,5557,95059,954,0,14733,35
2022-03-21,18290,5683,97849,1015,0,16310,373
2022-03-22,17377,5305,100323,795,0,17399,76
2022-03-23,16918,5957,94057,770,0,15298,102
2022-03-24,16116,5840,89361,717,0,11706,107
2022-03-25,15431,5303,92784,675,0,12800,110
2022-03-26,15732,6254,83444,795,0,9510,89
2022-03-27,17191,6592,87244,964,0,11113,45
2022-03-28,18366,6350,89898,1077,0,12612,144
2022-03-29,17306,5772,89586,821,0,12597,72
2022-03-30,15734,5095,88233,619,0,11609,90
2022-03-31,15507,5388,91394,691,0,12777,113
2022-04-01,15617,5608,89971,663,0,12100,85
2022-04-02,15813,6518,90713,784,0,11840,128
2022-04-03,17945,7116,94987,968,0,13376,50
2022-04-04,18452,6194,97438,1095,0,14796,132
2022-04-05,17423,5994,94129,854,0,14480,100
2022-04-06,16831,5944,89687,821,0,12665,139
2022-04-07,15986,5618,84319,748,0,9990,118
2022-04-08,15376,5685,87822,649,0,11056,143
2022-04-09,16079,6750,92090,782,0,12380,149
2022-04-10,17543,7038,95793,927,0,13830,38
2022-04-11,18405,6488,98339,1084,0,15274,109
2022-04-12,17043,5635,100814,853,0,16375,118
2022-04-13,16979,6203,95806,705,0,14165,181
2022-04-14,17013,6706,93540,740,0,13189,135
2022-04-15,16880,7032,90625,754,0,12384,142
2022-04-16,17155,8017,87777,940,0,11285,156
2022-04-17,18639,7661,91726,1085,0,12891,53
2022-04-18,19661,6631,94276,1263,0,14333,212
2022-04-19,20353,7383,98475,1007,0,15532,201
2022-04-20,20893,8138,94739,774,0,13764,324
2022-04-21,21543,7878,96864,704,0,13033,304
2022-04-22,21280,6472,95004,610,0,12213,246
2022-04-23,21049,7560,91136,787,0,10281,158
2022-04-24,23880,8221,96512,954,0,11897,78
2022-04-25,24648,7074,98806,1088,0,13466,674
2022-04-26,24658,7044,96122,928,0,12897,173
2022-04-27,24816,7564,93025,788,0,11042,181
2022-04-28,24753,8267,92144,792,0,10535,281
2022-04-29,24514,8743,93253,806,0,10175,250
2022-04-30,25581,9465,94167,942,0,9595,249
2022-05-01,28809,10009,100139,1168,0,11389,57
2022-05-02,28868,8143,102429,1312,0,12878,803
2022-05-03,28976,7764,107469,1257,0,14425,268
2022-05-04,29535,8261,113098,1107,0,15846,258
2022-05-05,30368,9369,111067,1034,0,13451,148
2022-05-06,29985,7264,112917,878,0,14379,577
2022-05-07,31767,8272,119168,999,0,16208,163
2022-05-08,33544,7708,123279,1148,0,17877,49
2022-05-09,33727,6407,125098,1193,0,19356,392
2022-05-10,33586,6828,121393,1001,0,18578,208
2022-05-11,33772,7762,113903,820,0,15624,124
2022-05-12,33872,7879,110945,776,0,14667,186
2022-05-13,34145,7850,111274,711,0,15150,135
2022-05-14,35251,8783,106596,899,0,13240,159
2022-05-15,37367,8450,110938,1124,0,15122,53
2022-05-16,37909,6647,112939,1349,0,16884,737
2022-05-17,38396,7214,111597,1286,0,16746,202
2022-05-18,38056,7550,107827,1068,0,16521,303
2022-05-19,38117,7653,104421,927,0,13569,523
2022-05-20,38852,7505,110000,755,0,14833,209
2022-05-21,39823,8501,98768,879,0,10556,194
2022-05-22,42057,8201,102883,1101,0,12452,46
2022-05-23,43043,6905,105470,1318,0,14271,644
2022-05-24,43494,7793,109948,1127,0,15752,168
2022-05-25,43616,8010,109850,1000,0,15661,172
2022-05-26,43797,8099,106726,793,0,14483,228
2022-05-27,44151,7795,109531,715,0,14323,558
2022-05-28,44923,8357,105954,811,0,13111,497
2022-05-29,46707,8026,110010,1015,0,15048,391
2022-05-30,47791,6936,112448,1209,0,16858,623
2022-05-31,47485,6785,117036,1061,0,18481,192
2022-06-01,48138,8361,109079,937,0,15313,225
2022-06-02,46968,6360,109749,864,0,16354,1019
2022-06-03,47515,7672,112222,650,0,16805,312
2022-06-04,48489,8160,107771,750,0,14396,183
2022-06-05,49791,7411,111132,908,0,16210,33
2022-06-06,50588,6431,113361,1071,0,17906,206
2022-06-07,49413,4642,114046,818,0,18758,599
2022-06-08,48848,5937,113022,746,0,18690,100
2022-06-09,48070,6228,111947,654,0,19036,159
2022-06-10,47383,6059,111052,628,0,17283,120
2022-06-11,47211,6619,101221,776,0,13554,133
2022-06-12,48875,6750,104788,999,0,15533,37
2022-06-13,49659,5931,106963,1183,0,17379,188
2022-06-14,49458,7432,111810,1068,0,19193,194
2022-06-15,51202,8372,106159,1225,0,16485,416
2022-06-16,52248,8603,107719,1026,0,15286,221
2022-06-17,52661,8211,112346,828,0,16641,152
2022-06-18,52605,8122,107874,973,0,14499,167
2022-06-19,54225,7730,111584,1091,0,16398,37
2022-06-20,54998,6397,113658,1200,0,18139,258
2022-06-21,54221,6956,111434,919,0,17410,173
2022-06-22,52676,6397,106194,758,0,15315,147
2022-06-23,52090,6525,105251,688,0,15198,145
2022-06-24,50109,5556,103704,587,0,14634,142
2022-06-25,50216,6805,102315,784,0,14755,139
2022-06-26,51363,6343,105605,991,0,16788,42
2022-06-27,52501,5689,107513,1099,0,18601,60
2022-06-28,51007,5714,110518,904,0,20247,187
2022-06-29,49662,5672,103939,813,0,18006,135
2022-06-30,48498,5565,100173,679,0,14075,117
2022-07-01,47819,5590,104073,653,0,15461,244
2022-07-02,47781,6627,92860,818,0,11372,113
2022-07-03,48589,5791,95901,990,0,13264,28
2022-07-04,48543,4913,97516,1071,0,15143,370
2022-07-05,47404,5713,101222,818,0,16622,87
2022-07-06,46947,6118,99334,758,0,15847,94
2022-07-07,45187,6185,102914,672,0,17142,110
2022-07-08,45587,6544,102056,634,0,14690,84
2022-07-09,46044,7338,101199,752,0,15248,86
2022-07-10,47432,6879,104423,984,0,17289,38
2022-07-11,47923,6112,106376,1149,0,19009,483
2022-07-12,46672,6342,103779,873,0,18242,950
2022-07-13,46473,6772,101610,774,0,15982,898
2022-07-14,46488,6666,102769,655,0,14872,359
2022-07-15,46127,6533,101569,734,0,13944,321
2022-07-16,46019,6497,98874,829,0,13871,340
2022-07-17,47306,6253,101815,1034,0,15749,297
2022-07-18,48238,5442,104358,1135,0,17520,281
2022-07-19,47022,5904,107476,901,0,18867,361
2022-07-20,42010,5725,99153,758,0,16912,775
2022-07-21,41670,5733,93965,686,0,13858,447
2022-07-22,40096,5129,96723,636,0,15074,790
2022-07-23,39617,5183,85172,780,0,11641,473
2022-07-24,41306,5552,88453,964,0,13528,496
2022-07-25,42642,5213,91102,1114,0,15292,454
2022-07-26,41267,5105,94035,958,0,17033,431
2022-07-27,40971,5752,97586,944,0,18720,423
2022-07-28,40543,5627,87125,808,0,14960,426
2022-07-29,39708,5334,83712,850,0,11795,381
2022-07-30,39537,6107,83415,965,0,11914,434
2022-07-31,40709,6240,86636,1120,0,13894,237
2022-08-01,41112,5037,88370,1239,0,15663,325
2022-08-02,39848,5000,91402,1040,0,17273,384
2022-08-03,38446,4733,93723,846,0,18726,344
2022-08-04,37359,4782,96789,824,0,20192,374
2022-08-05,35675,4325,99410,681,0,21589,327
2022-08-06,35305,5632,89677,857,0,17693,421
2022-08-07,36888,5874,93355,1033,0,19556,166
2022-08-08,38030,5103,95555,1135,0,21313,296
2022-08-09,35537,5013,97963,929,0,22886,170
2022-08-10,33658,4464,95335,828,0,22061,209
2022-08-11,32601,4983,90436,811,0,16935,191
2022-08-12,30896,4476,87525,778,0,15258,177
2022-08-13,31072,6189,81744,982,0,12347,167
2022-08-14,32906,6730,85561,1155,0,14485,155
2022-08-15,34201,6456,88187,1276,0,16392,148
2022-08-16,33868,4851,89052,978,0,17601,459
2022-08-17,32305,4973,91915,894,0,19166,191
2022-08-18,30653,4835,86432,820,0,16956,188
2022-08-19,28700,4729,89410,725,0,18348,207
2022-08-20,27001,5017,78955,878,0,14444,150
2022-08-21,27780,4869,81680,1014,0,16237,36
2022-08-22,28232,4286,83472,1148,0,18061,224
2022-08-23,27014,4924,81781,980,0,17275,218
2022-08-24,26012,4815,81836,823,0,16126,188
2022-08-25,24964,5178,82558,819,0,15255,213
2022-08-26,23810,5406,85653,793,0,16630,228
2022-08-27,23210,5685,82569,959,0,15557,250
2022-08-28,25769,7095,87981,1063,0,17588,54
2022-08-29,27752,7273,91802,1148,0,19509,77
2022-08-30,27657,7585,95856,921,0,21014,430
2022-08-31,28665,7616,97325,834,0,20337,346
2022-09-01,29346,6879,102493,831,0,21978,421
2022-09-02,30044,7545,100445,764,0,21315,414
2022-09-03,31233,7741,89714,914,0,16855,431
2022-09-04,34698,7926,95089,1112,0,18880,62
2022-09-05,36142,7057,97933,1310,0,20837,301
2022-09-06,33880,6467,93675,1037,0,19406,248
2022-09-07,33364,6991,91176,1024,0,17607,184
2022-09-08,33972,9148,92916,1019,0,17078,285
2022-09-09,35772,12001,87532,1223,0,13378,180
2022-09-10,33886,8757,87444,829,0,13744,25
2022-09-11,32384,4928,86766,500,0,13742,23
2022-09-12,32478,4276,88271,853,0,15191,32
2022-09-13,34270,5546,91702,1062,0,17163,171
2022-09-14,33521,6874,95782,1072,0,19397,367
2022-09-15,32775,6684,93407,891,0,18747,339
2022-09-16,31821,7137,97559,899,0,20674,269
2022-09-17,31839,7685,84705,1102,0,16574,309
2022-09-18,34705,7882,90017,1295,0,18917,103
2022-09-19,35735,6951,92626,1450,0,21017,268
2022-09-20,33262,6911,95297,1222,0,22856,367
2022-09-21,32887,7366,94324,1089,0,22296,264
2022-09-22,31969,7350,91473,1002,0,18995,247
2022-09-23,31302,7093,92243,883,0,18407,223
2022-09-24,31011,7521,87701,904,0,16957,267
2022-09-25,33355,7733,92054,1038,0,18711,57
2022-09-26,33946,6286,94203,1182,0,20470,594
2022-09-27,32481,5966,91124,931,0,18988,260
2022-09-28,31195,6184,89348,861,0,17788,370
2022-09-29,30430,6278,85812,812,0,16773,181
2022-09-30,29059,5393,88182,725,0,18211,338
2022-10-01,29078,6784,77818,1014,0,14506,118
2022-10-02,30535,6694,81247,1225,0,16738,23
2022-10-03,31168,5643,83223,1258,0,18720,85
2022-10-04,30052,4519,83843,1138,0,19927,677
2022-10-05,29176,5199,87393,957,0,21838,197
2022-10-06,29143,6361,87532,889,0,19638,242
2022-10-07,28242,6194,91082,815,0,21469,265
2022-10-08,29542,7787,87086,934,0,18855,196
2022-10-09,32202,7956,91792,1154,0,20886,66
2022-10-10,33038,7089,94394,1301,0,22670,174
2022-10-11,32436,5458,95973,1079,0,23773,347
2022-10-12,30992,6355,84723,974,0,20111,261
2022-10-13,29806,6103,83437,832,0,17688,290
2022-10-14,29026,6297,83325,856,0,17827,114
2022-10-15,28195,7101,79873,934,0,16221,178
2022-10-16,30250,7220,84263,1218,0,18390,60
2022-10-17,30757,6045,86416,1284,0,20318,154
2022-10-18,29283,6788,89899,1053,0,21922,128
2022-10-19,28020,6558,85134,863,0,19589,133
2022-10-20,26984,6247,82829,793,0,16616,113
2022-10-21,25688,6035,80863,732,0,15941,394
2022-10-22,25785,6878,77992,832,0,13686,133
2022-10-23,27941,6862,82115,1010,0,15726,57
2022-10-24,28768,6098,84539,1171,0,17593,369
2022-10-25,28176,7273,88958,905,0,19389,157
2022-10-26,27813,7686,84734,898,0,16986,193
2022-10-27,27626,7939,86175,907,0,16182,171
2022-10-28,24411,4978,86494,614,0,17092,245
2022-10-29,26392,7787,92990,977,0,19875,264
2022-10-30,29492,7612,98144,1184,0,22279,78
2022-10-31,31240,7173,101859,1377,0,24426,185
2022-11-01,28166,7695,99857,1158,0,24170,225
2022-11-02,27399,7887,94364,1073,0,20529,196
2022-11-03,26761,7647,94807,963,0,19594,248
2022-11-04,26893,7440,95826,906,0,19267,215
2022-11-05,27405,7709,91740,1036,0,17438,140
2022-11-06,29083,7036,95393,1228,0,19501,51
2022-11-07,29230,5342,96626,1278,0,21355,666
2022-11-08,28592,5766,98272,933,0,21501,130
2022-11-09,28303,6375,92585,896,0,18838,118
2022-11-10,27498,6590,96534,864,0,20667,338
2022-11-11,26962,6090,88972,719,0,17029,154
2022-11-12,27554,7268,80101,964,0,14551,155
2022-11-13,29326,7448,84222,1186,0,16762,26
2022-11-14,30115,6428,86453,1303,0,18844,756
2022-11-15,28875,5963,90458,1040,0,20750,125
2022-11-16,28171,6374,79361,857,0,15234,158
2022-11-17,27506,6549,83197,804,0,17086,181
2022-11-18,25620,5460,79090,731,0,13550,114
2022-11-19,26311,6890,83861,921,0,15854,127
2022-11-20,28333,7117,87704,1080,0,17861,28
2022-11-21,29002,5914,89617,1219,0,19737,483
2022-11-22,28681,6376,89354,1015,0,19211,149
2022-11-23,28005,6609,87524,922,0,17699,196
2022-11-24,27908,7162,88813,853,0,16818,304
2022-11-25,27985,7148,93120,762,0,18429,295
2022-11-26,29903,8033,88476,927,0,15556,180
2022-11-27,32428,8009,92919,1191,0,17622,63
2022-11-28,33781,7064,95721,1303,0,19596,689
2022-11-29,33616,7007,96380,1053,0,19346,118
2022-11-30,32443,6589,100570,888,0,20897,232
2022-12-01,32958,7171,96605,913,0,18724,281
2022-12-02,32565,6648,97855,789,0,18303,157
2022-12-03,32632,7403,95786,933,0,17416,145
2022-12-04,34223,7309,99105,1074,0,19283,34
2022-12-05,35016,6130,101128,1211,0,21161,338
2022-12-06,33283,5732,104164,1010,0,22791,121
2022-12-07,31008,5301,100549,789,0,21141,104
2022-12-08,29610,5333,98966,733,0,19049,574
2022-12-09,28527,5659,98712,757,0,17617,226
2022-12-10,28975,7045,92358,932,0,15399,122
2022-12-11,30593,6896,95971,1089,0,17334,81
2022-12-12,31468,5816,98001,1187,0,19150,700
2022-12-13,30662,6013,97072,959,0,18438,122
2022-12-14,29578,6577,93038,931,0,16495,124
2022-12-15,28263,6298,89250,834,0,15255,175
2022-12-16,27459,6138,86925,713,0,13282,118
2022-12-17,27998,7435,92047,956,0,15200,143
2022-12-18,30177,7478,96028,1151,0,16993,111
2022-12-19,30920,5913,97942,1217,0,18642,408
2022-12-20,30029,6298,101542,936,0,20240,159
2022-12-21,29681,7008,94688,823,0,16814,177
2022-12-22,28965,7092,90841,735,0,13899,328
2022-12-23,28957,6976,91545,725,0,12787,148
2022-12-24,29607,7729,85517,919,0,10575,268
2022-12-25,32452,8711,90341,1153,0,12507,156
2022-12-26,32240,6756,91380,984,0,13408,359
2022-12-27,32474,7722,92451,943,0,13704,259
2022-12-28,33086,8860,86728,931,0,11020,203
2022-12-29,34006,8949,91967,990,0,12775,258
2022-12-30,34586,8616,97141,908,0,14456,151
2022-12-31,35200,8066,102245,992,0,16332,558
2023-01-01,39220,9239,107793,1244,0,18571,36
2023-01-02,37170,5380,107052,808,0,18635,75
2023-01-03,35388,5329,109615,937,0,20534,129
2023-01-04,33232,4939,105579,792,0,19501,94
2023-01-05,31881,4836,103418,770,0,19011,102
2023-01-06,29688,4190,99609,684,0,15714,156
2023-01-07,28001,4798,93568,836,0,14269,71
2023-01-08,28894,5057,96476,1065,0,16301,31
2023-01-09,29062,4148,97963,1152,0,18068,264
2023-01-10,26741,4567,100544,882,0,19538,86
2023-01-11,24616,4576,89785,828,0,15285,88
2023-01-12,23299,4800,87661,777,0,15470,82
2023-01-13,22115,4718,83846,802,0,13147,89
2023-01-14,22045,6165,87983,1033,0,14979,112
2023-01-15,23622,6556,91749,1257,0,17259,31
2023-01-16,23445,5737,93386,1291,0,18794,412
2023-01-17,22530,6117,91588,1153,0,18287,111
2023-01-18,22049,6383,90035,1064,0,17690,103
2023-01-19,21446,6404,88336,1027,0,16649,98
2023-01-20,21790,7074,86867,977,0,13788,135
2023-01-21,22483,7810,91012,1258,0,15978,62
2023-01-22,21920,5780,91419,980,0,16633,11
2023-01-23,20219,3267,90753,652,0,16633,11
2023-01-24,19283,2809,91189,738,0,17326,17
2023-01-25,19626,3008,93204,856,0,18918,42
2023-01-26,19287,4933,96537,942,0,20674,93
2023-01-27,19658,5967,92389,977,0,17324,147
2023-01-28,21047,7414,86456,1216,0,13055,87
2023-01-29,23931,8368,91245,1415,0,15371,46
2023-01-30,25411,7522,93889,1575,0,17319,168
2023-01-31,25046,8499,97985,1603,0,19215,124
2023-02-01,24332,8347,91446,1683,0,16320,166
2023-02-02,23579,7851,94583,1516,0,17790,117
2023-02-03,22604,7369,91770,1278,0,15505,122
2023-02-04,22441,7254,95817,1332,0,17327,109
2023-02-05,23979,7225,99080,1516,0,19246,32
2023-02-06,24731,5585,101327,1493,0,20598,141
2023-02-07,23635,6266,105708,1175,0,21963,118
2023-02-08,22686,6483,97550,905,0,17875,90
2023-02-09,21767,6879,98329,804,0,18301,78
2023-02-10,21289,6112,90177,887,0,14274,109
2023-02-11,21743,7517,90373,1089,0,13312,98
2023-02-12,24409,8451,95087,1407,0,15545,53
2023-02-13,25425,7310,97345,1635,0,17534,182
2023-02-14,23862,7630,101650,1610,0,19235,166
2023-02-15,22501,7775,92630,1555,0,14958,124
2023-02-16,22161,7751,92041,1401,0,14130,105
2023-02-17,21581,7830,92243,1199,0,13333,153
2023-02-18,22015,7978,93537,1271,0,13660,103
2023-02-19,24666,8300,98456,1539,0,15567,64
2023-02-20,25184,6567,100394,1582,0,17147,361
2023-02-21,24278,6988,104812,1350,0,18616,99
2023-02-22,23004,7500,101605,1085,0,17072,263
2023-02-23,22149,7409,98518,874,0,15133,176
2023-02-24,21495,6635,102217,744,0,16450,104
2023-02-25,22009,7486,97683,950,0,14657,83
2023-02-26,23938,7833,101540,1185,0,16767,37
2023-02-27,24377,6806,103454,1432,0,18695,362
2023-02-28,22886,7130,107057,1247,0,20229,122
2023-03-01,22567,8091,107939,1329,0,20950,56
2023-03-02,22321,7204,109872,1301,0,22271,144
2023-03-03,21363,6206,107555,1153,0,20486,81
2023-03-04,21681,7436,106421,1229,0,19503,76
2023-03-05,23308,7609,110127,1540,0,21628,37
2023-03-06,24097,6615,112365,1647,0,23378,120
2023-03-07,22348,6749,109072,1443,0,22287,53
2023-03-08,21320,7034,105437,1274,0,20785,75
2023-03-09,20902,7710,109265,1088,0,18775,179
2023-03-10,19602,7068,107432,923,0,16502,122
2023-03-11,20174,7414,101423,976,0,14642,123
2023-03-12,22250,7727,105641,1290,0,16756,43
2023-03-13,22528,6534,107754,1435,0,18571,176
2023-03-14,21284,6303,110850,1361,0,20352,96
2023-03-15,21003,6921,95477,1232,1,17181,143
2023-03-16,20604,7038,91850,1002,0,14180,167
2023-03-17,19868,6647,95314,843,0,15562,109
2023-03-18,20762,7640,91042,1063,0,12715,159
2023-03-19,23635,7723,95875,1388,0,14786,186
2023-03-20,23582,6332,97554,1444,0,16572,752
2023-03-21,22893,6657,101302,1226,0,18252,117
2023-03-22,22063,7164,93689,1046,0,14301,101
2023-03-23,21364,6797,97317,980,0,15887,183
2023-03-24,20412,6182,98385,827,0,15060,277
2023-03-25,21629,7195,98634,1009,0,14986,162
2023-03-26,23610,6892,102752,1199,0,17101,43
2023-03-27,24582,6306,105060,1405,0,19087,200
2023-03-28,23615,6788,103836,1233,0,18518,113
2023-03-29,23496,7143,99252,1117,0,16517,135
2023-03-30,22935,6791,98772,914,0,15261,120
2023-03-31,22567,6780,102507,845,0,16864,178
2023-04-01,22801,6826,98314,1034,0,15083,300
2023-04-02,24132,7080,101289,1240,0,17093,30
2023-04-03,24463,6194,103215,1377,0,18824,158
2023-04-04,23019,6335,106349,1201,0,20434,109
2023-04-05,20767,5636,102618,976,0,19000,76
2023-04-06,19372,5685,102000,819,0,19345,159
2023-04-07,18651,5556,100797,696,0,18091,168
2023-04-08,19701,6982,98485,978,0,15249,158
2023-04-09,20872,7727,102222,1257,0,17435,87
2023-04-10,21448,7104,104455,1398,0,19340,173
2023-04-11,20328,6995,107669,1275,0,21087,148
2023-04-12,18566,6907,98774,1078,0,16919,93
2023-04-13,18106,6846,101828,961,0,18394,102
2023-04-14,17955,6964,102819,934,0,18314,276
2023-04-15,18582,7817,96212,1155,0,15266,164
2023-04-16,20738,7908,100482,1384,0,17318,44
2023-04-17,21156,7018,102323,1466,0,19081,210
2023-04-18,19498,6948,99581,1302,0,18108,154
2023-04-19,17933,6554,95414,1081,0,16553,137
2023-04-20,17443,7129,93786,971,0,15861,217
2023-04-21,18137,7064,93745,818,0,15167,204
2023-04-22,19330,7975,94200,1073,0,15145,140
2023-04-23,21683,8229,98444,1282,0,17296,114
2023-04-24,22548,6958,100824,1451,0,19144,482
2023-04-25,21811,7102,104478,1304,0,20771,118
2023-04-26,21101,7035,96192,1094,0,16253,79
2023-04-27,20992,7493,95270,1000,0,16071,182
2023-04-28,20645,7085,96468,847,0,15496,139
2023-04-29,21596,8002,91188,1107,0,17811,159
2023-04-30,23335,8464,94857,1421,0,19910,27
2023-05-01,24454,7972,97519,1626,0,21716,228
2023-05-02,24309,7245,99368,1436,0,22782,347
2023-05-03,23991,7944,103797,1278,0,24607,150
2023-05-04,23992,8292,102746,1093,0,24420,241
2023-05-05,22077,8089,97229,1071,0,23739,121
2023-05-06,21275,6415,98517,893,0,24532,25
2023-05-07,21927,6349,101470,1102,0,26466,33
2023-05-08,22289,5145,103461,1162,0,28215,178
2023-05-09,22089,6705,103483,1088,0,25795,150
2023-05-10,21725,7400,101848,983,0,24672,158
2023-05-11,21452,7437,97557,932,0,21067,192
2023-05-12,21499,7826,102477,882,0,22732,120
2023-05-13,22706,8306,97760,1124,0,22332,177
2023-05-14,25498,8568,102713,1421,0,24477,122
2023-05-15,26104,7642,105013,1588,0,26366,420
2023-05-16,25328,7566,109431,1288,0,27952,190
2023-05-17,24796,8327,100639,1135,0,23474,151
2023-05-18,24473,8743,105111,1079,0,25209,231
2023-05-19,23794,8293,104702,942,0,24849,160
2023-05-20,24946,8684,102678,1028,0,23573,174
2023-05-21,27077,8231,106512,1355,0,25744,72
2023-05-22,27495,6649,108401,1531,0,27613,693
2023-05-23,27055,6976,112620,1223,0,29358,348
2023-05-24,27309,7483,104129,1056,0,25614,211
2023-05-25,27001,8257,105396,948,0,24663,271
2023-05-26,27551,8151,106582,855,0,24022,267
2023-05-27,28337,8354,101833,1070,0,21407,262
2023-05-28,29371,7433,104792,1262,0,23113,36
2023-05-29,30559,5917,107145,1451,0,24987,93
2023-05-30,29929,5207,109218,1357,0,26480,117
2023-05-31,30002,7101,105714,1198,0,25507,168
2023-06-01,30444,8101,101547,1102,0,23602,615
2023-06-02,30500,7672,106348,906,0,25257,160
2023-06-03,31648,8981,106478,1013,0,23869,170
2023-06-04,33211,8243,110053,1312,0,26031,195
2023-06-05,34068,7452,112477,1504,0,27893,197
2023-06-06,34524,8062,112829,1423,0,29958,197
2023-06-07,35742,7381,116004,1449,0,31450,145
2023-06-08,34445,7485,119839,1137,0,33045,266
2023-06-09,33235,6407,112880,834,0,29464,121
2023-06-10,33275,6393,105848,849,0,21731,144
2023-06-11,34221,6118,108856,1052,0,23675,40
2023-06-12,34392,4819,110022,1160,0,25338,173
2023-06-13,33314,5962,113825,904,0,26794,130
2023-06-14,33316,6960,106779,948,0,21426,296
2023-06-15,34844,7277,104669,1151,0,16384,392
2023-06-16,35056,7548,104445,1041,0,15580,214
2023-06-17,35394,8444,109049,1177,0,17631,220
2023-06-18,36668,8267,112445,1519,0,19808,177
2023-06-19,37264,6842,114329,1656,0,21742,531
2023-06-20,36282,6991,118193,1465,0,23514,178
2023-06-21,34250,6278,111363,1171,0,20273,424
2023-06-22,33805,6830,108482,971,0,18584,140
2023-06-23,32750,6832,111620,821,0,20168,118
2023-06-24,32865,7188,106076,969,0,17890,161
2023-06-25,34696,7171,110076,1229,0,20021,54
2023-06-26,36026,6605,112597,1363,0,21903,152
2023-06-27,34701,7067,115907,1051,0,23516,106
2023-06-28,34287,7278,106561,964,0,19459,98
2023-06-29,34221,7316,100700,949,0,14351,91
2023-06-30,31707,5983,99237,807,0,13294,86
2023-07-01,32499,6960,97017,1017,0,13198,155
2023-07-02,34329,6933,100295,1285,0,15422,46
2023-07-03,35240,6160,102274,1487,0,17374,136
2023-07-04,34693,7115,100457,1302,0,16351,121
2023-07-05,33214,6953,103572,1015,0,17637,141
2023-07-06,33508,7602,104038,968,0,18155,228
2023-07-07,33602,7508,108641,943,0,19712,140
2023-07-08,33718,7521,105703,996,0,18568,110
2023-07-09,35185,6863,109004,1241,0,20724,57
2023-07-10,35885,5469,110902,1374,0,22573,220
2023-07-11,35370,6605,114628,1121,0,24226,136
2023-07-12,33702,5757,106520,877,0,20356,163
2023-07-13,33934,6662,102511,830,0,16032,123
2023-07-14,33904,6914,97308,845,0,13218,94
2023-07-15,33936,7246,94134,1109,0,11840,118
2023-07-16,35186,6999,96974,1363,0,13936,111
2023-07-17,35691,5933,98529,1512,0,15842,362
2023-07-18,35859,7215,103152,1339,0,17598,145
2023-07-19,35088,7062,95449,1064,0,14108,122
2023-07-20,34765,7000,99205,1015,0,15779,201
2023-07-21,34674,6325,103343,906,0,17323,84
2023-07-22,36245,7347,103605,1059,0,17523,161
2023-07-23,39536,7478,108462,1284,0,19716,96
2023-07-24,40426,6243,110586,1473,0,21640,252
2023-07-25,40542,7171,109032,1280,0,21044,240
2023-07-26,40598,7672,109325,1078,0,20798,163
2023-07-27,40811,7634,103156,1039,0,17675,255
2023-07-28,40851,7254,103536,1009,0,16416,135
2023-07-29,41502,7342,96971,1106,0,13067,144
2023-07-30,43532,7478,100846,1358,0,15235,97
2023-07-31,44023,6040,102665,1556,0,17077,549
2023-08-01,43798,6906,107068,1416,0,19187,142
2023-08-02,43215,7473,111345,1246,0,20975,126
2023-08-03,42617,7488,114985,1088,0,22644,235
2023-08-04,42014,6894,106907,942,0,20013,172
2023-08-05,41554,7167,99591,1011,0,16568,117
2023-08-06,42914,7047,102717,1235,0,18675,61
2023-08-07,43241,5673,104416,1378,0,20497,127
2023-08-08,41451,5668,107114,1153,0,22276,103
2023-08-09,40184,5964,99799,979,0,18787,112
2023-08-10,38196,5671,95297,827,0,14743,155
2023-08-11,35962,4211,94403,742,0,14158,59
2023-08-12,36333,6409,91242,965,0,11724,104
2023-08-13,39132,7592,95977,1168,0,13941,56
2023-08-14,40015,6645,98226,1362,0,15912,210
2023-08-15,40043,8160,102763,1459,0,18330,113
2023-08-16,40784,7307,105030,1275,0,19767,190
2023-08-17,40169,6886,108568,1259,0,21778,91
2023-08-18,40125,7593,113255,1107,0,23626,203
2023-08-19,40920,8061,106066,1140,0,20642,137
2023-08-20,42660,7875,109982,1399,0,22790,75
2023-08-21,43969,6930,112287,1608,0,24752,507
2023-08-22,42797,6857,116645,1295,0,26499,107
2023-08-23,41850,7047,106452,1201,0,22051,68
2023-08-24,41100,7039,103027,1007,0,20040,102
2023-08-25,40760,7255,99440,856,0,15446,83
2023-08-26,40707,6948,103397,990,0,17390,225
2023-08-27,43615,7754,108000,1300,0,19661,221
2023-08-28,44995,7478,110860,1446,0,21703,421
2023-08-29,44083,7706,114867,1264,0,23722,168
2023-08-30,43121,7569,107088,1043,0,19751,291
2023-08-31,43699,7842,107087,972,0,19434,287
2023-09-01,44355,8139,101440,1001,0,15120,220
2023-09-02,45313,8093,104513,1198,0,15778,285
2023-09-03,47755,7458,108859,1478,0,18076,50
2023-09-04,48225,6263,110773,1653,0,20108,151
2023-09-05,46578,5996,109643,1287,0,20558,91
2023-09-06,45207,6908,113362,1139,0,22353,108
2023-09-07,44402,6894,104731,966,0,17098,224
2023-09-08,43173,6660,108145,859,0,18769,190
2023-09-09,43132,7417,98254,1043,0,15369,103
2023-09-10,44568,7453,101733,1274,0,17635,31
2023-09-11,45178,6210,103617,1451,0,19699,313
2023-09-12,43461,6124,106369,1203,0,21583,87
2023-09-13,42078,6589,100626,982,0,18692,119
2023-09-14,41004,6744,101073,933,0,18582,175
2023-09-15,39933,6115,96032,773,0,16888,123
2023-09-16,40045,7300,92605,965,0,15166,138
2023-09-17,42389,7553,96862,1261,0,17444,37
2023-09-18,43241,6364,98793,1455,0,19531,308
2023-09-19,41793,6297,102135,1156,0,21369,94
2023-09-20,40907,7002,101964,1046,0,21166,109
2023-09-21,39128,5863,100960,848,0,19086,382
2023-09-22,37912,5921,94965,817,0,16066,386
2023-09-23,38819,7324,95934,1005,0,16900,185
2023-09-24,40704,7151,99727,1280,0,19302,80
2023-09-25,41569,6304,102015,1502,0,21506,315
2023-09-26,41075,7532,100948,1365,0,20910,195
2023-09-27,41218,8792,96842,1260,0,16720,161
2023-09-28,42545,11502,103534,1569,0,19615,117
2023-09-29,40957,9076,103274,1082,0,19928,250
2023-09-30,38726,5561,102306,621,0,19928,245
2023-10-01,38418,3567,103219,833,0,21206,37
2023-10-02,38999,3401,104691,1047,0,23095,39
2023-10-03,36791,4210,105097,1145,0,24680,45
2023-10-04,36799,3239,106437,958,0,26168,47
2023-10-05,35061,4915,106120,997,0,27202,125
2023-10-06,33964,6008,103563,1093,0,25113,111
2023-10-07,33169,6517,96638,1288,0,23470,139
2023-10-08,33937,7196,99882,1547,0,25892,47
2023-10-09,33907,6610,101400,1733,0,28019,44
2023-10-10,32502,4795,101778,1363,0,28941,57
2023-10-11,30242,5435,97642,1267,0,26636,91
2023-10-12,27954,5913,91068,1121,0,20848,131
2023-10-13,25574,5519,90140,895,0,19317,114
2023-10-14,26044,6863,86658,989,0,17105,94
2023-10-15,27456,6585,90428,1279,0,19215,48
2023-10-16,27706,5799,92403,1359,0,21106,219
2023-10-17,26183,6163,95431,1074,0,22950,129
2023-10-18,26138,6730,86572,957,0,17134,95
2023-10-19,26619,7032,90603,992,0,19063,200
2023-10-20,26818,7193,84432,1028,0,15844,139
2023-10-21,28203,7833,84597,1272,0,15575,137
2023-10-22,29184,7101,88328,1477,0,17773,42
2023-10-23,29615,6372,90340,1686,0,19723,326
2023-10-24,28975,7072,93815,1367,0,21337,130
2023-10-25,28773,8144,92108,1238,0,18252,126
2023-10-26,28865,8356,92819,1154,0,17297,147
2023-10-27,28916,8909,88741,1137,0,13748,162
2023-10-28,25787,7179,89451,949,0,14967,113
2023-10-29,27412,7726,93265,1258,0,17214,40
2023-10-30,28761,7064,95976,1424,0,19246,188
2023-10-31,28872,8158,100650,1382,0,21535,250
2023-11-01,29189,8648,96249,1308,0,19633,222
2023-11-02,28103,7741,99565,1196,0,21721,455
2023-11-03,27193,6892,96437,1116,0,19952,103
2023-11-04,27282,7474,89055,1292,0,17801,153
2023-11-05,28890,7461,92730,1493,0,20107,48
2023-11-06,29783,6867,94983,1638,0,22257,115
2023-11-07,28573,7063,98531,1409,0,24344,118
2023-11-08,27717,7173,90804,1302,0,18654,120
2023-11-09,26513,6820,91374,1193,0,18503,177
2023-11-10,25723,6516,94980,1005,0,20307,131
2023-11-11,26555,7293,94316,1090,0,19436,119
2023-11-12,28960,7517,98791,1327,0,21585,59
2023-11-13,29369,6402,100845,1442,0,23486,219
2023-11-14,28687,6496,99604,1302,0,22200,110
2023-11-15,27512,6629,98492,1140,0,21909,104
2023-11-16,26343,6448,92394,1036,0,17997,299
2023-11-17,25250,6210,96073,944,0,19814,141
2023-11-18,26063,7328,86837,1181,0,15359,133
2023-11-19,27721,7492,90470,1379,0,17670,61
2023-11-20,28273,6410,92475,1486,0,19806,453
2023-11-21,27286,6757,92595,1142,0,19915,127
2023-11-22,26716,7504,97061,1127,0,22104,158
2023-11-23,26752,7723,96185,1059,0,18957,275
2023-11-24,26527,7936,100727,955,0,21063,184
2023-11-25,27340,7424,95859,1110,0,16837,94
2023-11-26,29275,7857,100015,1379,0,19056,72
2023-11-27,30128,6898,102320,1517,0,21046,327
2023-11-28,29953,7743,106651,1388,0,23152,162
2023-11-29,29316,7914,105226,1218,0,22313,243
2023-11-30,29439,7978,105899,1177,0,21175,398
2023-12-01,29360,7336,99826,1068,0,18181,171
2023-12-02,29938,7643,104120,1233,0,20581,167
2023-12-03,31756,7358,107902,1493,0,22778,36
2023-12-04,32417,6777,110358,1684,0,24757,173
2023-12-05,31555,6961,104129,1449,0,22112,172
2023-12-06,30780,7708,105149,1256,0,21950,180
2023-12-07,28939,7004,104350,1034,0,20730,391
2023-12-08,28089,6537,107595,836,0,22327,139
2023-12-09,28777,8511,101709,1179,0,19985,121
2023-12-10,30146,8033,105480,1343,0,22120,47
2023-12-11,30845,7071,107869,1503,0,24075,219
2023-12-12,29335,7115,111163,1304,0,25709,106
2023-12-13,27850,7109,98741,1174,0,20173,308
2023-12-14,27457,6997,99377,1075,0,18932,604
2023-12-15,27628,6969,99597,910,0,18416,195
2023-12-16,28730,8161,99965,1100,0,17004,150
2023-12-17,30897,7938,104105,1346,0,19077,58
2023-12-18,31566,6877,106214,1480,0,20972,271
2023-12-19,31253,8146,103696,1287,0,20075,140
2023-12-20,29253,7337,103123,1142,0,19991,183
2023-12-21,29339,7829,101496,1105,0,19250,507
2023-12-22,29323,7306,99811,937,0,18181,499
2023-12-23,31141,8370,96921,1120,0,14957,164
2023-12-24,33168,8363,101123,1381,0,17008,88
2023-12-25,34643,8104,104306,1589,0,18888,170
2023-12-26,33036,5395,104267,1150,0,19246,313
2023-12-27,33157,7311,102904,1142,0,18362,188
2023-12-28,32309,7270,96500,1052,0,14045,258
2023-12-29,32398,7822,102014,1083,0,16140,266
2023-12-30,31997,8038,106467,1206,0,18235,462
2023-12-31,33930,8447,110421,1506,0,20321,37
2024-01-01,35526,8575,113265,1827,0,22345,45
2024-01-02,32746,5379,112136,1239,0,22403,95
2024-01-03,31875,6396,115945,1142,0,24852,102
2024-01-04,29839,5780,108765,1023,0,23084,83
2024-01-05,28129,5444,112387,928,0,24985,78
2024-01-06,26838,5759,98708,963,0,19448,50
2024-01-07,28193,6186,102334,1175,0,21531,33
2024-01-08,28294,5075,103888,1262,0,23331,108
2024-01-09,26559,5320,92944,953,0,19282,65
2024-01-10,25191,5442,96169,933,0,20876,35
2024-01-11,23935,5585,91411,949,0,15996,48
2024-01-12,22905,5651,86264,873,0,12993,76
2024-01-13,22747,6687,90404,1089,0,14990,65
2024-01-14,24452,7332,94464,1384,0,17280,39
2024-01-15,24650,6574,96292,1588,0,19165,39
2024-01-16,23623,6833,99702,1411,0,20650,81
2024-01-17,23227,7326,90782,1243,0,16933,62
2024-01-18,22415,7000,94074,1165,0,18577,143
2024-01-19,21713,6329,97616,958,0,20197,71
2024-01-20,22360,7385,92084,1175,0,17324,110
2024-01-21,25414,8039,97007,1492,0,19588,50
2024-01-22,26193,7199,99176,1750,0,21591,131
2024-01-23,24929,7346,95511,1550,0,19550,108
2024-01-24,23911,8244,99364,1358,0,21266,174
2024-01-25,23471,8401,95438,1200,0,18624,89
2024-01-26,23124,7966,96895,1154,0,17957,91
2024-01-27,23531,8767,91078,1296,0,13897,310
2024-01-28,26510,8889,96164,1658,0,16169,63
2024-01-29,27629,7979,98988,1882,0,18179,204
2024-01-30,26993,7748,103128,1657,0,20002,132
2024-01-31,26294,8162,99419,1506,0,18494,119
2024-02-01,25870,8061,103928,1491,0,20435,357
2024-02-02,25358,7887,107781,1307,0,22110,182
2024-02-03,25162,7894,101071,1414,0,18487,158
2024-02-04,28214,8323,106400,1619,0,20683,130
2024-02-05,29024,6944,108194,1855,0,22719,394
2024-02-06,27910,7400,105087,1640,0,20260,103
2024-02-07,27086,7552,100864,1464,0,18253,110
2024-02-08,26879,7968,97011,1367,0,16146,122
2024-02-09,26977,9585,94620,1551,0,12802,73
2024-02-10,25506,7309,94925,1053,0,13220,23
2024-02-11,23550,4364,93750,580,0,13213,17
2024-02-12,22745,2950,93740,833,0,14299,46
2024-02-13,22776,3612,96017,1010,0,16123,29
2024-02-14,22224,5914,100301,1182,0,18467,102
2024-02-15,21414,5864,100143,1102,0,18465,101
2024-02-16,20414,5896,103680,1018,0,20237,109
2024-02-17,20333,7188,96893,1233,0,17116,132
2024-02-18,22925,8073,101505,1548,0,19578,30
2024-02-19,24083,7893,104127,1827,0,21611,111
2024-02-20,22541,8274,104536,1812,0,22160,103
2024-02-21,21613,8759,96713,1786,0,16877,141
2024-02-22,21135,8049,98510,1686,0,16365,205
2024-02-23,21163,6831,93198,1462,0,13502,207
2024-02-24,22227,5868,95010,1174,0,12429,205
2024-02-25,25543,5737,100473,1176,0,14217,684
2024-02-26,26980,5282,103160,1104,0,15935,1122
2024-02-27,27890,4809,108985,715,0,17574,160
2024-02-28,27639,5324,100719,682,0,13852,378
2024-02-29,28664,6869,106287,806,0,15664,239
2024-03-01,29567,7760,109586,906,0,16367,95
2024-03-02,30458,6129,111776,1106,0,17921,342
2024-03-03,33551,6674,116833,1419,0,20161,44
2024-03-04,34183,5541,118713,1638,0,22192,467
2024-03-05,33066,5190,122804,1450,0,24115,90
2024-03-06,31366,5395,118939,1156,0,21849,69
2024-03-07,30589,6142,116442,1089,0,18888,256
2024-03-08,29351,5807,120336,980,0,20567,248
2024-03-09,29018,6374,112223,1179,0,17067,297
2024-03-10,31011,6213,116157,1535,0,19284,52
2024-03-11,31774,4947,118080,1721,0,21103,347
2024-03-12,31099,5085,117841,1374,0,21412,101
2024-03-13,30136,5212,111328,1095,0,19180,98
2024-03-14,30278,5526,112513,1084,0,17567,336
2024-03-15,30257,5530,117162,971,0,19287,159
2024-03-16,29829,4977,110940,1022,0,15837,119
2024-03-17,31536,5270,114724,1306,0,18260,40
2024-03-18,32477,4711,116497,1504,0,20409,155
2024-03-19,31220,5173,120730,1264,0,22496,146
2024-03-20,30106,5290,113559,985,0,18380,108
2024-03-21,29725,5724,112028,851,0,15284,126
2024-03-22,28726,5453,116652,752,0,17013,372
2024-03-23,29533,6237,114528,958,0,17122,174
2024-03-24,31391,6424,118744,1277,0,19448,106
2024-03-25,32372,5699,121069,1478,0,21342,263
2024-03-26,30790,5549,117955,1163,0,20091,168
2024-03-27,29653,5747,118102,1048,0,19786,241
2024-03-28,29146,6182,119198,944,0,18944,241
2024-03-29,28173,5712,122926,902,0,20690,284
2024-03-30,29642,6657,116602,1194,0,16756,218
2024-03-31,31785,6635,120491,1509,0,19028,62
2024-04-01,32757,6045,122668,1786,0,21183,275
2024-04-02,31226,5670,126477,1522,0,23102,323
2024-04-03,30313,5786,120515,1409,0,20517,163
2024-04-04,29749,5678,121699,1267,0,20100,321
2024-04-05,28813,5455,117334,1039,0,17490,233
2024-04-06,29193,6131,115168,1160,0,16285,158
2024-04-07,30809,5861,118561,1402,0,18531,27
2024-04-08,31152,4943,120059,1538,0,20402,360
2024-04-09,30228,5400,124234,1235,0,22177,162
2024-04-10,29787,6550,117220,1118,0,17845,197
2024-04-11,29425,5575,118577,1130,0,19205,529
2024-04-12,28602,5718,122900,924,0,21101,102
2024-04-13,28576,5923,115645,1030,0,17146,172
2024-04-14,31273,6404,120489,1308,0,19495,216
2024-04-15,31598,5349,122122,1539,0,21608,566
2024-04-16,30085,5663,120410,1248,0,21152,334
2024-04-17,28355,5540,118621,1072,0,20581,366
2024-04-18,27923,6233,114752,952,0,17728,455
2024-04-19,27469,6278,119458,852,0,19687,392
2024-04-20,28307,6931,113230,1014,0,15730,146
2024-04-21,30125,6751,116972,1303,0,17889,43
2024-04-22,31185,5815,119381,1533,0,19835,76
2024-04-23,29485,5730,122540,1240,0,21477,112
2024-04-24,27866,5754,114202,1029,0,18415,247
2024-04-25,28153,6428,119003,881,0,20058,238
2024-04-26,28708,6988,121095,850,0,19153,263
2024-04-27,29737,6764,116066,1065,0,15658,174
2024-04-28,32900,6302,121030,1479,0,18132,57
2024-04-29,34618,5877,123804,1657,0,20268,299
2024-04-30,34332,6702,128588,1460,0,22508,146
2024-05-01,33962,7912,119870,1398,0,18524,182
2024-05-02,33019,6551,120961,1121,0,19379,284
2024-05-03,32821,6919,118142,1023,0,15995,185
2024-05-04,33318,7058,123800,1152,0,18615,164
2024-05-05,35926,6776,128481,1427,0,20764,43
2024-05-06,35569,5108,129110,1408,0,22031,390
2024-05-07,35480,4699,131124,1357,0,23583,272
2024-05-08,34770,6077,127739,1125,0,22219,110
2024-05-09,34276,6013,123690,970,0,19552,318
2024-05-10,34632,6891,129033,841,0,21815,164
2024-05-11,36126,7766,125703,989,0,19228,150
2024-05-12,38250,7384,130166,1311,0,21593,67
2024-05-13,39249,6402,132548,1512,0,23763,121
2024-05-14,39455,6914,138140,1400,0,25990,204
2024-05-15,39762,8030,128166,1388,0,20656,126
2024-05-16,39328,6716,129335,1228,0,21841,210
2024-05-17,38312,6382,127911,1022,0,21611,267
2024-05-18,39308,7108,121325,1076,0,18430,217
2024-05-19,41205,6528,124777,1351,0,20640,135
2024-05-20,42502,5974,127582,1508,0,22449,293
2024-05-21,41020,6364,132321,1146,0,24227,141
2024-05-22,40105,6914,131556,945,0,23782,117
2024-05-23,39971,6989,125275,909,0,18545,174
2024-05-24,39844,6663,130103,801,0,20451,150
2024-05-25,40638,6741,119492,970,0,16720,144
2024-05-26,42616,7094,123353,1290,0,18997,32
2024-05-27,43907,6792,125761,1414,0,21068,186
2024-05-28,43924,7337,125365,1224,0,20537,164
2024-05-29,44472,7517,123470,1137,0,19462,158
2024-05-30,44394,7162,128419,936,0,21273,296
2024-05-31,45174,7333,128190,908,0,20978,220
2024-06-01,47134,7177,128036,1056,0,20895,217
2024-06-02,48649,6506,131642,1299,0,23208,55
2024-06-03,49271,5417,133426,1495,0,25206,263
2024-06-04,48289,6218,137644,1186,0,27252,140
2024-06-05,47613,6133,127520,960,0,22788,302
2024-06-06,47362,6838,127136,862,0,21938,201
2024-06-07,47246,5238,128597,864,0,23574,544
2024-06-08,48396,6364,129035,940,0,24766,103
2024-06-09,50399,6548,133060,1204,0,27085,45
2024-06-10,50948,5542,134958,1261,0,29037,308
2024-06-11,50234,6230,131615,1070,0,26815,136
2024-06-12,49316,6386,131187,945,0,26564,295
2024-06-13,48458,6152,122135,791,0,22631,168
2024-06-14,48411,6677,120580,802,0,20136,113
2024-06-15,50279,7067,114046,1047,0,16754,140
2024-06-16,52385,7116,118165,1353,0,19279,50
2024-06-17,53408,6475,120131,1528,0,21402,344
2024-06-18,52563,6263,124379,1171,0,23908,121
2024-06-19,50776,6096,114259,927,0,20838,127
2024-06-20,49336,5593,117942,766,0,23633,141
2024-06-21,48551,5262,116209,639,0,22573,101
2024-06-22,47811,5665,112298,674,0,21704,265
2024-06-23,48832,5252,115187,984,0,24382,19
2024-06-24,49954,4838,117224,1146,0,26741,65
2024-06-25,47916,5062,120342,908,0,29450,97
2024-06-26,46033,5268,116198,795,0,28158,56
2024-06-27,45200,5328,112388,765,0,25254,92
2024-06-28,44437,5835,112653,809,0,25576,118
2024-06-29,44410,6245,106685,1032,0,21652,92
2024-06-30,45457,6298,109223,1310,0,24497,29
2024-07-01,46227,5724,111010,1508,0,26942,94
2024-07-02,44407,5814,113943,1304,0,29676,76
2024-07-03,42472,6136,105863,1132,0,25051,77
2024-07-04,41290,6499,105454,1135,0,23921,97
2024-07-05,40176,6617,109055,963,0,26302,65
2024-07-06,39979,6922,103610,1132,0,21246,133
2024-07-07,42356,7136,107543,1403,0,23969,51
2024-07-08,42696,5839,108857,1571,0,26370,228
2024-07-09,41768,6124,108092,1248,0,26773,102
2024-07-10,41265,6611,109570,1086,0,26290,110
2024-07-11,40300,6287,111292,982,0,25550,334
2024-07-12,38785,5258,111331,909,0,25326,68
2024-07-13,39213,6348,105330,1112,0,21803,99
2024-07-14,41389,7078,108999,1370,0,24650,40
2024-07-15,41877,6157,110456,1554,0,27071,192
2024-07-16,40530,6332,113911,1395,0,29901,119
2024-07-17,39785,6601,105455,1217,0,24435,97
2024-07-18,39004,6488,103239,1100,0,23115,202
2024-07-19,38129,5979,103153,917,0,23582,127
2024-07-20,38432,6534,100528,1069,0,23164,135
2024-07-21,39627,6349,103536,1368,0,25904,58
2024-07-22,40469,5843,105454,1564,0,28346,108
2024-07-23,38808,5686,103145,1375,0,27485,73
2024-07-24,37493,5979,97679,1166,0,25057,58
2024-07-25,37048,6299,101578,1048,0,27844,177
2024-07-26,36521,6254,105333,928,0,30601,50
2024-07-27,35843,6150,96489,1073,0,25119,77
2024-07-28,37050,6099,99648,1351,0,27794,54
2024-07-29,37989,5410,101738,1528,0,30162,91
2024-07-30,36490,5381,104629,1263,0,32876,94
2024-07-31,35140,5611,104130,1130,0,31512,91
2024-08-01,34389,5844,104035,1050,0,28171,371
2024-08-02,34066,6060,103070,975,0,25710,112
2024-08-03,33668,6438,97873,972,0,20295,83
2024-08-04,35101,6660,100959,1247,0,22544,33
2024-08-05,35681,6090,102804,1447,0,24550,107
2024-08-06,34003,5720,105753,1188,0,26758,94
2024-08-07,32531,5801,100327,1010,0,23636,68
2024-08-08,30773,5687,103780,907,0,25754,159
2024-08-09,29483,5489,98592,829,0,21345,86
2024-08-10,28657,5973,100181,927,0,21935,64
2024-08-11,30710,6485,103971,1179,0,24275,27
2024-08-12,31145,5476,105554,1362,0,26359,195
2024-08-13,29270,5473,102873,1128,0,24947,110
2024-08-14,28977,6393,97984,947,0,19779,138
2024-08-15,27915,6741,102030,1023,0,22278,81
2024-08-16,28969,6074,104396,1043,0,23827,108
2024-08-17,29159,6182,109065,1156,0,26588,197
2024-08-18,32130,7020,113622,1343,0,28814,77
2024-08-19,33161,6601,115912,1503,0,30816,150
2024-08-20,31138,5749,119973,1232,0,33113,94
2024-08-21,29349,5517,112261,1082,0,29100,80
2024-08-22,27811,5370,108762,951,0,28021,72
2024-08-23,27052,5961,100296,932,0,21120,102
2024-08-24,26637,6498,94786,1101,0,18382,74
2024-08-25,28856,6892,98723,1363,0,20738,33
2024-08-26,30136,6393,100933,1493,0,22793,161
2024-08-27,29443,6392,105003,1328,0,25341,95
2024-08-28,28835,6847,95180,1151,0,20293,134
2024-08-29,28378,7221,93560,1057,0,19414,311
2024-08-30,28192,6816,94356,955,0,17483,74
2024-08-31,29028,6761,96589,1098,0,18496,239
2024-09-01,31701,6652,100887,1297,0,20967,39
2024-09-02,32588,5942,102985,1455,0,23106,167
2024-09-03,31510,6518,106800,1205,0,25462,123
2024-09-04,30911,7078,111212,987,0,27698,134
2024-09-05,30571,7382,103511,969,0,22221,259
2024-09-06,30192,6648,107687,861,0,24550,319
2024-09-07,31332,6613,96508,923,0,19176,127
2024-09-08,33891,7182,100518,1202,0,21644,48
2024-09-09,34515,6386,102278,1335,0,23846,206
2024-09-10,33150,6117,105577,1208,0,26303,120
2024-09-11,32164,6532,109679,1056,0,28573,96
2024-09-12,30687,6072,103848,1027,0,25519,154
2024-09-13,30492,6576,98441,984,0,22368,107
2024-09-14,30863,7585,95621,1330,0,18604,99
2024-09-15,32606,8166,99403,1635,0,21174,30
2024-09-16,33353,7779,101292,1891,0,23258,31
2024-09-17,31502,5330,100817,1426,0,23524,23
2024-09-18,29729,3369,100274,871,0,23524,20
2024-09-19,29157,2700,101181,823,0,24821,29
2024-09-20,28373,5936,105502,974,0,27905,93
2024-09-21,28112,6359,94575,1115,0,22812,99
2024-09-22,29508,6002,98002,1349,0,25273,35
2024-09-23,30321,6025,100310,1616,0,27593,115
2024-09-24,28368,6502,98734,1495,0,28657,98
2024-09-25,27200,7257,88697,1414,0,23012,66
2024-09-26,25469,7250,87404,1301,0,21659,333
2024-09-27,24567,6818,87570,1138,0,21249,238
2024-09-28,24808,7015,84949,1265,0,18008,171
2024-09-29,27787,7321,89674,1422,0,20463,40
2024-09-30,29488,7468,92546,1553,0,22684,114
2024-10-01,28165,7528,96743,1322,0,24994,78
2024-10-02,25764,5456,97569,982,0,26413,178
2024-10-03,25633,6430,94008,884,0,21872,88
2024-10-04,25647,5298,95439,801,0,23176,80
2024-10-05,26024,6401,92481,1118,0,21081,113
2024-10-06,27577,6615,95876,1329,0,23419,40
2024-10-07,27799,5793,97671,1495,0,25548,127
2024-10-08,26571,6063,101314,1270,0,28229,101
2024-10-09,25165,6590,88329,1185,0,21194,64
2024-10-10,25034,6128,89908,1188,0,22750,133
2024-10-11,23890,6360,93363,1032,0,25380,369
2024-10-12,25187,7695,94846,1198,0,26204,178
2024-10-13,27817,7596,99507,1454,0,28642,62
2024-10-14,28463,6757,101640,1605,0,30771,277
2024-10-15,26529,6196,99449,1316,0,29593,76
2024-10-16,24711,6226,96755,1067,0,27902,85
2024-10-17,24172,6640,92867,991,0,22440,215
2024-10-18,23807,6656,97236,856,0,24419,213
2024-10-19,23012,6405,89109,1014,0,20524,135
2024-10-20,24634,6528,92416,1291,0,22899,38
2024-10-21,25218,5880,94555,1499,0,25071,145
2024-10-22,23364,5730,97647,1185,0,27245,87
2024-10-23,22036,5860,91449,1082,0,24322,95
2024-10-24,21265,5986,90416,964,0,21162,190
2024-10-25,21330,7052,84845,988,0,17310,119
2024-10-26,22215,7335,84975,1197,0,17781,109
2024-10-27,24583,7762,89105,1467,0,20217,134
2024-10-28,24810,6623,90825,1553,0,22204,446
2024-10-29,23714,6503,94674,1270,0,24515,329
2024-10-30,23695,6640,91199,1167,0,22096,128
2024-10-31,23471,7099,90240,1094,0,21380,293
2024-11-01,24121,7009,86908,1052,0,17409,167
2024-11-02,24370,6765,86780,1236,0,17082,150
2024-11-03,26644,7142,90881,1456,0,19387,32
2024-11-04,27566,6595,92834,1496,0,21519,110
2024-11-05,26594,6491,92337,1323,0,20441,130
2024-11-06,26103,6837,96395,1157,0,22742,398
2024-11-07,26259,7285,96724,1089,0,21449,268
2024-11-08,25675,6161,100825,922,0,23478,108
2024-11-09,26193,6706,92154,1054,0,19462,111
2024-11-10,28275,6861,96190,1319,0,21768,35
2024-11-11,29308,6053,98457,1475,0,23829,126
2024-11-12,27542,6132,101763,1187,0,25878,150
2024-11-13,26424,6152,102942,997,0,24963,99
2024-11-14,26331,6811,104286,1034,0,24791,528
2024-11-15,25938,6326,98511,926,0,21840,81
2024-11-16,26631,6426,94406,1124,0,17629,408
2024-11-17,29433,6618,99149,1337,0,19955,96
2024-11-18,30344,5909,101701,1452,0,22147,323
2024-11-19,29149,6528,106300,1297,0,24614,133
2024-11-20,29297,7211,97185,1069,0,20126,132
2024-11-21,29207,7438,97750,995,0,18975,271
2024-11-22,29860,7057,102903,933,0,21253,184
2024-11-23,31880,7055,96496,1131,0,19577,215
2024-11-24,33981,7022,100541,1395,0,21867,107
2024-11-25,35263,6274,103044,1519,0,23978,403
2024-11-26,34747,6419,102033,1197,0,22601,184
2024-11-27,34459,7080,100358,1060,0,20005,166
2024-11-28,33723,6927,100983,928,0,18470,432
2024-11-29,33872,6945,105813,888,0,20654,266
2024-11-30,35168,6698,95697,1068,0,16232,211
2024-12-01,38191,7211,100356,1269,0,18506,60
2024-12-02,38805,6140,102194,1376,0,20645,214
2024-12-03,37903,6021,106430,1154,0,23000,132
2024-12-04,36874,6380,107964,1030,0,23433,148
2024-12-05,35210,6165,107058,891,0,21654,176
2024-12-06,34171,5937,111243,838,0,23534,207
2024-12-07,35005,6701,105855,1006,0,20335,135
2024-12-08,36749,6679,109510,1298,0,22567,48
2024-12-09,38030,6286,111926,1495,0,24558,151
2024-12-10,36572,5974,115557,1169,0,26244,319
2024-12-11,35586,6627,105784,1058,0,21391,184
2024-12-12,34916,6509,106468,945,0,20052,408
2024-12-13,34292,6019,105830,868,0,18862,429
2024-12-14,36443,7148,106328,1074,0,19126,200
2024-12-15,38714,7315,110596,1293,0,21319,71
2024-12-16,39774,6543,112655,1412,0,23392,440
2024-12-17,39086,6814,109309,1232,0,21572,146
2024-12-18,39238,7992,102884,1136,0,17224,258
2024-12-19,38629,7112,107454,950,0,19119,349
2024-12-20,37929,6454,103985,776,0,17602,730
2024-12-21,39726,7416,103246,889,0,17513,146
2024-12-22,41755,7343,106891,1148,0,19650,60
2024-12-23,43375,6823,109583,1291,0,21497,161
2024-12-24,43656,7174,115484,1143,0,23691,175
2024-12-25,44987,8019,108386,1144,0,19957,111
2024-12-26,44715,6272,109554,844,0,20554,472
2024-12-27,44775,6602,106119,864,0,17172,132
2024-12-28,45485,6929,104646,982,0,15663,141
2024-12-29,47874,7877,108804,1165,0,17799,74
2024-12-30,49104,7675,111369,1264,0,19766,171
2024-12-31,48579,7670,116092,1156,0,22040,255
2025-01-01,47799,8154,120055,1182,0,24219,128
2025-01-02,45999,4603,119631,765,0,24263,125
2025-01-03,44500,5078,123337,843,0,26577,93
2025-01-04,43758,5242,116097,908,0,24269,63
2025-01-05,44582,5401,119257,1109,0,26502,23
2025-01-06,44929,4483,120834,1159,0,28385,82
2025-01-07,42174,4686,123715,819,0,30493,89
2025-01-08,39964,4303,116086,821,0,27224,126
2025-01-09,37979,4082,104415,745,0,20301,65
2025-01-10,34936,3808,100367,710,0,16162,71
2025-01-11,34125,5124,103714,1027,0,18386,101
2025-01-12,36050,5675,107612,1231,0,20708,40
2025-01-13,36824,4979,109480,1383,0,22671,37
2025-01-14,34897,5320,113089,1236,0,24827,84
2025-01-15,32797,5345,103410,1094,0,20400,67
2025-01-16,30613,4749,101687,859,0,20015,136
2025-01-17,28749,4780,97572,816,0,18876,70
2025-01-18,27634,5426,95436,1052,0,19176,113
2025-01-19,29241,6488,99187,1300,0,21478,37
2025-01-20,29868,5724,100967,1502,0,23553,52
2025-01-21,27173,5631,103988,1373,0,25612,90
2025-01-22,25814,5860,98728,1180,0,22371,102
2025-01-23,24427,5962,95860,1070,0,19480,96
2025-01-24,24708,6619,91471,1112,0,15504,142
2025-01-25,25762,7636,89405,1370,0,12432,136
2025-01-26,28139,7706,94032,1758,0,14830,42
2025-01-27,29231,7320,96660,1817,0,16923,43
2025-01-28,28065,6749,98671,1825,0,18747,47
2025-01-29,26251,4666,98240,1438,0,19067,38
2025-01-30,24300,2601,97699,953,0,19066,38
2025-01-31,24110,2687,98700,804,0,20165,44
2025-02-01,26283,5838,105155,1218,0,23363,171
2025-02-02,28350,5136,109174,1341,0,25764,46
2025-02-03,29281,5105,111471,1504,0,27933,118
2025-02-04,28226,6010,115748,1426,0,30468,108
2025-02-05,26092,5897,110153,1320,0,27329,76
2025-02-06,23683,6244,107638,1200,0,24838,87
2025-02-07,21782,6138,111088,1170,0,26829,77
2025-02-08,20581,6624,100738,1284,0,21595,88
2025-02-09,22758,7042,104672,1675,0,23977,45
2025-02-10,24178,6777,106974,1786,0,26084,131
2025-02-11,23157,6443,111114,1584,0,28213,296
2025-02-12,22175,6760,107384,1377,0,24701,332
2025-02-13,20871,7284,102318,1091,0,17554,836
2025-02-14,21369,6482,103974,1059,0,17746,400
2025-02-15,21430,6439,98800,1284,0,15385,127
2025-02-16,24698,6824,103829,1543,0,17726,42
2025-02-17,25573,6085,106195,1687,0,19861,149
2025-02-18,24099,5493,102472,1424,0,18185,193
2025-02-19,23284,6037,98981,1274,0,16448,69
2025-02-20,22172,6146,96209,976,0,14585,159
2025-02-21,22075,6161,100802,908,0,16315,143
2025-02-22,22985,6492,102377,1064,0,16264,153
2025-02-23,26278,7283,107538,1320,0,18554,40
2025-02-24,27822,7087,110450,1544,0,20642,148
2025-02-25,26904,6587,114458,1285,0,22691,120
2025-02-26,25828,6259,113647,1192,0,22002,209
2025-02-27,24995,6298,110617,992,0,17644,197
2025-02-28,24774,6571,108787,969,0,15801,155
2025-03-01,25352,6453,105755,1164,0,14881,157
2025-03-02,26857,6751,109211,1416,0,16904,25
2025-03-03,28084,6126,111475,1666,0,18926,66
2025-03-04,28666,4963,113609,1437,0,20366,228
2025-03-05,27839,5247,117596,1188,0,22634,107
2025-03-06,27575,6250,113184,945,0,21062,88
2025-03-07,25541,6123,117226,787,0,22812,100
2025-03-08,24047,6164,112339,922,0,20543,116
2025-03-09,26781,6813,116776,1111,0,22862,60
2025-03-10,28557,6724,119638,1280,0,25021,148
2025-03-11,26722,5701,122642,983,0,26795,271
2025-03-12,26287,6056,113224,897,0,21558,119
2025-03-13,25516,5957,110765,773,0,17818,284
2025-03-14,25249,5803,111392,864,0,16498,107
2025-03-15,25891,5995,104165,1115,0,15147,143
2025-03-16,28934,7086,109008,1359,0,17449,78
2025-03-17,30144,6965,111212,1544,0,19567,189
2025-03-18,28722,6851,115047,1279,0,21356,105
2025-03-19,27533,6798,107128,1023,0,18052,107
2025-03-20,27176,6641,111653,893,0,20069,181
2025-03-21,26578,6492,111444,832,0,19669,195
2025-03-22,27180,6521,105361,1046,0,16244,183
2025-03-23,29890,7524,109959,1318,0,18639,50
2025-03-24,31056,7457,112373,1491,0,20787,243
2025-03-25,29408,6960,116194,1183,0,22735,97
2025-03-26,27786,6634,110217,958,0,20344,83
2025-03-27,25954,5775,113602,801,0,21932,225
2025-03-28,25740,6587,113653,859,0,20872,205
2025-03-29,26854,6982,112771,1161,0,21011,144
2025-03-30,29398,7801,117268,1372,0,23342,64
2025-03-31,30710,7420,119645,1488,0,25426,256
2025-04-01,29237,6269,122585,1138,0,27196,101
2025-04-02,28075,6936,112748,1043,0,21485,173
2025-04-03,26449,6071,112681,889,0,22086,149
2025-04-04,25861,6345,112337,933,0,20099,156
2025-04-05,25136,6307,111127,1001,0,17393,204
2025-04-06,26410,6264,114285,1272,0,19545,31
2025-04-07,27393,5832,116519,1375,0,21626,106
2025-04-08,25371,6011,119652,1156,0,23599,82
2025-04-09,23795,6150,112885,929,0,21022,99
2025-04-10,22139,6212,112489,876,0,20081,219
2025-04-11,21417,6131,114481,870,0,20752,96
2025-04-12,21663,6741,107116,1106,0,16101,105
2025-04-13,24006,7224,111368,1449,0,18404,52
2025-04-14,25145,6607,113846,1610,0,20481,269
2025-04-15,23345,6440,117200,1341,0,22379,76
2025-04-16,21576,6428,111734,1130,0,20438,65
2025-04-17,20180,6164,115442,941,0,22303,151
2025-04-18,19207,6253,113844,856,0,21842,106
2025-04-19,19073,6714,113197,936,0,21724,112
2025-04-20,20819,7007,116849,1239,0,23968,37
2025-04-21,22358,6851,119596,1350,0,25957,165
2025-04-22,22395,7099,124954,1319,0,28295,121
2025-04-23,20863,6793,111982,1177,0,22584,100
2025-04-24,20860,7219,104763,1101,0,17421,206
2025-04-25,21338,7110,105703,1061,0,16885,139
2025-04-26,22689,7125,101180,1340,0,11985,182
2025-04-27,25435,7525,106092,1636,0,14250,62
2025-04-28,26939,7071,108984,1703,0,16212,248
2025-04-29,25944,6693,113271,1325,0,18300,120
2025-04-30,25072,7168,105902,1122,0,15863,111
2025-05-01,25110,8179,101786,1024,0,14205,161
2025-05-02,23947,6138,102673,925,0,15141,140
2025-05-03,25418,7610,109161,1143,0,18086,200
2025-05-04,27061,7980,112975,1455,0,20194,54
2025-05-05,28353,7875,115188,1674,0,22036,95
2025-05-06,27191,5746,115639,1450,0,22775,89
2025-05-07,26913,5318,117665,1306,0,24234,92
2025-05-08,26567,6496,118221,1052,0,24577,124
2025-05-09,26056,6758,120777,925,0,23967,115
2025-05-10,26290,6923,116163,1136,0,20538,166
2025-05-11,28194,7273,120035,1385,0,22794,39
2025-05-12,29631,7171,122681,1522,0,24887,118
2025-05-13,28337,6646,126924,1329,0,27091,149
2025-05-14,27880,7536,116538,1339,0,22771,121
2025-05-15,27935,7373,113418,1282,0,20412,244
2025-05-16,27477,7801,111728,1087,0,18637,181
2025-05-17,27502,7937,108594,1195,0,17338,191
2025-05-18,30664,8507,113795,1478,0,19639,64
2025-05-19,31719,7498,115905,1620,0,21749,468
2025-05-20,31576,7176,120904,1350,0,23556,117
2025-05-21,30961,7578,118956,1069,0,22630,136
2025-05-22,30178,6716,118813,931,0,21814,418
2025-05-23,30316,6496,123747,914,0,23938,161
2025-05-24,31623,7318,120270,1090,0,22787,380
2025-05-25,34423,7822,125015,1280,0,25120,71
2025-05-26,36203,7757,127994,1437,0,27277,188
2025-05-27,35985,7415,125556,1179,0,25699,153
2025-05-28,35771,7732,124072,1050,0,24470,144
2025-05-29,34892,7596,121725,900,0,23939,139
2025-05-30,35974,7596,116900,822,0,19590,219
2025-05-31,38477,7840,112278,947,0,17262,275
2025-06-01,41579,8247,117332,1098,0,19563,128
2025-06-02,42618,7626,120132,1183,0,21575,222
2025-06-03,42528,7574,119293,1108,0,21495,144
2025-06-04,42329,6830,121395,943,0,22873,312
2025-06-05,41266,6405,125622,784,0,24889,124
2025-06-06,41733,7387,114330,888,0,20130,87
2025-06-07,42939,6611,116845,1020,0,21879,46
2025-06-08,44946,7415,121014,1277,0,24031,36
2025-06-09,45430,6115,123032,1386,0,26016,604
2025-06-10,44384,6560,127550,1097,0,28181,280
2025-06-11,43744,6640,122857,1026,0,25765,100
2025-06-12,43215,6868,119695,972,0,23060,395
2025-06-13,43104,6796,120770,884,0,21777,118
2025-06-14,45066,8063,121237,1236,0,20904,200
2025-06-15,49058,8874,127137,1500,0,23450,128
2025-06-16,50610,8129,130030,1697,0,25622,510
2025-06-17,49712,7648,134502,1414,0,27809,163
2025-06-18,48304,7444,121790,1121,0,22535,158
2025-06-19,47077,6880,119312,920,0,21169,256
2025-06-20,46357,6504,114429,882,0,20073,102
2025-06-21,46149,6852,106399,946,0,17266,76
2025-06-22,47849,7268,109842,1214,0,19597,47
2025-06-23,48714,6582,112327,1322,0,21720,152
2025-06-24,47324,6419,105066,1036,0,19444,93
2025-06-25,46040,5825,103468,923,0,18508,220
2025-06-26,45552,5931,99331,964,0,15485,114
2025-06-27,45053,6043,103948,823,0,17647,135
2025-06-28,45726,6704,103081,1018,0,16744,117
2025-06-29,48003,7277,107428,1265,0,19117,49
2025-06-30,49130,6850,109919,1498,0,21371,167
2025-07-01,47073,6133,112985,1198,0,23385,193
2025-07-02,46389,6479,109868,1062,0,21764,99
2025-07-03,45409,6641,109852,889,0,21228,88
2025-07-04,43889,6010,113266,903,0,23098,82
2025-07-05,44170,7000,110743,1001,0,21550,269
2025-07-06,47236,7430,115486,1266,0,23972,46
2025-07-07,48171,6679,117631,1395,0,26119,232
2025-07-08,47230,6974,121679,1169,0,28317,223
2025-07-09,46862,7095,113865,1098,0,24052,127
2025-07-10,46666,7329,109164,1010,0,19255,299
2025-07-11,46014,6453,113227,958,0,21438,99
2025-07-12,47345,7705,109109,1117,0,18931,182
2025-07-13,49397,8035,113113,1466,0,21325,117
2025-07-14,50290,6922,115141,1598,0,23516,499
2025-07-15,49771,6787,112492,1276,0,22359,117
2025-07-16,49560,7300,110841,1010,0,22153,242
2025-07-17,49336,7167,112514,842,0,21897,289
2025-07-18,48805,6891,112140,778,0,21012,98
2025-07-19,49434,7087,108034,899,0,18749,124
2025-07-20,50993,7163,111216,1133,0,20997,43
2025-07-21,52366,6881,113331,1286,0,23146,149
2025-07-22,50743,6991,116914,1104,0,25416,94
2025-07-23,49609,7233,112171,1022,0,23160,88
2025-07-24,48903,7332,113100,984,0,22049,134
2025-07-25,48413,6650,117352,945,0,24111,185
2025-07-26,48865,6884,109055,1113,0,19194,218
2025-07-27,50761,7193,112771,1335,0,21538,82
2025-07-28,51688,6715,114924,1402,0,23661,150
2025-07-29,50646,6891,118911,1167,0,26027,128
2025-07-30,49791,6799,110039,989,0,20919,86
2025-07-31,49316,6759,106173,900,0,20507,204
2025-08-01,48918,6509,103785,865,0,20283,107
2025-08-02,48904,6837,102312,922,0,19726,105
2025-08-03,50768,7008,106279,1109,0,21941,54
2025-08-04,51415,6148,108021,1288,0,24026,138
2025-08-05,49606,5657,111236,981,0,26118,80
2025-08-06,48519,5910,103907,892,0,20944,92
2025-08-07,47277,5715,105049,846,0,19808,221
2025-08-08,46131,5214,105489,847,0,18715,158
2025-08-09,45688,5879,101574,965,0,16993,107
2025-08-10,48609,7426,106206,1223,0,19380,59
2025-08-11,49236,6731,108166,1373,0,21512,145
2025-08-12,47705,6511,111886,1313,0,23995,130
2025-08-13,46518,6268,106194,1165,0,21376,102
2025-08-14,45480,6486,110238,1023,0,23594,122
2025-08-15,44899,6961,114904,1014,0,26001,91
2025-08-16,46297,6784,117638,1114,0,27775,157
2025-08-17,47995,7502,121518,1316,0,30053,60
2025-08-18,48737,6713,123636,1452,0,32112,173
2025-08-19,46927,6167,120256,1124,0,30164,101
2025-08-20,46009,6354,116983,947,0,27774,111
2025-08-21,44295,5930,108352,831,0,23644,169
2025-08-22,43087,5791,108431,799,0,22331,130
2025-08-23,43726,6926,101690,1036,0,19618,134
2025-08-24,46449,7795,105971,1262,0,22057,81
2025-08-25,47845,7603,108678,1421,0,24214,228
2025-08-26,46455,6703,112476,1165,0,26248,136
2025-08-27,45356,6620,112167,1094,0,25771,110
2025-08-28,44632,6714,104064,941,0,22434,181
2025-08-29,43891,6091,103010,915,0,19243,109
2025-08-30,44027,6878,91928,1013,0,13756,118
2025-08-31,46560,7494,96507,1331,0,16143,45
2025-09-01,47582,7022,98851,1457,0,18359,148
2025-09-02,45924,6263,102169,1187,0,20480,95
2025-09-03,44816,6374,99395,957,0,18219,97
2025-09-04,43402,5998,98216,823,0,17078,124
2025-09-05,42750,6277,101373,817,0,18378,272
2025-09-06,43706,6792,106457,993,0,21188,129
2025-09-07,45958,7469,110419,1188,0,23591,66
2025-09-08,46861,6588,112529,1318,0,25781,189
2025-09-09,45134,5974,116364,1018,0,27893,116
2025-09-10,43314,5557,103376,801,0,22249,116
2025-09-11,42670,5519,101769,820,0,21142,122
2025-09-12,42077,5444,98107,783,0,17049,108
2025-09-13,42732,6671,102969,993,0,19611,108
2025-09-14,45650,7913,107764,1318,0,22183,48
2025-09-15,46914,6997,109985,1476,0,24427,153
2025-09-16,44623,6676,106066,1175,0,24061,88
2025-09-17,42435,5854,98315,1025,0,21034,190
2025-09-18,41015,5836,97396,926,0,19902,104
2025-09-19,39670,5573,100853,885,0,21976,352
2025-09-20,39906,6470,92711,1041,0,17854,118
2025-09-21,41529,6580,96287,1234,0,20264,75
2025-09-22,42068,5627,97925,1352,0,22445,192
2025-09-23,39295,5095,93796,947,0,20651,106
2025-09-24,37632,5421,86657,835,0,18017,241
2025-09-25,35625,4947,89888,891,0,20134,292
2025-09-26,34803,5660,90895,877,0,19048,164
2025-09-27,34369,6344,90413,1085,0,19188,136
2025-09-28,36082,6605,94280,1297,0,21590,46
2025-09-29,36770,5851,96506,1407,0,23766,208
2025-09-30,34818,6393,100759,1214,0,26147,131
2025-10-01,34241,7058,93612,1115,0,21508,124
2025-10-02,32559,6351,88323,1027,0,18755,120
2025-10-03,31314,7179,85303,1139,0,14980,94
2025-10-04,32270,6661,88214,1337,0,16955,31
2025-10-05,32594,7096,91173,1532,0,19146,35
2025-10-06,30810,4716,90756,1043,0,19558,29
2025-10-07,28465,1968,89976,508,0,19557,29
2025-10-08,27387,1793,90471,720,0,20566,30
2025-10-09,26179,2367,91699,873,0,22095,36
2025-10-10,25749,3511,93369,1094,0,23936,42
2025-10-11,25547,6385,98438,1303,0,27210,162
2025-10-12,26742,6161,102134,1378,0,29703,46
2025-10-13,26874,5499,104268,1423,0,31915,120
2025-10-14,25175,5447,107271,1328,0,34430,148
2025-10-15,23622,5714,98421,1220,0,29037,95
2025-10-16,22513,6093,95414,1123,0,27069,207
2025-10-17,21887,6524,90600,1130,0,21318,126
2025-10-18,22729,7454,95753,1260,0,23915,104
2025-10-19,24808,8323,99758,1563,0,26311,46
2025-10-20,25676,7525,101827,1604,0,28006,125
2025-10-21,24206,6928,101123,1213,0,27946,121
2025-10-22,23266,6457,93862,955,0,24453,108
2025-10-23,21949,6195,92749,828,0,18512,176
2025-10-24,21329,6006,96541,860,0,20283,122
2025-10-25,21831,6936,89855,1106,0,16506,160
2025-10-26,24086,7725,94213,1369,0,18899,50
2025-10-27,24851,7356,96218,1506,0,21105,179
2025-10-28,23349,6755,93461,1438,0,19632,428
2025-10-29,23028,7047,93616,1273,0,19569,452
2025-10-30,22422,6822,90853,1112,0,18178,716
2025-10-31,22110,6684,92031,1032,0,17021,470
2025-11-01,22961,7440,91985,1215,0,17266,183
2025-11-02,24433,7852,95655,1455,0,19525,43
2025-11-03,25419,7074,97972,1552,0,21534,199
2025-11-04,24014,6216,101335,1157,0,23373,103
2025-11-05,22949,5919,97309,912,0,20625,82
2025-11-06,21560,5487,92157,850,0,19129,169
2025-11-07,21050,5732,92068,903,0,18426,90
2025-11-08,20760,6249,88760,1132,0,17109,115
2025-11-09,22416,6643,92402,1372,0,19401,29
2025-11-10,22828,5643,94213,1509,0,21587,214
2025-11-11,20114,4516,96502,992,0,23418,102
2025-11-12,19009,4908,94005,919,0,20829,66
2025-11-13,18119,5424,97507,955,0,22722,60
2025-11-14,18411,6085,95643,1063,0,21998,103
2025-11-15,19796,7061,87025,1278,0,18448,142
2025-11-16,21910,7437,90902,1460,0,20784,71
2025-11-17,22943,6788,93236,1581,0,22860,140
2025-11-18,21432,6115,91753,1290,0,22838,236
2025-11-19,20376,6199,90025,994,0,22194,106
2025-11-20,19234,5716,83072,916,0,16926,227
2025-11-21,18886,5799,84783,842,0,16105,119
2025-11-22,20408,7319,85253,1125,0,16251,192
2025-11-23,22834,7577,89685,1344,0,18596,48
2025-11-24,24070,7098,92400,1405,0,20695,156
2025-11-25,23060,6472,95949,1235,0,22728,129
2025-11-26,22019,6302,85174,1044,0,17974,107
2025-11-27,21902,6925,85698,1075,0,16715,224
2025-11-28,21985,6921,80152,1089,0,13692,172
2025-11-29,22971,7626,85828,1355,0,16189,149
2025-11-30,24793,7644,90276,1524,0,18458,76
2025-12-01,25817,7183,92696,1693,0,20564,194
2025-12-02,24058,6734,96939,1462,0,22423,101
2025-12-03,22833,6943,98342,1278,0,22863,85
2025-12-04,21042,6436,97478,1133,0,21275,94
2025-12-05,19722,5826,95773,1012,0,20919,255
2025-12-06,19709,6499,90885,1089,0,18033,127
2025-12-07,21106,7170,94593,1291,0,20123,46
2025-12-08,21892,6138,96605,1447,0,22075,245
2025-12-09,20013,5776,100546,1270,0,23920,167
2025-12-10,18813,5674,86314,1048,0,16804,160
2025-12-11,17964,6704,85980,1014,0,15531,124
2025-12-12,17786,6609,91008,924,0,17085,351
2025-12-13,19341,7509,91984,1205,0,17718,145
2025-12-14,21479,7814,96301,1512,0,19971,37
2025-12-15,22590,7341,98589,1652,0,21972,113
2025-12-16,20992,6970,102344,1430,0,23723,100
2025-12-17,19626,7154,95651,1233,0,20328,139
2025-12-18,18709,7337,97656,1167,0,19996,202
2025-12-19,17922,7246,101921,1025,0,21547,548
2025-12-20,18909,8021,93358,1194,0,17679,216
2025-12-21,20378,7984,96962,1426,0,19731,68
2025-12-22,21404,7072,99767,1533,0,21627,162
2025-12-23,20810,7312,104886,1225,0,23445,130
2025-12-24,19973,7365,93127,1112,0,18151,290
2025-12-25,20517,7521,85783,1242,0,12930,73
2025-12-26,19286,5805,86777,933,0,13644,62
2025-12-27,20217,7240,92372,1229,0,16123,109
2025-12-28,22655,7679,96528,1439,0,18264,101
2025-12-29,24030,7219,99307,1560,0,20231,242
2025-12-30,23136,7308,97865,1292,0,20134,412
2025-12-31,23674,8199,103322,1305,0,22216,328
