date,O_pos,A_pos,B_pos,AB_pos,O_neg,A_neg,B_neg,AB_neg,O,A,B,AB,total
2021-01-01,24,31,21,16,2,2,1,0,26,33,22,16,97
2021-01-02,32,46,41,32,2,1,3,0,34,47,44,32,157
2021-01-03,49,55,46,27,0,0,0,0,49,55,46,27,177
2021-01-04,88,108,73,40,0,1,0,1,88,109,73,41,311
2021-01-05,85,132,92,42,2,0,1,0,87,132,93,42,354
2021-01-06,76,112,98,39,0,4,1,0,76,116,99,39,330
2021-01-07,82,120,90,38,1,0,0,0,83,120,90,38,331
2021-01-08,85,106,62,25,1,0,1,0,86,106,63,25,280
2021-01-09,73,75,65,23,0,0,0,0,73,75,65,23,236
2021-01-10,35,57,46,18,1,0,2,0,36,57,48,18,159
2021-01-11,103,134,99,54,1,3,2,0,104,137,101,54,396
2021-01-12,75,108,88,46,0,1,1,0,75,109,89,46,319
2021-01-13,48,104,93,34,0,0,0,0,48,104,93,34,279
2021-01-14,74,78,69,33,1,2,0,0,75,80,69,33,257
2021-01-15,78,124,83,44,0,0,0,0,78,124,83,44,329
2021-01-16,60,90,55,24,0,1,0,1,60,91,55,25,231
2021-01-17,44,40,29,18,0,0,0,0,44,40,29,18,131
2021-01-18,98,105,75,47,4,1,0,0,102,106,75,47,330
2021-01-19,89,127,93,30,2,1,1,0,91,128,94,30,343
2021-01-20,71,117,76,34,0,0,1,0,71,117,77,34,299
2021-01-21,96,106,83,27,0,0,0,0,96,106,83,27,312
2021-01-22,56,109,58,33,0,0,0,0,56,109,58,33,256
2021-01-23,49,58,60,39,0,0,0,0,49,58,60,39,206
2021-01-24,43,47,45,12,0,0,0,0,43,47,45,12,147
2021-01-25,84,100,82,35,0,1,0,0,84,101,82,35,302
2021-01-26,77,108,84,58,1,0,1,0,78,108,85,58,329
2021-01-27,84,108,100,30,0,1,1,0,84,109,101,30,324
2021-01-28,75,120,82,30,1,1,0,0,76,121,82,30,309
2021-01-29,91,151,102,34,0,2,0,0,91,153,102,34,380
2021-01-30,41,71,63,27,1,1,0,0,42,72,63,27,204
2021-01-31,41,36,38,23,0,0,1,0,41,36,39,23,139
2021-02-01,91,103,99,41,3,0,1,2,94,103,100,43,340
2021-02-02,72,151,86,22,1,1,1,0,73,152,87,22,334
2021-02-03,75,104,83,37,0,1,1,0,75,105,84,37,301
2021-02-04,48,97,79,23,0,0,0,1,48,97,79,24,248
2021-02-05,80,104,60,44,0,0,1,1,80,104,61,45,290
2021-02-06,58,80,52,21,0,0,1,0,58,80,53,21,212
2021-02-07,36,45,43,15,1,0,0,0,37,45,43,15,140
2021-02-08,78,105,80,55,3,3,1,3,81,108,81,58,328
2021-02-09,77,97,104,56,0,1,1,1,77,98,105,57,337
2021-02-10,79,63,69,36,0,3,0,1,79,66,69,37,251
2021-02-11,38,57,55,21,2,0,0,0,40,57,55,21,173
2021-02-13,1,2,4,1,1,0,1,0,2,2,5,1,10
2021-02-14,22,27,29,7,0,0,0,0,22,27,29,7,85
2021-02-15,91,106,80,42,1,0,0,1,92,106,80,43,321
2021-02-16,71,133,73,42,0,0,2,0,71,133,75,42,321
2021-02-17,75,125,78,31,0,0,1,0,75,125,79,31,310
2021-02-18,69,73,81,25,1,1,0,0,70,74,81,25,250
2021-02-19,75,96,93,27,1,0,1,0,76,96,94,27,293
2021-02-20,59,80,78,33,0,0,0,0,59,80,78,33,250
2021-02-21,49,50,57,26,0,0,0,0,49,50,57,26,182
2021-02-22,74,119,97,31,0,0,0,0,74,119,97,31,321
2021-02-23,92,97,94,27,0,3,1,0,92,100,95,27,314
2021-02-24,81,89,72,27,1,1,1,2,82,90,73,29,274
2021-02-25,70,90,59,47,0,0,0,0,70,90,59,47,266
2021-02-26,80,139,100,51,0,0,1,1,80,139,101,52,372
2021-02-27,53,74,57,18,0,0,0,0,53,74,57,18,202
2021-02-28,44,48,35,7,0,3,0,0,44,51,35,7,137
2021-03-01,34,42,30,10,0,0,0,1,34,42,30,11,117
2021-03-02,55,104,88,35,2,1,0,1,57,105,88,36,286
2021-03-03,73,103,93,41,0,0,2,1,73,103,95,42,313
2021-03-04,82,122,88,41,0,1,2,0,82,123,90,41,336
2021-03-05,81,111,60,23,1,0,0,0,82,111,60,23,276
2021-03-06,68,79,57,27,1,0,0,0,69,79,57,27,232
2021-03-07,57,58,47,13,0,0,0,0,57,58,47,13,175
2021-03-08,98,133,97,41,2,0,0,1,100,133,97,42,372
2021-03-09,71,81,58,42,0,1,0,0,71,82,58,42,253
2021-03-10,54,75,68,16,0,3,0,0,54,78,68,16,216
2021-03-11,91,103,69,51,1,0,0,0,92,103,69,51,315
2021-03-12,49,87,101,29,1,1,1,0,50,88,102,29,269
2021-03-13,45,78,59,20,0,0,0,0,45,78,59,20,202
2021-03-14,29,49,28,13,1,0,0,0,30,49,28,13,120
2021-03-15,101,118,93,45,1,1,0,0,102,119,93,45,359
2021-03-16,90,112,72,51,1,0,2,0,91,112,74,51,328
2021-03-17,55,99,66,48,0,0,1,0,55,99,67,48,269
2021-03-18,53,67,73,31,1,1,0,0,54,68,73,31,226
2021-03-19,54,99,86,24,1,0,1,1,55,99,87,25,266
2021-03-20,48,76,71,22,0,0,2,0,48,76,73,22,219
2021-03-21,39,46,37,3,0,1,0,0,39,47,37,3,126
2021-03-22,90,125,95,39,1,1,3,0,91,126,98,39,354
2021-03-23,72,121,84,55,1,0,0,1,73,121,84,56,334
2021-03-24,99,109,107,27,1,0,0,0,100,109,107,27,343
2021-03-25,76,92,66,21,0,0,1,0,76,92,67,21,256
2021-03-26,71,146,73,39,0,0,0,0,71,146,73,39,329
2021-03-27,59,66,74,24,2,0,0,0,61,66,74,24,225
2021-03-28,36,60,43,28,0,0,1,0,36,60,44,28,168
2021-03-29,93,132,76,54,0,1,0,1,93,133,76,55,357
2021-03-30,93,168,104,55,2,1,0,0,95,169,104,55,423
2021-03-31,106,134,119,28,1,0,0,0,107,134,119,28,388
2021-04-01,66,105,78,22,1,1,1,0,67,106,79,22,274
2021-04-02,72,106,107,47,0,1,0,0,72,107,107,47,333
2021-04-03,64,77,58,33,1,0,0,0,65,77,58,33,233
2021-04-04,36,33,31,13,0,0,0,0,36,33,31,13,113
2021-04-05,67,111,63,38,3,1,0,1,70,112,63,39,284
2021-04-06,105,118,88,36,0,0,1,1,105,118,89,37,349
2021-04-07,82,87,99,33,1,0,1,0,83,87,100,33,303
2021-04-08,85,113,77,48,1,2,0,0,86,115,77,48,326
2021-04-09,74,103,70,45,0,1,1,0,74,104,71,45,294
2021-04-10,58,71,59,39,1,1,0,0,59,72,59,39,229
2021-04-11,36,42,39,17,0,0,1,0,36,42,40,17,135
2021-04-12,89,91,80,34,0,4,1,0,89,95,81,34,299
2021-04-13,65,101,57,25,0,1,1,0,65,102,58,25,250
2021-04-14,65,79,56,39,0,2,0,0,65,81,56,39,241
2021-04-15,72,60,65,24,0,1,1,0,72,61,66,24,223
2021-04-16,59,93,59,35,0,0,2,1,59,93,61,36,249
2021-04-17,65,80,53,29,0,2,1,0,65,82,54,29,230
2021-04-18,62,46,54,18,1,0,0,0,63,46,54,18,181
2021-04-19,121,107,108,51,0,3,0,2,121,110,108,53,392
2021-04-20,71,82,70,26,2,2,0,0,73,84,70,26,253
2021-04-21,73,70,74,34,1,1,1,0,74,71,75,34,254
2021-04-22,78,90,70,36,0,2,1,0,78,92,71,36,277
2021-04-23,86,123,80,38,0,2,0,0,86,125,80,38,329
2021-04-24,58,60,61,26,0,0,1,0,58,60,62,26,206
2021-04-25,44,47,28,6,0,0,0,0,44,47,28,6,125
2021-04-26,118,137,89,35,3,1,1,0,121,138,90,35,384
2021-04-27,86,89,64,27,0,1,1,0,86,90,65,27,268
2021-04-28,63,94,68,29,1,1,0,0,64,95,68,29,256
2021-04-29,33,111,62,37,1,0,1,0,34,111,63,37,245
2021-04-30,84,122,115,49,1,1,0,1,85,123,115,50,373
2021-05-01,84,59,56,26,0,0,0,0,84,59,56,26,225
2021-05-02,47,55,43,18,0,0,0,0,47,55,43,18,163
2021-05-03,88,131,72,45,1,1,0,0,89,132,72,45,338
2021-05-04,58,122,109,43,0,0,1,0,58,122,110,43,333
2021-05-05,39,45,43,9,0,0,1,0,39,45,44,9,137
2021-05-06,58,96,74,29,1,2,1,0,59,98,75,29,261
2021-05-07,84,143,101,46,0,0,2,0,84,143,103,46,376
2021-05-08,70,67,58,33,0,0,0,1,70,67,58,34,229
2021-05-09,32,49,39,14,0,0,0,0,32,49,39,14,134
2021-05-10,92,116,69,37,0,1,3,0,92,117,72,37,318
2021-05-11,113,111,83,33,0,0,1,0,113,111,84,33,341
2021-05-12,50,88,99,42,0,1,0,0,50,89,99,42,280
2021-05-13,88,99,73,38,0,0,1,0,88,99,74,38,299
2021-05-14,73,86,102,43,0,1,0,0,73,87,102,43,305
2021-05-15,51,81,74,24,0,0,0,0,51,81,74,24,230
2021-05-16,35,67,29,19,0,0,0,0,35,67,29,19,150
2021-05-17,87,126,86,29,1,1,0,0,88,127,86,29,330
2021-05-18,71,100,84,40,2,0,3,0,73,100,87,40,300
2021-05-19,27,53,37,8,0,0,0,0,27,53,37,8,125
2021-05-20,78,98,81,30,1,1,1,0,79,99,82,30,290
2021-05-21,101,146,98,31,3,1,2,0,104,147,100,31,382
2021-05-22,48,93,62,24,0,0,0,0,48,93,62,24,227
2021-05-23,27,56,37,19,1,0,1,0,28,56,38,19,141
2021-05-24,67,111,90,33,1,2,1,0,68,113,91,33,305
2021-05-25,79,123,79,50,4,0,0,0,83,123,79,50,335
2021-05-26,64,121,61,29,1,0,2,0,65,121,63,29,278
2021-05-27,67,126,92,27,1,0,1,0,68,126,93,27,314
2021-05-28,82,70,71,25,1,2,1,0,83,72,72,25,252
2021-05-29,47,99,65,18,0,0,0,0,47,99,65,18,229
2021-05-30,42,71,38,18,0,0,0,0,42,71,38,18,169
2021-05-31,97,139,151,47,0,0,0,0,97,139,151,47,434
2021-06-01,59,107,88,34,1,0,2,0,60,107,90,34,291
2021-06-02,70,124,78,33,0,1,0,0,70,125,78,33,306
2021-06-03,81,93,74,41,2,1,0,2,83,94,74,43,294
2021-06-04,77,62,77,28,2,0,0,1,79,62,77,29,247
2021-06-05,70,78,64,34,0,0,0,0,70,78,64,34,246
2021-06-06,22,58,36,17,1,0,1,0,23,58,37,17,135
2021-06-07,83,131,95,50,0,0,1,0,83,131,96,50,360
2021-06-08,53,92,71,42,0,0,0,0,53,92,71,42,258
2021-06-09,68,114,63,50,0,0,1,0,68,114,64,50,296
2021-06-10,78,98,72,42,1,0,1,0,79,98,73,42,292
2021-06-11,66,90,72,31,0,1,0,0,66,91,72,31,260
2021-06-12,59,65,24,20,0,0,1,0,59,65,25,20,169
2021-06-13,30,43,34,11,0,1,1,0,30,44,35,11,120
2021-06-14,94,112,74,32,0,0,0,1,94,112,74,33,313
2021-06-15,60,87,67,41,1,1,0,0,61,88,67,41,257
2021-06-16,49,73,59,27,0,0,0,0,49,73,59,27,208
2021-06-17,38,77,44,21,1,1,2,1,39,78,46,22,185
2021-06-18,67,77,62,25,0,1,0,0,67,78,62,25,232
2021-06-19,34,50,44,17,0,0,0,0,34,50,44,17,145
2021-06-20,34,29,42,12,0,1,0,0,34,30,42,12,118
2021-06-21,75,79,75,29,0,3,1,0,75,82,76,29,262
2021-06-22,89,95,70,51,1,0,0,0,90,95,70,51,306
2021-06-23,55,73,48,30,0,0,1,0,55,73,49,30,207
2021-06-24,70,76,60,21,0,0,0,0,70,76,60,21,227
2021-06-25,72,110,67,33,1,1,0,0,73,111,67,33,284
2021-06-26,59,70,59,30,1,1,0,0,60,71,59,30,220
2021-06-27,40,50,33,9,0,1,0,0,40,51,33,9,133
2021-06-28,67,134,64,34,0,1,1,0,67,135,65,34,301
2021-06-29,66,95,81,26,0,1,0,0,66,96,81,26,269
2021-06-30,61,127,70,20,0,0,0,0,61,127,70,20,278
2021-07-01,72,93,65,17,0,0,0,1,72,93,65,18,248
2021-07-02,86,117,95,23,3,1,1,0,89,118,96,23,326
2021-07-03,42,58,52,16,0,0,0,0,42,58,52,16,168
2021-07-04,34,29,40,11,2,0,0,0,36,29,40,11,116
2021-07-05,68,113,56,31,0,4,0,1,68,117,56,32,273
2021-07-06,93,88,73,21,0,0,0,0,93,88,73,21,275
2021-07-07,87,112,94,26,0,0,0,0,87,112,94,26,319
2021-07-08,46,60,76,35,1,0,1,0,47,60,77,35,219
2021-07-09,87,114,70,42,1,0,0,1,88,114,70,43,315
2021-07-10,57,101,70,32,0,1,0,0,57,102,70,32,261
2021-07-11,18,42,44,5,0,0,0,0,18,42,44,5,109
2021-07-12,102,105,82,46,0,0,0,0,102,105,82,46,335
2021-07-13,82,71,71,20,2,0,0,0,84,71,71,20,246
2021-07-14,118,142,98,45,1,0,1,0,119,142,99,45,405
2021-07-15,73,74,64,15,0,4,0,0,73,78,64,15,230
2021-07-16,75,103,91,20,1,0,0,0,76,103,91,20,290
2021-07-17,69,64,49,9,0,0,0,0,69,64,49,9,191
2021-07-18,44,33,31,17,0,0,1,0,44,33,32,17,126
2021-07-19,75,118,98,39,1,2,2,0,76,120,100,39,335
2021-07-20,55,110,70,26,0,0,0,0,55,110,70,26,261
2021-07-21,44,64,57,31,1,1,2,0,45,65,59,31,200
2021-07-22,50,61,60,25,1,0,0,2,51,61,60,27,199
2021-07-23,69,94,75,35,0,1,3,0,69,95,78,35,277
2021-07-24,37,89,48,34,0,0,0,0,37,89,48,34,208
2021-07-25,25,36,21,8,0,0,0,0,25,36,21,8,90
2021-07-26,70,105,102,34,1,1,1,0,71,106,103,34,314
2021-07-27,69,98,61,25,0,0,1,0,69,98,62,25,254
2021-07-28,76,76,49,10,1,1,1,0,77,77,50,10,214
2021-07-29,71,85,81,25,0,1,2,0,71,86,83,25,265
2021-07-30,71,106,88,26,2,1,1,0,73,107,89,26,295
2021-07-31,47,68,57,30,0,1,0,1,47,69,57,31,204
2021-08-01,34,36,34,10,1,0,0,1,35,36,34,11,116
2021-08-02,79,123,76,38,0,0,0,1,79,123,76,39,317
2021-08-03,75,97,60,38,1,0,1,0,76,97,61,38,272
2021-08-04,87,118,70,25,1,1,1,0,88,119,71,25,303
2021-08-05,80,88,75,34,1,0,0,0,81,88,75,34,278
2021-08-06,61,94,84,28,0,0,0,1,61,94,84,29,268
2021-08-07,57,55,57,20,1,0,1,0,58,55,58,20,191
2021-08-08,25,49,37,25,0,0,0,0,25,49,37,25,136
2021-08-09,79,118,75,33,1,2,0,0,80,120,75,33,308
2021-08-10,55,87,57,39,0,0,0,0,55,87,57,39,238
2021-08-11,82,90,75,35,1,0,2,1,83,90,77,36,286
2021-08-12,73,82,46,21,1,2,0,0,74,84,46,21,225
2021-08-13,55,94,77,20,0,1,0,0,55,95,77,20,247
2021-08-14,48,83,44,29,0,0,0,0,48,83,44,29,204
2021-08-15,43,71,41,41,0,0,0,0,43,71,41,41,196
2021-08-16,17,27,21,10,0,0,0,0,17,27,21,10,75
2021-08-17,75,94,78,33,2,0,0,0,77,94,78,33,282
2021-08-18,59,75,73,23,0,0,0,0,59,75,73,23,230
2021-08-19,84,87,90,38,1,0,0,0,85,87,90,38,300
2021-08-20,89,85,72,39,1,0,2,0,90,85,74,39,288
2021-08-21,78,78,59,25,2,0,0,0,80,78,59,25,242
2021-08-22,36,46,27,12,1,0,0,0,37,46,27,12,122
2021-08-23,97,105,83,51,1,0,0,0,98,105,83,51,337
2021-08-24,68,84,77,43,0,0,0,0,68,84,77,43,272
2021-08-25,64,94,69,39,1,2,2,0,65,96,71,39,271
2021-08-26,51,73,50,31,2,0,1,0,53,73,51,31,208
2021-08-27,82,84,79,24,2,0,0,0,84,84,79,24,271
2021-08-28,51,63,58,29,2,0,0,0,53,63,58,29,203
2021-08-29,34,48,33,15,0,0,0,0,34,48,33,15,130
2021-08-30,110,134,74,34,0,0,0,0,110,134,74,34,352
2021-08-31,90,143,70,36,0,1,1,0,90,144,71,36,341
2021-09-01,57,85,90,51,1,2,0,0,58,87,90,51,286
2021-09-02,85,89,66,41,1,0,3,0,86,89,69,41,285
2021-09-03,59,114,119,32,0,0,1,0,59,114,120,32,325
2021-09-04,55,53,62,22,0,0,0,0,55,53,62,22,192
2021-09-05,41,30,33,9,0,0,1,0,41,30,34,9,114
2021-09-06,75,120,65,39,0,0,1,1,75,120,66,40,301
2021-09-07,102,121,83,38,0,1,0,0,102,122,83,38,345
2021-09-08,61,90,67,23,0,0,1,1,61,90,68,24,243
2021-09-09,80,95,67,36,1,0,0,0,81,95,67,36,279
2021-09-10,64,112,69,44,0,1,0,0,64,113,69,44,290
2021-09-11,42,47,47,25,2,0,0,0,44,47,47,25,163
2021-09-12,16,52,23,20,0,0,1,0,16,52,24,20,112
2021-09-13,96,115,79,34,0,0,1,0,96,115,80,34,325
2021-09-14,84,108,65,31,2,3,0,0,86,111,65,31,293
2021-09-15,84,66,87,24,0,0,1,0,84,66,88,24,262
2021-09-16,48,71,59,28,1,0,0,0,49,71,59,28,207
2021-09-17,69,119,74,43,2,0,0,0,71,119,74,43,307
2021-09-18,75,83,63,33,0,2,1,0,75,85,64,33,257
2021-09-19,31,57,49,14,0,0,0,0,31,57,49,14,151
2021-09-20,30,46,45,28,0,2,1,0,30,48,46,28,152
2021-09-21,6,7,5,3,1,0,0,0,7,7,5,3,22
2021-09-22,0,1,1,0,0,0,0,0,0,1,1,0,2
2021-09-23,74,93,62,24,2,1,1,0,76,94,63,24,257
2021-09-24,70,141,126,62,0,2,0,0,70,143,126,62,401
2021-09-25,80,87,84,45,0,0,0,0,80,87,84,45,296
2021-09-26,24,49,45,13,0,0,0,0,24,49,45,13,131
2021-09-27,107,130,116,30,0,0,0,0,107,130,116,30,383
2021-09-28,71,110,66,47,0,0,0,1,71,110,66,48,295
2021-09-29,57,83,64,45,1,0,1,0,58,83,65,45,251
2021-09-30,73,127,117,27,0,0,1,1,73,127,118,28,346
2021-10-01,59,110,89,52,0,0,1,0,59,110,90,52,311
2021-10-02,61,81,66,24,0,0,0,0,61,81,66,24,232
2021-10-03,36,58,37,11,3,0,0,0,39,58,37,11,145
2021-10-04,16,17,14,11,1,0,0,0,17,17,14,11,59
2021-10-05,83,122,97,32,0,0,0,0,83,122,97,32,334
2021-10-06,74,103,45,24,1,1,1,0,75,104,46,24,249
2021-10-07,60,87,57,31,1,2,0,0,61,89,57,31,238
2021-10-08,51,94,83,28,0,0,0,1,51,94,83,29,257
2021-10-09,46,38,44,24,0,1,0,0,46,39,44,24,153
2021-10-10,41,50,48,24,0,0,0,0,41,50,48,24,163
2021-10-11,26,21,25,10,0,0,0,1,26,21,25,11,83
2021-10-12,80,94,82,30,2,2,0,1,82,96,82,31,291
2021-10-13,82,95,80,46,0,0,2,0,82,95,82,46,305
2021-10-14,54,90,75,32,0,0,0,0,54,90,75,32,251
2021-10-15,102,105,84,35,0,0,0,0,102,105,84,35,326
2021-10-16,90,78,48,32,0,2,0,0,90,80,48,32,250
2021-10-17,50,68,64,23,0,0,0,0,50,68,64,23,205
2021-10-18,110,117,88,34,0,0,1,2,110,117,89,36,352
2021-10-19,71,109,106,45,0,1,1,0,71,110,107,45,333
2021-10-20,71,95,64,27,1,0,1,0,72,95,65,27,259
2021-10-21,73,78,81,25,2,1,0,0,75,79,81,25,260
2021-10-22,79,99,89,42,2,0,2,0,81,99,91,42,313
2021-10-23,72,99,83,41,1,0,0,0,73,99,83,41,296
2021-10-24,43,52,48,13,1,0,1,0,44,52,49,13,158
2021-10-25,111,141,105,53,1,0,1,0,112,141,106,53,412
2021-10-26,79,86,103,35,4,1,1,0,83,87,104,35,309
2021-10-27,36,38,52,21,0,0,0,0,36,38,52,21,147
2021-10-28,85,97,86,39,0,0,0,2,85,97,86,41,309
2021-10-29,114,149,93,51,0,0,2,0,114,149,95,51,409
2021-10-30,80,108,103,32,0,1,0,0,80,109,103,32,324
2021-10-31,40,73,54,20,0,0,0,0,40,73,54,20,187
2021-11-01,131,141,131,37,0,3,0,1,131,144,131,38,444
2021-11-02,86,90,107,47,0,0,0,0,86,90,107,47,330
2021-11-03,92,120,95,37,0,0,0,1,92,120,95,38,345
2021-11-04,96,104,84,33,0,1,0,1,96,105,84,34,319
2021-11-05,105,77,93,36,0,0,0,0,105,77,93,36,311
2021-11-06,54,64,48,21,0,0,0,0,54,64,48,21,187
2021-11-07,47,61,30,19,0,1,0,1,47,62,30,20,159
2021-11-08,106,81,106,46,1,4,0,0,107,85,106,46,344
2021-11-09,93,129,115,54,0,2,0,1,93,131,115,55,394
2021-11-10,61,97,78,36,0,0,1,1,61,97,79,37,274
2021-11-11,71,99,64,45,2,0,1,0,73,99,65,45,282
2021-11-12,74,102,61,31,0,1,0,1,74,103,61,32,270
2021-11-13,55,80,60,25,0,0,0,0,55,80,60,25,220
2021-11-14,36,45,29,29,0,0,0,0,36,45,29,29,139
2021-11-15,81,90,60,38,3,3,2,1,84,93,62,39,278
2021-11-16,59,99,90,37,1,1,0,0,60,100,90,37,287
2021-11-17,93,113,58,22,0,1,0,0,93,114,58,22,287
2021-11-18,72,83,68,19,0,0,0,1,72,83,68,20,243
2021-11-19,74,113,91,48,0,0,0,0,74,113,91,48,326
2021-11-20,74,85,83,28,0,0,0,0,74,85,83,28,270
2021-11-21,52,69,55,33,0,0,2,0,52,69,57,33,211
2021-11-22,98,141,108,54,0,3,1,1,98,144,109,55,406
2021-11-23,111,143,107,37,1,1,0,0,112,144,107,37,400
2021-11-24,90,120,96,52,2,3,0,0,92,123,96,52,363
2021-11-25,95,119,112,34,0,5,2,0,95,124,114,34,367
2021-11-26,118,141,119,74,0,0,0,0,118,141,119,74,452
2021-11-27,88,94,62,43,1,2,0,0,89,96,62,43,290
2021-11-28,66,46,64,23,0,0,3,0,66,46,67,23,202
2021-11-29,75,160,145,76,0,0,0,0,75,160,145,76,456
2021-11-30,77,132,100,42,0,2,0,0,77,134,100,42,353
2021-12-01,92,100,104,37,0,1,1,0,92,101,105,37,335
2021-12-02,90,144,88,39,1,1,0,0,91,145,88,39,363
2021-12-03,118,125,132,54,1,0,0,1,119,125,132,55,431
2021-12-04,48,62,46,13,1,0,0,0,49,62,46,13,170
2021-12-05,26,25,47,28,0,0,0,0,26,25,47,28,126
2021-12-06,124,139,128,49,1,3,2,0,125,142,130,49,446
2021-12-07,87,104,77,33,2,2,3,1,89,106,80,34,309
2021-12-08,77,94,74,53,0,0,1,0,77,94,75,53,299
2021-12-09,76,114,71,33,0,1,0,1,76,115,71,34,296
2021-12-10,67,141,89,37,0,3,1,0,67,144,90,37,338
2021-12-11,55,65,66,35,0,0,0,0,55,65,66,35,221
2021-12-12,47,60,39,15,0,0,0,0,47,60,39,15,161
2021-12-13,120,127,111,43,0,0,0,0,120,127,111,43,401
2021-12-14,109,103,130,30,2,0,0,1,111,103,130,31,375
2021-12-15,90,99,83,27,0,0,2,0,90,99,85,27,301
2021-12-16,77,107,94,57,1,1,0,0,78,108,94,57,337
2021-12-17,80,106,73,35,0,0,1,0,80,106,74,35,295
2021-12-18,50,90,70,43,0,0,0,0,50,90,70,43,253
2021-12-19,49,67,49,20,0,0,0,0,49,67,49,20,185
2021-12-20,113,141,122,56,2,0,1,0,115,141,123,56,435
2021-12-21,91,114,108,45,1,0,0,0,92,114,108,45,359
2021-12-22,95,112,102,51,0,0,1,0,95,112,103,51,361
2021-12-23,92,146,114,44,2,2,0,0,94,148,114,44,400
2021-12-24,105,124,86,30,0,0,2,0,105,124,88,30,347
2021-12-25,51,72,52,30,0,0,0,0,51,72,52,30,205
2021-12-26,34,53,43,10,0,0,1,0,34,53,44,10,141
2021-12-27,73,94,69,28,0,1,0,1,73,95,69,29,266
2021-12-28,116,128,88,39,0,0,1,1,116,128,89,40,373
2021-12-29,101,128,91,40,0,2,2,0,101,130,93,40,364
2021-12-30,85,132,70,36,1,1,1,1,86,133,71,37,327
2021-12-31,80,111,94,34,0,0,0,0,80,111,94,34,319
2022-01-01,18,11,24,7,0,0,0,0,18,11,24,7,60
2022-01-02,24,35,16,13,1,2,0,0,25,37,16,13,91
2022-01-03,70,115,68,28,1,1,2,1,71,116,70,29,286
2022-01-04,67,128,119,44,0,2,0,1,67,130,119,45,361
2022-01-05,82,98,52,41,1,1,0,1,83,99,52,42,276
2022-01-06,85,112,87,30,2,1,0,0,87,113,87,30,317
2022-01-07,86,103,55,30,0,0,0,0,86,103,55,30,274
2022-01-08,36,68,28,24,1,0,0,0,37,68,28,24,157
2022-01-09,47,51,35,15,0,0,0,0,47,51,35,15,148
2022-01-10,77,98,75,24,0,2,2,1,77,100,77,25,279
2022-01-11,63,69,47,33,0,2,0,0,63,71,47,33,214
2022-01-12,50,94,65,25,1,0,0,0,51,94,65,25,235
2022-01-13,72,89,83,25,0,1,0,0,72,90,83,25,270
2022-01-14,88,103,101,21,0,1,1,2,88,104,102,23,317
2022-01-15,33,48,41,19,0,0,0,0,33,48,41,19,141
2022-01-16,28,52,39,19,0,0,0,0,28,52,39,19,138
2022-01-17,105,112,74,20,0,1,1,0,105,113,75,20,313
2022-01-18,62,63,70,46,0,1,0,0,62,64,70,46,242
2022-01-19,64,89,72,39,1,0,0,0,65,89,72,39,265
2022-01-20,43,112,40,35,0,1,0,0,43,113,40,35,231
2022-01-21,101,106,91,44,0,0,0,1,101,106,91,45,343
2022-01-22,50,65,49,37,0,0,1,0,50,65,50,37,202
2022-01-23,38,47,46,20,0,0,0,0,38,47,46,20,151
2022-01-24,122,140,113,56,1,0,0,0,123,140,113,56,432
2022-01-25,75,86,55,33,0,0,0,0,75,86,55,33,249
2022-01-26,98,104,82,21,0,0,1,0,98,104,83,21,306
2022-01-27,104,120,71,45,0,0,1,1,104,120,72,46,342
2022-01-28,96,133,111,35,0,0,1,0,96,133,112,35,376
2022-01-29,49,74,59,25,0,0,0,0,49,74,59,25,207
2022-01-30,56,63,46,14,0,0,0,0,56,63,46,14,179
2022-01-31,61,43,59,39,0,0,0,0,61,43,59,39,202
2022-02-01,1,1,0,0,0,0,0,0,1,1,0,0,2
2022-02-02,4,3,8,5,0,0,0,0,4,3,8,5,20
2022-02-03,81,110,102,54,1,2,1,0,82,112,103,54,351
2022-02-04,121,162,126,45,1,1,1,0,122,163,127,45,457
2022-02-05,41,56,42,27,0,0,0,0,41,56,42,27,166
2022-02-06,43,50,19,24,0,0,0,0,43,50,19,24,136
2022-02-07,106,101,90,35,0,0,0,0,106,101,90,35,332
2022-02-08,104,105,63,36,1,2,0,0,105,107,63,36,311
2022-02-09,113,116,81,49,0,0,2,0,113,116,83,49,361
2022-02-10,114,150,88,52,1,0,0,0,115,150,88,52,405
2022-02-11,75,120,101,30,0,0,2,0,75,120,103,30,328
2022-02-12,49,73,34,32,0,0,0,0,49,73,34,32,188
2022-02-13,30,46,49,23,0,0,0,0,30,46,49,23,148
2022-02-14,102,141,123,48,1,1,1,0,103,142,124,48,417
2022-02-15,66,103,59,38,0,1,2,0,66,104,61,38,269
2022-02-16,67,100,63,35,0,2,0,0,67,102,63,35,267
2022-02-17,61,93,56,35,1,0,1,0,62,93,57,35,247
2022-02-18,120,117,109,51,0,0,0,0,120,117,109,51,397
2022-02-19,58,67,51,24,0,1,3,0,58,68,54,24,204
2022-02-20,54,66,47,25,0,0,0,0,54,66,47,25,192
2022-02-21,142,170,136,54,1,0,0,1,143,170,136,55,504
2022-02-22,104,146,105,46,0,2,2,1,104,148,107,47,406
2022-02-23,113,145,98,30,0,0,0,0,113,145,98,30,386
2022-02-24,133,151,117,64,2,2,0,0,135,153,117,64,469
2022-02-25,115,175,132,46,0,0,0,0,115,175,132,46,468
2022-02-26,59,55,62,24,0,0,0,0,59,55,62,24,200
2022-02-27,37,41,41,12,0,0,0,0,37,41,41,12,131
2022-02-28,178,203,180,74,0,3,0,0,178,206,180,74,638
2022-03-01,34,48,50,15,0,0,0,0,34,48,50,15,147
2022-03-02,148,191,142,72,1,2,2,0,149,193,144,72,558
2022-03-03,108,132,91,48,1,0,0,0,109,132,91,48,380
2022-03-04,191,204,129,62,0,2,1,0,191,206,130,62,589
2022-03-05,83,106,99,27,1,0,0,0,84,106,99,27,316
2022-03-06,37,59,28,11,0,0,0,0,37,59,28,11,135
2022-03-07,221,301,222,119,1,3,0,0,222,304,222,119,867
2022-03-08,152,173,124,69,1,0,0,0,153,173,124,69,519
2022-03-09,44,49,53,16,0,1,0,0,44,50,53,16,163
2022-03-10,160,181,124,62,0,0,1,2,160,181,125,64,530
2022-03-11,218,240,185,79,2,4,2,1,220,244,187,80,731
2022-03-12,43,64,57,22,0,0,0,0,43,64,57,22,186
2022-03-13,34,40,39,16,0,0,0,0,34,40,39,16,129
2022-03-14,239,221,177,74,1,0,1,0,240,221,178,74,713
2022-03-15,134,151,135,59,0,0,0,0,134,151,135,59,479
2022-03-16,149,182,138,62,0,1,1,0,149,183,139,62,533
2022-03-17,331,332,255,112,2,1,1,1,333,333,256,113,1035
2022-03-18,219,275,222,110,2,1,1,0,221,276,223,110,830
2022-03-19,65,81,87,36,0,4,0,0,65,85,87,36,273
2022-03-20,20,52,40,7,0,0,0,0,20,52,40,7,119
2022-03-21,248,320,253,98,1,2,1,0,249,322,254,98,923
2022-03-22,235,269,235,129,2,3,1,1,237,272,236,130,875
2022-03-23,156,198,140,83,2,0,1,1,158,198,141,84,581
2022-03-24,108,159,123,78,0,7,0,0,108,166,123,78,475
2022-03-25,107,172,124,51,0,0,0,2,107,172,124,53,456
2022-03-26,48,76,56,22,0,0,2,0,48,76,58,22,204
2022-03-27,41,40,30,20,0,0,0,0,41,40,30,20,131
2022-03-28,129,159,127,59,8,1,2,0,137,160,129,59,485
2022-03-29,123,152,108,51,0,0,0,0,123,152,108,51,434
2022-03-30,109,135,112,48,0,1,0,0,109,136,112,48,405
2022-03-31,104,150,110,49,0,0,1,0,104,150,111,49,414
2022-04-01,134,135,90,52,0,0,0,0,134,135,90,52,411
2022-04-02,68,78,75,23,0,0,0,0,68,78,75,23,244
2022-04-03,78,58,65,24,0,0,0,0,78,58,65,24,225
2022-04-04,146,159,116,55,0,1,0,0,146,160,116,55,477
2022-04-05,100,137,135,42,1,1,0,0,101,138,135,42,416
2022-04-06,96,100,97,57,0,2,1,0,96,102,98,57,353
2022-04-07,73,97,54,47,0,0,2,0,73,97,56,47,273
2022-04-08,112,171,121,54,0,0,1,0,112,171,122,54,459
2022-04-09,70,69,68,28,0,0,0,0,70,69,68,28,235
2022-04-10,47,55,61,14,0,0,0,0,47,55,61,14,177
2022-04-11,99,151,112,66,0,0,0,0,99,151,112,66,428
2022-04-12,104,81,85,42,4,0,1,2,108,81,86,44,319
2022-04-13,105,141,105,45,0,0,1,0,105,141,106,45,397
2022-04-14,105,76,83,60,0,1,0,0,105,77,83,60,325
2022-04-15,125,154,107,48,0,1,1,0,125,155,108,48,436
2022-04-16,103,110,75,40,0,0,0,0,103,110,75,40,328
2022-04-17,42,60,35,16,0,0,0,0,42,60,35,16,153
2022-04-18,108,179,154,58,1,4,5,0,109,183,159,58,509
2022-04-19,115,177,80,38,1,4,1,1,116,181,81,39,417
2022-04-20,140,156,111,60,1,1,0,0,141,157,111,60,469
2022-04-21,110,127,116,58,0,0,1,1,110,127,117,59,413
2022-04-22,99,118,106,55,0,0,0,0,99,118,106,55,378
2022-04-23,84,66,70,19,1,0,0,0,85,66,70,19,240
2022-04-24,55,58,66,22,2,0,0,0,57,58,66,22,203
2022-04-25,138,165,154,60,0,1,1,0,138,166,155,60,519
2022-04-26,120,188,109,71,0,0,0,0,120,188,109,71,488
2022-04-27,80,157,151,52,0,3,1,0,80,160,152,52,444
2022-04-28,100,161,103,39,2,2,0,3,102,163,103,42,410
2022-04-29,115,171,118,80,0,0,0,0,115,171,118,80,484
2022-04-30,85,96,76,40,0,0,0,0,85,96,76,40,297
2022-05-01,41,64,49,18,0,0,0,0,41,64,49,18,172
2022-05-02,152,204,148,80,1,1,1,0,153,205,149,80,587
2022-05-03,102,147,111,58,0,1,1,0,102,148,112,58,420
2022-05-04,128,165,72,57,0,0,0,0,128,165,72,57,422
2022-05-05,66,69,66,23,0,1,0,0,66,70,66,23,225
2022-05-06,83,131,123,43,1,0,1,1,84,131,124,44,383
2022-05-07,43,63,73,34,1,0,0,0,44,63,73,34,214
2022-05-08,37,57,30,18,0,0,0,0,37,57,30,18,142
2022-05-09,99,139,122,47,1,1,2,0,100,140,124,47,411
2022-05-10,97,137,83,43,1,1,3,0,98,138,86,43,365
2022-05-11,101,133,126,44,2,0,0,3,103,133,126,47,409
2022-05-12,89,136,100,36,2,0,0,0,91,136,100,36,363
2022-05-13,86,109,91,29,2,0,1,0,88,109,92,29,318
2022-05-14,59,67,95,34,0,0,0,0,59,67,95,34,255
2022-05-15,52,51,36,25,0,0,0,0,52,51,36,25,164
2022-05-16,119,114,95,40,5,0,3,0,124,114,98,40,376
2022-05-17,119,165,91,42,2,0,0,0,121,165,91,42,419
2022-05-18,80,129,109,54,1,0,2,0,81,129,111,54,375
2022-05-19,94,119,78,31,0,1,1,1,94,120,79,32,325
2022-05-20,102,131,105,52,2,3,2,1,104,134,107,53,398
2022-05-21,46,72,52,26,0,0,0,0,46,72,52,26,196
2022-05-22,38,54,49,28,1,1,0,0,39,55,49,28,171
2022-05-23,122,151,118,49,6,3,0,1,128,154,118,50,450
2022-05-24,102,107,88,27,0,0,0,0,102,107,88,27,324
2022-05-25,80,120,86,31,1,0,1,2,81,120,87,33,321
2022-05-26,123,101,88,47,0,0,0,0,123,101,88,47,359
2022-05-27,114,127,78,24,0,0,0,0,114,127,78,24,343
2022-05-28,44,75,63,30,1,1,0,0,45,76,63,30,214
2022-05-29,14,27,23,17,0,0,0,0,14,27,23,17,81
2022-05-30,88,161,126,35,1,3,0,1,89,164,126,36,415
2022-05-31,84,120,113,49,2,0,0,0,86,120,113,49,368
2022-06-01,14,15,19,3,0,0,0,0,14,15,19,3,51
2022-06-02,96,183,110,51,0,0,0,0,96,183,110,51,440
2022-06-03,102,198,117,41,2,0,3,0,104,198,120,41,463
2022-06-04,78,98,49,35,0,0,1,1,78,98,50,36,262
2022-06-05,42,40,32,17,1,0,0,0,43,40,32,17,132
2022-06-06,25,36,15,11,0,0,0,0,25,36,15,11,87
2022-06-07,65,96,74,35,1,1,4,1,66,97,78,36,277
2022-06-08,94,115,85,42,0,0,0,0,94,115,85,42,336
2022-06-09,110,109,98,48,0,0,0,0,110,109,98,48,365
2022-06-10,70,128,70,26,1,1,2,0,71,129,72,26,298
2022-06-11,60,78,78,30,0,0,0,0,60,78,78,30,246
2022-06-12,29,52,23,6,0,0,1,0,29,52,24,6,111
2022-06-13,79,128,95,35,1,3,2,0,80,131,97,35,343
2022-06-14,112,101,83,59,2,0,0,0,114,101,83,59,357
2022-06-15,127,145,130,55,0,0,1,0,127,145,131,55,458
2022-06-16,68,130,108,35,0,0,0,0,68,130,108,35,341
2022-06-17,84,135,118,54,0,1,3,0,84,136,121,54,395
2022-06-18,60,66,62,21,0,0,1,0,60,66,63,21,210
2022-06-19,36,52,46,17,0,2,1,0,36,54,47,17,154
2022-06-20,70,96,77,67,0,0,1,0,70,96,78,67,311
2022-06-21,76,110,87,35,2,1,0,0,78,111,87,35,311
2022-06-22,61,109,71,30,2,3,1,0,63,112,72,30,277
2022-06-23,57,82,89,57,0,0,1,0,57,82,90,57,286
2022-06-24,77,82,77,23,0,2,1,0,77,84,78,23,262
2022-06-25,49,71,55,22,2,0,0,0,51,71,55,22,199
2022-06-26,36,40,43,23,0,0,0,0,36,40,43,23,142
2022-06-27,76,90,111,42,2,0,2,3,78,90,113,45,326
2022-06-28,77,119,97,42,1,3,1,2,78,122,98,44,342
2022-06-29,68,80,80,25,1,0,1,1,69,80,81,26,256
2022-06-30,89,67,53,35,0,0,0,0,89,67,53,35,244
2022-07-01,81,135,92,40,0,0,0,2,81,135,92,42,350
2022-07-02,40,78,41,24,0,1,0,0,40,79,41,24,184
2022-07-03,32,69,37,13,0,0,0,0,32,69,37,13,151
2022-07-04,98,95,76,32,1,0,0,0,99,95,76,32,302
2022-07-05,79,109,88,28,2,0,1,0,81,109,89,28,307
2022-07-06,69,91,72,41,0,3,0,0,69,94,72,41,276
2022-07-07,70,90,92,34,0,2,1,0,70,92,93,34,289
2022-07-08,87,117,83,53,0,0,1,0,87,117,84,53,341
2022-07-09,60,97,51,30,0,0,0,0,60,97,51,30,238
2022-07-10,32,30,33,10,0,0,0,0,32,30,33,10,105
2022-07-11,78,83,96,47,1,1,0,0,79,84,96,47,306
2022-07-12,110,123,92,31,0,2,2,0,110,125,94,31,360
2022-07-13,114,106,97,43,1,1,0,0,115,107,97,43,362
2022-07-14,92,113,101,35,1,0,1,1,93,113,102,36,344
2022-07-15,57,156,90,39,0,0,2,0,57,156,92,39,344
2022-07-16,1191,1125,1401,395,2,6,4,3,1193,1131,1405,398,4127
2022-07-17,20,30,32,21,1,0,1,0,21,30,33,21,105
2022-07-18,94,125,107,41,4,2,1,2,98,127,108,43,376
2022-07-19,1378,1629,1328,509,8,11,6,3,1386,1640,1334,512,4872
2022-07-20,106,86,76,34,3,5,1,0,109,91,77,34,311
2022-07-21,76,153,95,46,3,0,0,0,79,153,95,46,373
2022-07-22,64,113,84,32,1,0,1,0,65,113,85,32,295
2022-07-23,29,46,34,18,0,1,0,0,29,47,34,18,128
2022-07-24,33,42,20,28,0,1,0,0,33,43,20,28,124
2022-07-25,105,141,109,41,1,2,1,1,106,143,110,42,401
2022-07-26,75,142,97,63,2,1,2,1,77,143,99,64,383
2022-07-27,94,93,81,44,0,3,0,0,94,96,81,44,315
2022-07-28,70,82,82,28,0,2,1,0,70,84,83,28,265
2022-07-29,87,106,106,58,2,0,0,0,89,106,106,58,359
2022-07-30,72,72,65,21,0,0,0,0,72,72,65,21,230
2022-07-31,40,45,31,18,0,2,0,0,40,47,31,18,136
2022-08-01,95,130,102,42,0,3,1,0,95,133,103,42,373
2022-08-02,82,153,86,46,0,3,1,0,82,156,87,46,371
2022-08-03,80,109,74,41,0,2,1,1,80,111,75,42,308
2022-08-04,69,81,83,45,0,0,0,0,69,81,83,45,278
2022-08-05,78,107,92,41,1,2,1,0,79,109,93,41,322
2022-08-06,54,46,45,18,0,0,0,0,54,46,45,18,163
2022-08-07,19,48,32,25,0,1,0,0,19,49,32,25,125
2022-08-08,122,117,99,45,2,0,2,0,124,117,101,45,387
2022-08-09,106,140,92,31,1,0,2,0,107,140,94,31,372
2022-08-10,98,104,66,35,0,1,0,2,98,105,66,37,306
2022-08-11,72,128,92,36,0,0,0,0,72,128,92,36,328
2022-08-12,85,93,82,34,0,1,1,1,85,94,83,35,297
2022-08-13,53,54,55,18,0,0,0,1,53,54,55,19,181
2022-08-14,45,29,49,13,0,0,0,0,45,29,49,13,136
2022-08-15,61,71,68,21,1,1,1,0,62,72,69,21,224
2022-08-16,104,128,100,45,0,1,0,1,104,129,100,46,379
2022-08-17,92,115,93,37,3,2,0,0,95,117,93,37,342
2022-08-18,73,104,99,40,3,0,1,0,76,104,100,40,320
2022-08-19,99,99,95,37,2,4,0,0,101,103,95,37,336
2022-08-20,60,74,44,18,0,0,1,0,60,74,45,18,197
2022-08-21,17,45,29,12,1,2,0,0,18,47,29,12,106
2022-08-22,93,163,104,46,1,0,2,0,94,163,106,46,409
2022-08-23,112,132,105,25,1,2,1,1,113,134,106,26,379
2022-08-24,80,81,102,32,2,1,1,0,82,82,103,32,299
2022-08-25,102,113,96,50,0,2,0,1,102,115,96,51,364
2022-08-26,85,143,130,43,1,2,0,0,86,145,130,43,404
2022-08-27,57,78,58,19,0,0,1,0,57,78,59,19,213
2022-08-28,65,73,65,37,0,0,0,0,65,73,65,37,240
2022-08-29,111,183,105,55,0,1,2,0,111,184,107,55,457
2022-08-30,130,149,123,39,0,1,0,0,130,150,123,39,442
2022-08-31,157,194,130,64,2,2,0,0,159,196,130,64,549
2022-09-01,101,180,103,54,0,0,1,1,101,180,104,55,440
2022-09-02,100,154,115,57,0,0,0,0,100,154,115,57,426
2022-09-03,60,84,78,33,0,0,0,2,60,84,78,35,257
2022-09-04,52,74,70,30,0,2,0,0,52,76,70,30,228
2022-09-05,132,172,159,49,1,5,3,2,133,177,162,51,523
2022-09-06,134,189,120,66,0,2,0,2,134,191,120,68,513
2022-09-07,93,135,86,50,1,1,1,1,94,136,87,51,368
2022-09-08,129,160,128,52,2,1,2,1,131,161,130,53,475
2022-09-09,83,107,104,23,0,0,0,0,83,107,104,23,317
2022-09-10,4,4,2,0,0,0,0,0,4,4,2,0,10
2022-09-11,1,2,1,2,0,1,0,0,1,3,1,2,7
2022-09-12,29,41,31,13,0,0,1,1,29,41,32,14,116
2022-09-13,130,120,107,55,1,1,1,0,131,121,108,55,415
2022-09-14,119,176,153,67,1,0,0,0,120,176,153,67,516
2022-09-15,136,165,152,82,4,1,1,0,140,166,153,82,541
2022-09-16,95,157,115,46,2,0,1,0,97,157,116,46,416
2022-09-17,61,83,56,29,0,0,0,0,61,83,56,29,229
2022-09-18,47,62,57,24,0,0,0,0,47,62,57,24,190
2022-09-19,120,191,155,49,0,2,4,0,120,193,159,49,521
2022-09-20,96,125,112,47,2,0,1,1,98,125,113,48,384
2022-09-21,122,99,112,53,0,2,1,0,122,101,113,53,389
2022-09-22,61,142,111,32,2,1,0,0,63,143,111,32,349
2022-09-23,87,101,79,34,1,0,3,0,88,101,82,34,305
2022-09-24,43,61,57,34,0,0,0,0,43,61,57,34,195
2022-09-25,43,52,40,10,0,0,1,0,43,52,41,10,146
2022-09-26,127,166,125,59,0,3,4,1,127,169,129,60,485
2022-09-27,93,115,61,33,4,0,0,0,97,115,61,33,306
2022-09-28,101,89,80,40,1,1,0,0,102,90,80,40,312
2022-09-29,80,145,74,42,1,1,1,1,81,146,75,43,345
2022-09-30,86,127,114,54,0,0,0,0,86,127,114,54,381
2022-10-01,79,62,36,24,0,0,0,0,79,62,36,24,201
2022-10-02,61,83,51,20,0,0,1,0,61,83,52,20,216
2022-10-03,30,39,17,14,1,1,0,1,31,40,17,15,103
2022-10-04,120,171,130,40,1,0,1,1,121,171,131,41,464
2022-10-05,114,128,111,40,0,1,0,0,114,129,111,40,394
2022-10-06,75,125,80,44,0,2,1,1,75,127,81,45,328
2022-10-07,107,120,87,45,0,1,3,0,107,121,90,45,363
2022-10-08,67,69,45,17,0,0,0,0,67,69,45,17,198
2022-10-09,70,75,46,19,1,0,0,0,71,75,46,19,211
2022-10-10,53,67,68,19,1,0,0,0,54,67,68,19,208
2022-10-11,136,190,137,86,1,4,1,0,137,194,138,86,555
2022-10-12,132,149,153,43,5,0,0,0,137,149,153,43,482
2022-10-13,79,108,61,39,0,0,0,0,79,108,61,39,287
2022-10-14,76,182,153,52,1,3,0,1,77,185,153,53,468
2022-10-15,56,86,62,37,0,0,0,1,56,86,62,38,242
2022-10-16,72,78,59,20,0,0,0,0,72,78,59,20,229
2022-10-17,106,181,164,56,1,0,0,0,107,181,164,56,508
2022-10-18,109,136,98,61,0,1,2,0,109,137,100,61,407
2022-10-19,101,118,111,37,1,3,1,0,102,121,112,37,372
2022-10-20,83,100,102,50,0,1,1,0,83,101,103,50,337
2022-10-21,111,135,111,45,1,3,1,0,112,138,112,45,407
2022-10-22,67,112,69,25,1,2,0,0,68,114,69,25,276
2022-10-23,67,79,57,19,1,2,1,0,68,81,58,19,226
2022-10-24,156,223,125,82,4,4,7,0,160,227,132,82,601
2022-10-25,107,156,134,47,1,0,1,0,108,156,135,47,446
2022-10-26,103,135,153,49,1,1,3,0,104,136,156,49,445
2022-10-27,86,114,84,22,0,3,2,0,86,117,86,22,311
2022-10-28,70,108,88,52,1,2,2,1,71,110,90,53,324
2022-10-29,77,98,78,28,0,0,0,0,77,98,78,28,281
2022-10-30,49,101,73,29,0,2,0,0,49,103,73,29,254
2022-10-31,135,189,141,60,0,2,5,0,135,191,146,60,532
2022-11-01,126,152,148,60,1,0,0,0,127,152,148,60,487
2022-11-02,95,142,94,45,2,0,0,0,97,142,94,45,378
2022-11-03,67,147,85,45,0,0,2,0,67,147,87,45,346
2022-11-04,88,110,82,60,0,1,0,0,88,111,82,60,341
2022-11-05,48,54,70,18,0,0,1,0,48,54,71,18,191
2022-11-06,47,74,65,34,0,0,1,0,47,74,66,34,221
2022-11-07,102,124,114,43,0,2,1,0,102,126,115,43,386
2022-11-08,85,144,98,58,0,0,1,0,85,144,99,58,386
2022-11-09,98,102,85,61,2,0,1,1,100,102,86,62,350
2022-11-10,96,128,119,43,0,0,2,1,96,128,121,44,389
2022-11-11,73,150,103,26,1,3,3,0,74,153,106,26,359
2022-11-12,61,51,65,31,0,2,0,0,61,53,65,31,210
2022-11-13,41,81,53,27,0,0,0,0,41,81,53,27,202
2022-11-14,105,145,126,40,2,3,1,0,107,148,127,40,422
2022-11-15,109,136,94,49,0,2,0,0,109,138,94,49,390
2022-11-16,93,118,98,38,0,0,0,0,93,118,98,38,347
2022-11-17,85,101,99,32,0,0,0,0,85,101,99,32,317
2022-11-18,90,77,80,21,0,1,0,0,90,78,80,21,269
2022-11-19,79,70,70,19,0,0,0,0,79,70,70,19,238
2022-11-20,68,68,63,21,1,0,0,0,69,68,63,21,221
2022-11-21,92,126,101,50,1,0,0,2,93,126,101,52,372
2022-11-22,81,143,132,41,0,0,0,0,81,143,132,41,397
2022-11-23,88,126,65,44,0,1,0,0,88,127,65,44,324
2022-11-24,112,155,126,34,0,2,1,0,112,157,127,34,430
2022-11-25,124,165,148,68,1,0,1,0,125,165,149,68,507
2022-11-26,54,73,56,37,0,0,0,0,54,73,56,37,220
2022-11-27,44,65,60,16,0,0,0,0,44,65,60,16,185
2022-11-28,133,157,118,57,3,0,0,0,136,157,118,57,468
2022-11-29,117,127,111,44,1,0,0,0,118,127,111,44,400
2022-11-30,104,124,101,37,2,1,2,0,106,125,103,37,371
2022-12-01,87,148,132,38,0,1,0,0,87,149,132,38,406
2022-12-02,145,138,115,57,0,3,0,1,145,141,115,58,459
2022-12-03,60,92,58,23,0,0,0,0,60,92,58,23,233
2022-12-04,54,63,45,35,0,0,0,0,54,63,45,35,197
2022-12-05,113,129,118,58,0,1,0,1,113,130,118,59,420
2022-12-06,93,143,88,44,1,1,1,1,94,144,89,45,372
2022-12-07,85,103,83,36,0,0,0,0,85,103,83,36,307
2022-12-08,96,124,76,33,1,3,0,2,97,127,76,35,335
2022-12-09,99,137,105,36,2,2,2,1,101,139,107,37,384
2022-12-10,61,71,57,36,0,1,1,0,61,72,58,36,227
2022-12-11,46,53,68,18,1,2,4,0,47,55,72,18,192
2022-12-12,110,126,141,55,0,1,1,1,110,127,142,56,435
2022-12-13,118,115,126,59,0,1,1,1,118,116,127,60,421
2022-12-14,82,106,90,48,4,2,0,0,86,108,90,48,332
2022-12-15,73,113,103,50,0,5,1,1,73,118,104,51,346
2022-12-16,133,143,137,54,0,0,0,0,133,143,137,54,467
2022-12-17,67,77,68,30,0,0,0,0,67,77,68,30,242
2022-12-18,64,62,72,31,1,0,0,0,65,62,72,31,230
2022-12-19,144,143,141,41,0,2,1,1,144,145,142,42,473
2022-12-20,123,155,135,64,2,0,0,0,125,155,135,64,479
2022-12-21,117,121,94,48,1,4,0,0,118,125,94,48,385
2022-12-22,100,149,102,50,1,0,1,2,101,149,103,52,405
2022-12-23,108,111,94,46,0,1,0,0,108,112,94,46,360
2022-12-24,55,92,79,31,0,0,1,0,55,92,80,31,258
2022-12-25,53,71,38,23,0,0,0,0,53,71,38,23,185
2022-12-26,113,162,131,41,0,1,1,0,113,163,132,41,449
2022-12-27,100,146,114,20,0,1,3,0,100,147,117,20,384
2022-12-28,161,172,125,54,1,0,3,1,162,172,128,55,517
2022-12-29,100,197,148,55,0,0,3,2,100,197,151,57,505
2022-12-30,128,155,104,66,1,0,0,0,129,155,104,66,454
2022-12-31,69,107,100,38,1,1,0,0,70,108,100,38,316
2023-01-01,17,31,33,8,0,0,0,0,17,31,33,8,89
2023-01-02,95,152,117,46,2,3,1,0,97,155,118,46,416
2023-01-03,102,116,93,33,2,0,0,1,104,116,93,34,347
2023-01-04,97,123,70,28,0,0,0,0,97,123,70,28,318
2023-01-05,93,168,98,30,1,1,1,0,94,169,99,30,392
2023-01-06,65,113,91,54,2,1,1,0,67,114,92,54,327
2023-01-07,31,52,32,11,0,0,0,0,31,52,32,11,126
2023-01-08,54,75,49,29,0,0,0,0,54,75,49,29,207
2023-01-09,51,97,86,54,2,1,0,0,53,98,86,54,291
2023-01-10,69,93,70,40,0,0,1,0,69,93,71,40,273
2023-01-11,61,91,103,41,0,7,0,0,61,98,103,41,303
2023-01-12,61,70,81,32,1,0,0,0,62,70,81,32,245
2023-01-13,44,85,93,37,0,1,0,1,44,86,93,38,261
2023-01-14,45,85,55,35,0,0,0,0,45,85,55,35,220
2023-01-15,63,86,60,37,0,0,0,0,63,86,60,37,246
2023-01-16,121,114,99,35,2,0,1,1,123,114,100,36,373
2023-01-17,94,116,91,35,0,0,0,0,94,116,91,35,336
2023-01-18,65,115,73,23,0,0,0,0,65,115,73,23,276
2023-01-19,69,101,72,26,1,0,2,1,70,101,74,27,272
2023-01-20,109,87,100,50,0,0,1,0,109,87,101,50,347
2023-01-21,71,83,66,21,0,0,0,1,71,83,66,22,242
2023-01-22,0,1,0,0,0,0,0,0,0,1,0,0,1
2023-01-24,35,36,30,18,1,0,0,0,36,36,30,18,120
2023-01-25,80,99,99,36,3,3,1,1,83,102,100,37,322
2023-01-26,81,106,131,54,0,0,1,1,81,106,132,55,374
2023-01-27,136,122,124,49,2,0,1,0,138,122,125,49,434
2023-01-28,74,74,94,47,0,0,0,0,74,74,94,47,289
2023-01-29,58,59,61,31,0,0,0,0,58,59,61,31,209
2023-01-30,141,122,135,49,0,0,0,0,141,122,135,49,447
2023-01-31,123,162,121,58,0,0,0,0,123,162,121,58,464
2023-02-01,94,115,92,34,0,0,1,0,94,115,93,34,336
2023-02-02,92,94,78,26,1,0,1,0,93,94,79,26,292
2023-02-03,99,122,95,42,0,0,0,1,99,122,95,43,359
2023-02-04,53,57,48,25,0,0,1,0,53,57,49,25,184
2023-02-05,41,55,43,10,0,0,0,1,41,55,43,11,150
2023-02-06,91,87,94,48,0,2,0,0,91,89,94,48,322
2023-02-07,84,118,110,37,2,1,0,0,86,119,110,37,352
2023-02-08,83,95,79,53,1,0,0,0,84,95,79,53,311
2023-02-09,70,93,69,39,0,0,0,0,70,93,69,39,271
2023-02-10,89,92,81,54,0,1,0,0,89,93,81,54,317
2023-02-11,45,81,52,25,0,1,2,1,45,82,54,26,207
2023-02-12,85,54,62,38,0,0,0,0,85,54,62,38,239
2023-02-13,97,123,141,33,1,1,0,1,98,124,141,34,397
2023-02-14,105,145,116,41,4,1,0,0,109,146,116,41,412
2023-02-15,113,101,110,40,0,1,1,0,113,102,111,40,366
2023-02-16,66,79,101,32,0,1,1,0,66,80,102,32,280
2023-02-17,78,109,83,25,2,0,1,0,80,109,84,25,298
2023-02-18,48,46,49,19,0,0,1,0,48,46,50,19,163
2023-02-19,58,52,47,27,0,0,0,0,58,52,47,27,184
2023-02-20,92,128,71,31,1,2,2,0,93,130,73,31,327
2023-02-21,94,87,81,31,2,1,1,0,96,88,82,31,297
2023-02-22,100,126,118,37,0,1,0,1,100,127,118,38,383
2023-02-23,67,90,97,25,0,1,0,0,67,91,97,25,280
2023-02-24,91,139,108,37,1,0,0,0,92,139,108,37,376
2023-02-25,47,86,40,19,0,0,0,0,47,86,40,19,192
2023-02-26,40,61,30,23,0,0,0,0,40,61,30,23,154
2023-02-27,114,133,87,31,0,0,0,2,114,133,87,33,367
2023-02-28,76,117,93,35,0,0,0,0,76,117,93,35,321
2023-03-01,50,55,31,20,0,1,0,0,50,56,31,20,157
2023-03-02,78,127,98,30,1,4,0,1,79,131,98,31,339
2023-03-03,88,114,92,43,1,1,0,0,89,115,92,43,339
2023-03-04,48,74,46,25,0,0,1,0,48,74,47,25,194
2023-03-05,43,72,32,30,0,0,0,0,43,72,32,30,177
2023-03-06,63,102,82,27,0,2,1,0,63,104,83,27,277
2023-03-07,93,97,81,27,0,1,0,0,93,98,81,27,299
2023-03-08,66,106,106,20,0,2,1,0,66,108,107,20,301
2023-03-09,75,76,89,28,1,0,0,0,76,76,89,28,269
2023-03-10,88,127,113,40,0,1,0,0,88,128,113,40,369
2023-03-11,31,42,42,21,0,0,1,0,31,42,43,21,137
2023-03-12,58,48,43,19,0,0,1,0,58,48,44,19,169
2023-03-13,86,102,67,50,2,1,1,1,88,103,68,51,310
2023-03-14,70,135,103,52,2,3,0,0,72,138,103,52,365
2023-03-15,43,81,80,37,0,0,0,0,43,81,80,37,241
2023-03-16,69,93,73,24,0,2,0,0,69,95,73,24,261
2023-03-17,81,90,74,43,2,1,0,1,83,91,74,44,292
2023-03-18,61,57,60,17,0,0,0,0,61,57,60,17,195
2023-03-19,40,50,43,21,0,0,0,0,40,50,43,21,154
2023-03-20,90,140,87,43,0,4,1,1,90,144,88,44,366
2023-03-21,75,121,94,35,0,0,1,0,75,121,95,35,326
2023-03-22,65,107,67,35,1,0,1,0,66,107,68,35,276
2023-03-23,90,105,82,20,1,0,0,0,91,105,82,20,298
2023-03-24,66,58,92,37,1,1,0,0,67,59,92,37,255
2023-03-25,55,67,59,26,0,0,0,0,55,67,59,26,207
2023-03-26,30,50,59,25,1,0,4,0,31,50,63,25,169
2023-03-27,84,135,67,39,3,0,1,0,87,135,68,39,329
2023-03-28,89,110,105,43,0,2,1,0,89,112,106,43,350
2023-03-29,73,100,96,40,1,0,0,0,74,100,96,40,310
2023-03-30,97,140,123,56,3,0,0,0,100,140,123,56,419
2023-03-31,70,99,67,28,0,3,0,0,70,102,67,28,267
2023-04-01,59,39,69,22,0,0,0,1,59,39,69,23,190
2023-04-02,25,34,24,10,0,0,0,0,25,34,24,10,93
2023-04-03,70,120,90,33,0,1,0,0,70,121,90,33,314
2023-04-04,78,107,73,54,1,1,0,0,79,108,73,54,314
2023-04-05,67,99,49,21,0,0,0,0,67,99,49,21,236
2023-04-06,78,103,75,47,0,1,0,0,78,104,75,47,304
2023-04-07,56,117,95,32,0,3,0,0,56,120,95,32,303
2023-04-08,54,80,72,33,0,1,0,0,54,81,72,33,240
2023-04-09,36,45,42,18,0,1,0,0,36,46,42,18,142
2023-04-10,105,149,104,51,2,1,1,0,107,150,105,51,413
2023-04-11,77,104,84,28,2,0,0,0,79,104,84,28,295
2023-04-12,82,93,74,39,1,4,2,0,83,97,76,39,295
2023-04-13,67,102,99,31,0,0,0,0,67,102,99,31,299
2023-04-14,84,100,91,41,2,0,0,0,86,100,91,41,318
2023-04-15,54,80,44,25,0,2,0,0,54,82,44,25,205
2023-04-16,40,40,50,18,0,0,0,0,40,40,50,18,148
2023-04-17,76,118,91,40,3,1,1,0,79,119,92,40,330
2023-04-18,96,102,66,44,1,1,0,0,97,103,66,44,310
2023-04-19,60,75,53,27,0,0,2,0,60,75,55,27,217
2023-04-20,44,91,61,42,1,0,0,0,45,91,61,42,239
2023-04-21,61,77,58,35,0,0,2,1,61,77,60,36,234
2023-04-22,62,56,51,18,1,0,0,0,63,56,51,18,188
2023-04-23,48,51,38,19,0,1,1,0,48,52,39,19,158
2023-04-24,81,83,50,41,2,0,1,0,83,83,51,41,258
2023-04-25,54,92,71,39,0,0,0,0,54,92,71,39,256
2023-04-26,70,58,70,39,0,0,2,0,70,58,72,39,239
2023-04-27,74,90,96,36,0,0,1,0,74,90,97,36,297
2023-04-28,89,106,78,44,0,0,1,1,89,106,79,45,319
2023-04-29,35,60,60,12,0,0,0,0,35,60,60,12,167
2023-04-30,39,48,32,17,0,0,0,0,39,48,32,17,136
2023-05-01,20,34,21,5,1,1,0,0,21,35,21,5,82
2023-05-02,107,112,125,35,0,3,1,1,107,115,126,36,384
2023-05-03,122,108,102,51,2,0,0,0,124,108,102,51,385
2023-05-04,84,136,84,50,0,1,0,0,84,137,84,50,355
2023-05-05,37,63,58,13,0,0,1,0,37,63,59,13,172
2023-05-06,38,41,34,18,0,0,0,0,38,41,34,18,131
2023-05-07,37,41,43,22,0,0,0,0,37,41,43,22,143
2023-05-08,59,106,72,30,0,0,1,0,59,106,73,30,268
2023-05-09,95,122,99,51,0,0,0,0,95,122,99,51,367
2023-05-10,81,128,84,40,2,0,2,0,83,128,86,40,337
2023-05-11,64,80,83,31,1,1,0,0,65,81,83,31,260
2023-05-12,71,126,109,32,0,0,1,0,71,126,110,32,339
2023-05-13,62,46,54,22,0,0,0,0,62,46,54,22,184
2023-05-14,44,30,44,11,0,0,1,0,44,30,45,11,130
2023-05-15,76,116,105,47,2,0,0,0,78,116,105,47,346
2023-05-16,105,113,99,46,0,1,0,0,105,114,99,46,364
2023-05-17,90,98,69,38,1,1,2,0,91,99,71,38,299
2023-05-18,64,97,74,29,2,0,0,1,66,97,74,30,267
2023-05-19,89,101,70,27,0,1,0,0,89,102,70,27,288
2023-05-20,55,57,34,23,0,1,1,0,55,58,35,23,171
2023-05-21,38,61,45,16,2,0,0,0,40,61,45,16,162
2023-05-22,100,116,109,46,1,1,1,0,101,117,110,46,374
2023-05-23,76,102,103,63,0,0,0,0,76,102,103,63,344
2023-05-24,82,121,104,45,0,1,0,1,82,122,104,46,354
2023-05-25,81,121,97,39,4,0,2,0,85,121,99,39,344
2023-05-26,109,97,114,41,0,1,1,0,109,98,115,41,363
2023-05-27,60,65,63,26,0,0,0,0,60,65,63,26,214
2023-05-28,31,34,33,11,0,0,0,0,31,34,33,11,109
2023-05-29,16,29,25,18,0,1,0,0,16,30,25,18,89
2023-05-30,89,122,81,32,1,4,1,0,90,126,82,32,330
2023-05-31,131,147,78,57,0,1,0,0,131,148,78,57,414
2023-06-01,81,135,124,60,0,0,1,0,81,135,125,60,401
2023-06-02,89,117,113,35,1,0,0,0,90,117,113,35,355
2023-06-03,51,60,40,23,0,0,0,0,51,60,40,23,174
2023-06-04,42,61,30,19,0,0,0,0,42,61,30,19,152
2023-06-05,76,124,100,45,2,2,0,1,78,126,100,46,350
2023-06-06,62,68,37,7,0,2,1,1,62,70,38,8,178
2023-06-07,104,102,102,56,3,3,0,0,107,105,102,56,370
2023-06-08,57,83,67,37,0,2,1,1,57,85,68,38,248
2023-06-09,73,114,69,46,0,0,2,0,73,114,71,46,304
2023-06-10,39,80,35,10,0,1,0,0,39,81,35,10,165
2023-06-11,38,42,53,11,0,1,0,0,38,43,53,11,145
2023-06-12,69,94,67,38,3,0,2,0,72,94,69,38,273
2023-06-13,80,91,68,34,2,0,2,0,82,91,70,34,277
2023-06-14,99,137,83,49,0,0,4,0,99,137,87,49,372
2023-06-15,82,109,95,38,1,0,0,2,83,109,95,40,327
2023-06-16,67,83,88,43,0,0,0,1,67,83,88,44,282
2023-06-17,63,55,54,29,1,0,0,0,64,55,54,29,202
2023-06-18,31,29,39,11,0,0,0,0,31,29,39,11,110
2023-06-19,91,118,92,37,1,3,1,1,92,121,93,38,344
2023-06-20,64,79,81,46,0,0,0,0,64,79,81,46,270
2023-06-21,71,88,96,39,1,1,1,1,72,89,97,40,298
2023-06-22,63,87,47,28,1,1,0,1,64,88,47,29,228
2023-06-23,64,88,82,35,3,1,0,1,67,89,82,36,274
2023-06-24,51,50,32,7,0,3,2,0,51,53,34,7,145
2023-06-25,46,54,47,16,0,0,0,0,46,54,47,16,163
2023-06-26,98,127,105,44,0,1,2,0,98,128,107,44,377
2023-06-27,96,101,101,40,0,0,0,4,96,101,101,44,342
2023-06-28,60,82,84,29,0,1,1,0,60,83,85,29,257
2023-06-29,84,100,78,36,0,0,1,0,84,100,79,36,299
2023-06-30,76,101,70,36,0,0,0,2,76,101,70,38,285
2023-07-01,34,61,43,27,0,0,0,0,34,61,43,27,165
2023-07-02,26,46,42,10,0,0,1,0,26,46,43,10,125
2023-07-03,71,112,81,54,1,0,0,0,72,112,81,54,319
2023-07-04,87,93,102,32,0,1,1,0,87,94,103,32,316
2023-07-05,67,131,86,36,0,2,3,2,67,133,89,38,327
2023-07-06,75,96,108,37,0,2,0,3,75,98,108,40,321
2023-07-07,106,153,102,39,1,1,1,0,107,154,103,39,403
2023-07-08,61,78,75,26,0,0,0,0,61,78,75,26,240
2023-07-09,17,39,42,10,2,1,1,0,19,40,43,10,112
2023-07-10,70,130,116,52,1,3,2,1,71,133,118,53,375
2023-07-11,79,107,96,55,0,0,0,0,79,107,96,55,337
2023-07-12,70,105,77,36,1,1,0,1,71,106,77,37,291
2023-07-13,105,100,106,48,1,4,0,1,106,104,106,49,365
2023-07-14,99,133,94,38,2,2,1,1,101,135,95,39,370
2023-07-15,43,43,39,39,0,0,0,0,43,43,39,39,164
2023-07-16,23,48,25,17,0,0,0,0,23,48,25,17,113
2023-07-17,71,84,106,49,2,0,5,1,73,84,111,50,318
2023-07-18,104,150,121,39,0,1,0,1,104,151,121,40,416
2023-07-19,84,122,71,35,1,2,1,1,85,124,72,36,317
2023-07-20,91,103,79,29,1,2,6,1,92,105,85,30,312
2023-07-21,68,124,92,29,1,0,1,0,69,124,93,29,315
2023-07-22,62,62,58,31,0,0,0,0,62,62,58,31,213
2023-07-23,32,55,43,16,0,0,0,2,32,55,43,18,148
2023-07-24,114,124,92,46,3,5,4,0,117,129,96,46,388
2023-07-25,86,140,120,52,1,0,1,0,87,140,121,52,400
2023-07-26,98,103,67,48,4,2,0,3,102,105,67,51,325
2023-07-27,138,204,135,39,2,4,4,2,140,208,139,41,528
2023-07-28,57,97,87,41,0,0,0,2,57,97,87,43,284
2023-07-29,39,52,41,15,0,0,0,1,39,52,41,16,148
2023-07-30,31,50,39,7,0,0,0,0,31,50,39,7,127
2023-07-31,68,106,117,44,0,0,1,1,68,106,118,45,337
2023-08-01,83,160,80,41,0,1,1,0,83,161,81,41,366
2023-08-02,72,103,76,27,0,0,0,0,72,103,76,27,278
2023-08-03,38,92,66,38,2,1,0,0,40,93,66,38,237
2023-08-04,102,77,86,21,0,1,0,0,102,78,86,21,287
2023-08-05,38,64,42,29,0,0,0,0,38,64,42,29,173
2023-08-06,42,46,21,8,0,1,0,0,42,47,21,8,118
2023-08-07,117,133,92,43,1,0,2,0,118,133,94,43,388
2023-08-08,77,97,71,28,0,0,3,0,77,97,74,28,276
2023-08-09,62,97,64,38,0,0,0,0,62,97,64,38,261
2023-08-10,66,79,75,27,0,0,0,0,66,79,75,27,247
2023-08-11,58,96,63,18,0,0,0,0,58,96,63,18,235
2023-08-12,41,54,44,21,0,0,0,0,41,54,44,21,160
2023-08-13,50,77,31,15,0,0,0,0,50,77,31,15,173
2023-08-14,110,140,92,54,0,3,0,3,110,143,92,57,402
2023-08-15,44,64,40,11,0,0,0,0,44,64,40,11,159
2023-08-16,105,93,68,46,2,0,1,0,107,93,69,46,315
2023-08-17,69,118,80,35,1,0,2,0,70,118,82,35,305
2023-08-18,97,99,83,41,0,2,0,3,97,101,83,44,325
2023-08-19,57,105,58,33,0,2,0,1,57,107,58,34,256
2023-08-20,59,46,36,16,0,0,0,0,59,46,36,16,157
2023-08-21,81,144,96,64,1,1,0,4,82,145,96,68,391
2023-08-22,64,105,65,41,0,1,0,0,64,106,65,41,276
2023-08-23,81,119,87,50,1,0,1,0,82,119,88,50,339
2023-08-24,90,111,78,27,0,0,1,1,90,111,79,28,308
2023-08-25,108,141,109,52,2,3,0,0,110,144,109,52,415
2023-08-26,31,52,32,22,1,0,0,0,32,52,32,22,138
2023-08-27,32,53,36,16,1,1,0,0,33,54,36,16,139
2023-08-28,106,139,109,47,0,2,2,1,106,141,111,48,406
2023-08-29,81,149,86,33,3,0,0,0,84,149,86,33,352
2023-08-30,68,76,79,26,0,0,3,2,68,76,82,28,254
2023-08-31,91,116,82,52,0,0,1,0,91,116,83,52,342
2023-09-01,110,150,124,42,0,0,0,1,110,150,124,43,427
2023-09-02,58,55,62,24,0,0,1,1,58,55,63,25,201
2023-09-03,30,53,43,28,0,0,0,0,30,53,43,28,154
2023-09-04,70,133,98,26,0,1,2,1,70,134,100,27,331
2023-09-05,58,132,83,38,2,1,0,6,60,133,83,44,320
2023-09-06,88,117,96,31,1,1,1,0,89,118,97,31,335
2023-09-07,74,120,57,61,0,1,1,0,74,121,58,61,314
2023-09-08,73,119,76,30,0,0,0,3,73,119,76,33,301
2023-09-09,48,80,30,26,0,1,0,0,48,81,30,26,185
2023-09-10,34,66,22,19,0,0,0,0,34,66,22,19,141
2023-09-11,64,102,66,53,0,2,1,3,64,104,67,56,291
2023-09-12,69,106,88,44,1,0,0,0,70,106,88,44,308
2023-09-13,71,136,74,26,0,1,1,0,71,137,75,26,309
2023-09-14,55,78,66,33,2,1,0,0,57,79,66,33,235
2023-09-15,80,93,66,25,1,1,1,1,81,94,67,26,268
2023-09-16,43,48,54,24,0,0,0,0,43,48,54,24,169
2023-09-17,45,61,53,22,1,0,1,0,46,61,54,22,183
2023-09-18,77,98,81,25,2,0,2,0,79,98,83,25,285
2023-09-19,70,129,107,36,1,0,2,0,71,129,109,36,345
2023-09-20,71,134,93,36,0,0,0,0,71,134,93,36,334
2023-09-21,69,51,51,33,0,1,2,0,69,52,53,33,207
2023-09-22,101,117,90,45,0,2,3,0,101,119,93,45,358
2023-09-23,47,62,39,15,0,0,0,0,47,62,39,15,163
2023-09-24,51,49,37,15,0,0,0,0,51,49,37,15,152
2023-09-25,68,95,107,36,1,1,0,0,69,96,107,36,308
2023-09-26,85,97,106,52,0,3,2,0,85,100,108,52,345
2023-09-27,85,111,93,62,0,2,1,0,85,113,94,62,354
2023-09-28,48,74,73,41,0,0,0,0,48,74,73,41,236
2023-09-29,1,8,6,1,0,0,0,1,1,8,6,2,17
2023-09-30,6,12,6,0,0,0,0,0,6,12,6,0,24
2023-10-01,25,26,26,4,0,0,0,0,25,26,26,4,81
2023-10-02,14,27,30,8,1,1,0,0,15,28,30,8,81
2023-10-03,42,52,29,12,2,0,0,0,44,52,29,12,137
2023-10-04,96,139,121,31,1,2,3,0,97,141,124,31,393
2023-10-05,82,86,61,23,0,1,1,0,82,87,62,23,254
2023-10-06,95,152,135,52,0,0,0,0,95,152,135,52,434
2023-10-07,58,67,56,21,0,0,0,0,58,67,56,21,202
2023-10-08,36,62,32,17,0,0,0,0,36,62,32,17,147
2023-10-09,28,36,29,14,0,0,0,0,28,36,29,14,107
2023-10-10,87,123,140,54,0,1,0,1,87,124,140,55,406
2023-10-11,72,106,80,44,1,1,1,0,73,107,81,44,305
2023-10-12,81,89,88,54,0,0,0,0,81,89,88,54,312
2023-10-13,57,85,77,32,0,0,0,0,57,85,77,32,251
2023-10-14,64,46,55,39,0,0,0,1,64,46,55,40,205
2023-10-15,49,45,43,15,0,0,0,0,49,45,43,15,152
2023-10-16,98,133,90,51,2,1,0,1,100,134,90,52,376
2023-10-17,70,113,73,34,2,0,1,1,72,113,74,35,294
2023-10-18,87,82,76,40,0,5,0,1,87,87,76,41,291
2023-10-19,66,117,94,45,0,0,0,0,66,117,94,45,322
2023-10-20,74,98,59,44,0,1,0,1,74,99,59,45,277
2023-10-21,49,78,60,27,0,0,0,0,49,78,60,27,214
2023-10-22,27,39,38,17,0,0,0,0,27,39,38,17,121
2023-10-23,107,116,87,55,3,2,0,1,110,118,87,56,371
2023-10-24,104,134,104,64,1,0,0,0,105,134,104,64,407
2023-10-25,96,108,98,39,3,3,0,1,99,111,98,40,348
2023-10-26,108,114,80,38,1,0,0,0,109,114,80,38,341
2023-10-27,47,65,46,21,0,0,0,0,47,65,46,21,179
2023-10-28,37,46,34,16,1,0,1,1,38,46,35,17,136
2023-10-29,37,43,40,11,0,0,0,0,37,43,40,11,131
2023-10-30,122,135,105,58,2,2,1,0,124,137,106,58,425
2023-10-31,112,127,88,47,3,0,1,0,115,127,89,47,378
2023-11-01,108,149,93,47,0,3,1,1,108,152,94,48,402
2023-11-02,73,91,98,38,0,0,0,2,73,91,98,40,302
2023-11-03,97,96,73,51,0,1,1,0,97,97,74,51,319
2023-11-04,54,68,33,23,0,0,0,1,54,68,33,24,179
2023-11-05,35,63,35,30,1,1,0,0,36,64,35,30,165
2023-11-06,100,118,108,30,4,1,2,0,104,119,110,30,363
2023-11-07,107,100,110,39,0,1,1,0,107,101,111,39,358
2023-11-08,92,128,83,20,1,1,0,2,93,129,83,22,327
2023-11-09,85,111,67,19,2,2,2,0,87,113,69,19,288
2023-11-10,85,126,86,41,0,0,0,0,85,126,86,41,338
2023-11-11,52,43,49,21,0,1,0,0,52,44,49,21,166
2023-11-12,44,52,46,16,0,0,0,0,44,52,46,16,158
2023-11-13,109,127,93,57,2,1,0,0,111,128,93,57,389
2023-11-14,68,105,66,28,0,1,0,0,68,106,66,28,268
2023-11-15,54,100,56,32,1,0,0,0,55,100,56,32,243
2023-11-16,86,109,72,43,2,1,0,1,88,110,72,44,314
2023-11-17,53,80,68,35,0,0,0,0,53,80,68,35,236
2023-11-18,43,52,41,16,0,0,0,0,43,52,41,16,152
2023-11-19,24,70,56,16,0,0,0,0,24,70,56,16,166
2023-11-20,81,132,132,51,0,1,1,0,81,133,133,51,398
2023-11-21,95,113,86,50,1,1,0,0,96,114,86,50,346
2023-11-22,84,100,99,60,0,0,3,0,84,100,102,60,346
2023-11-23,70,110,82,33,0,2,0,1,70,112,82,34,298
2023-11-24,83,114,81,39,1,1,0,0,84,115,81,39,319
2023-11-25,51,97,86,22,0,1,0,0,51,98,86,22,257
2023-11-26,37,55,51,27,0,0,0,0,37,55,51,27,170
2023-11-27,101,125,100,43,0,2,1,0,101,127,101,43,372
2023-11-28,139,140,98,48,0,0,0,0,139,140,98,48,425
2023-11-29,104,149,135,52,0,2,2,0,104,151,137,52,444
2023-11-30,107,124,86,40,1,1,1,0,108,125,87,40,360
2023-12-01,98,134,93,50,3,0,0,0,101,134,93,50,378
2023-12-02,38,65,57,23,0,1,0,0,38,66,57,23,184
2023-12-03,18,46,24,17,0,1,0,0,18,47,24,17,106
2023-12-04,101,151,128,57,2,1,0,2,103,152,128,59,442
2023-12-05,88,117,84,49,0,0,0,0,88,117,84,49,338
2023-12-06,85,113,102,43,0,0,0,0,85,113,102,43,343
2023-12-07,65,103,66,37,1,1,0,2,66,104,66,39,275
2023-12-08,48,92,74,34,0,0,0,0,48,92,74,34,248
2023-12-09,57,78,44,22,1,0,0,0,58,78,44,22,202
2023-12-10,45,58,32,34,0,0,0,0,45,58,32,34,169
2023-12-11,116,162,128,48,0,1,0,2,116,163,128,50,457
2023-12-12,64,95,83,51,0,2,0,0,64,97,83,51,295
2023-12-13,83,69,118,43,0,0,2,0,83,69,120,43,315
2023-12-14,80,100,79,34,0,0,1,0,80,100,80,34,294
2023-12-15,100,96,125,47,0,2,1,0,100,98,126,47,371
2023-12-16,67,106,78,22,0,0,1,0,67,106,79,22,274
2023-12-17,25,52,41,17,0,0,1,0,25,52,42,17,136
2023-12-18,79,130,114,42,0,1,0,1,79,131,114,43,367
2023-12-19,110,143,114,58,2,0,1,0,112,143,115,58,428
2023-12-20,75,127,81,28,0,0,0,2,75,127,81,30,313
2023-12-21,85,102,96,36,1,1,0,1,86,103,96,37,322
2023-12-22,124,138,111,56,0,4,0,0,124,142,111,56,433
2023-12-23,69,65,81,39,0,0,0,1,69,65,81,40,255
2023-12-24,47,54,51,33,1,1,1,0,48,55,52,33,188
2023-12-25,62,62,45,12,0,0,0,0,62,62,45,12,181
2023-12-26,79,124,80,40,0,3,3,4,79,127,83,44,333
2023-12-27,126,179,123,36,0,3,4,4,126,182,127,40,475
2023-12-28,101,117,102,45,0,2,1,1,101,119,103,46,369
2023-12-29,109,115,78,37,2,0,0,2,111,115,78,39,343
2023-12-30,73,89,71,28,0,0,1,0,73,89,72,28,262
2023-12-31,55,64,66,46,2,0,0,0,57,64,66,46,233
2024-01-01,0,0,0,0,1,0,0,0,1,0,0,0,1
2024-01-02,114,114,110,46,1,1,1,4,115,115,111,50,391
2024-01-03,93,145,104,35,0,1,3,1,93,146,107,36,382
2024-01-04,85,98,81,45,1,1,1,1,86,99,82,46,313
2024-01-05,85,118,99,47,0,0,0,3,85,118,99,50,352
2024-01-06,54,60,36,24,0,0,0,0,54,60,36,24,174
2024-01-07,49,60,41,26,0,0,0,0,49,60,41,26,176
2024-01-08,86,121,96,41,0,0,2,1,86,121,98,42,347
2024-01-09,63,94,71,26,1,0,0,2,64,94,71,28,257
2024-01-10,61,81,98,38,0,0,1,0,61,81,99,38,279
2024-01-11,47,92,61,27,0,0,0,0,47,92,61,27,227
2024-01-12,52,79,111,32,1,1,0,0,53,80,111,32,276
2024-01-13,44,52,47,22,0,0,0,0,44,52,47,22,165
2024-01-14,48,49,22,16,0,0,0,0,48,49,22,16,135
2024-01-15,92,99,65,41,0,0,1,0,92,99,66,41,298
2024-01-16,70,107,77,35,2,1,1,2,72,108,78,37,295
2024-01-17,59,101,70,32,0,0,1,0,59,101,71,32,263
2024-01-18,48,89,71,27,1,0,0,1,49,89,71,28,237
2024-01-19,84,82,79,48,0,2,0,0,84,84,79,48,295
2024-01-20,60,84,48,36,0,1,1,0,60,85,49,36,230
2024-01-21,57,73,52,25,0,1,0,0,57,74,52,25,208
2024-01-22,83,113,91,41,1,2,0,1,84,115,91,42,332
2024-01-23,96,142,91,41,1,1,0,2,97,143,91,43,374
2024-01-24,102,108,93,25,1,1,0,0,103,109,93,25,330
2024-01-25,66,106,83,51,0,0,0,0,66,106,83,51,306
2024-01-26,90,129,69,45,0,1,1,2,90,130,70,47,337
2024-01-27,26,50,33,14,0,0,0,0,26,50,33,14,123
2024-01-28,37,60,44,25,0,0,0,0,37,60,44,25,166
2024-01-29,90,141,108,35,0,1,3,3,90,142,111,38,381
2024-01-30,75,125,118,52,0,0,0,0,75,125,118,52,370
2024-01-31,74,121,90,30,1,0,0,0,75,121,90,30,316
2024-02-01,96,140,97,41,0,0,1,2,96,140,98,43,377
2024-02-02,88,98,81,38,1,1,1,2,89,99,82,40,310
2024-02-03,24,45,37,19,0,0,1,0,24,45,38,19,126
2024-02-04,62,70,51,22,0,1,1,0,62,71,52,22,207
2024-02-05,74,129,79,37,1,3,0,3,75,132,79,40,326
2024-02-06,71,112,100,28,0,0,0,0,71,112,100,28,311
2024-02-07,57,82,92,15,1,2,0,0,58,84,92,15,249
2024-02-08,67,124,66,34,0,0,0,0,67,124,66,34,291
2024-02-09,77,106,66,17,0,0,1,1,77,106,67,18,268
2024-02-10,7,19,3,4,0,0,0,0,7,19,3,4,33
2024-02-11,1,4,1,1,0,0,0,0,1,4,1,1,7
2024-02-12,24,17,21,14,0,1,1,1,24,18,22,15,79
2024-02-13,78,97,113,37,0,0,1,1,78,97,114,38,327
2024-02-14,76,127,93,44,0,0,1,0,76,127,94,44,341
2024-02-15,55,110,92,32,1,0,1,0,56,110,93,32,291
2024-02-16,65,112,77,25,0,0,0,0,65,112,77,25,279
2024-02-17,42,76,41,22,0,0,0,0,42,76,41,22,181
2024-02-18,39,45,39,16,0,0,0,0,39,45,39,16,139
2024-02-19,58,104,87,37,0,1,0,0,58,105,87,37,287
2024-02-20,84,92,58,39,2,0,1,0,86,92,59,39,276
2024-02-21,73,98,94,25,0,0,1,0,73,98,95,25,291
2024-02-22,60,89,56,31,0,0,0,0,60,89,56,31,236
2024-02-23,49,69,71,31,0,0,1,0,49,69,72,31,221
2024-02-24,33,56,38,21,0,0,0,0,33,56,38,21,148
2024-02-25,25,51,37,11,0,0,0,0,25,51,37,11,124
2024-02-26,110,157,118,50,0,2,1,0,110,159,119,50,438
2024-02-27,58,91,78,19,0,1,0,0,58,92,78,19,247
2024-02-28,70,136,105,21,2,2,0,0,72,138,105,21,336
2024-02-29,75,98,79,39,0,0,0,0,75,98,79,39,291
2024-03-01,56,59,36,25,0,0,0,1,56,59,36,26,177
2024-03-02,32,55,28,7,0,0,0,0,32,55,28,7,122
2024-03-03,34,56,32,12,0,0,0,0,34,56,32,12,134
2024-03-04,107,147,134,55,3,3,0,1,110,150,134,56,450
2024-03-05,78,115,112,53,0,2,2,1,78,117,114,54,363
2024-03-06,73,64,49,18,0,1,1,0,73,65,50,18,206
2024-03-07,67,70,78,24,0,2,0,0,67,72,78,24,241
2024-03-08,76,108,74,43,0,1,0,2,76,109,74,45,304
2024-03-09,60,56,60,17,0,1,0,0,60,57,60,17,194
2024-03-10,35,36,57,11,0,0,0,0,35,36,57,11,139
2024-03-11,71,92,91,33,0,2,0,0,71,94,91,33,289
2024-03-12,72,110,60,49,3,1,2,0,75,111,62,49,297
2024-03-13,73,93,86,30,2,1,0,3,75,94,86,33,288
2024-03-14,69,105,93,48,0,1,0,1,69,106,93,49,317
2024-03-15,48,94,89,45,0,1,0,1,48,95,89,46,278
2024-03-16,15,43,29,15,0,0,0,0,15,43,29,15,102
2024-03-17,28,40,40,18,0,0,0,0,28,40,40,18,126
2024-03-18,83,80,66,49,2,0,0,0,85,80,66,49,280
2024-03-19,66,114,73,34,0,0,0,0,66,114,73,34,287
2024-03-20,76,125,69,33,0,0,0,1,76,125,69,34,304
2024-03-21,65,90,70,27,0,3,0,0,65,93,70,27,255
2024-03-22,104,108,65,45,0,1,0,0,104,109,65,45,323
2024-03-23,39,62,59,26,0,1,0,0,39,63,59,26,187
2024-03-24,31,48,39,11,0,0,1,1,31,48,40,12,131
2024-03-25,56,92,91,37,0,0,1,0,56,92,92,37,277
2024-03-26,66,105,88,26,1,0,0,0,67,105,88,26,286
2024-03-27,65,96,73,24,1,0,1,2,66,96,74,26,262
2024-03-28,78,105,67,26,2,0,0,1,80,105,67,27,279
2024-03-29,87,145,91,38,0,1,2,0,87,146,93,38,364
2024-03-30,33,73,28,24,0,0,0,0,33,73,28,24,158
2024-03-31,56,66,49,13,0,0,0,0,56,66,49,13,184
2024-04-01,63,114,81,29,1,0,0,0,64,114,81,29,288
2024-04-02,80,110,74,41,3,2,1,0,83,112,75,41,311
2024-04-03,79,107,76,22,0,1,1,0,79,108,77,22,286
2024-04-04,54,126,72,40,0,0,0,1,54,126,72,41,293
2024-04-05,87,100,74,32,4,0,1,1,91,100,75,33,299
2024-04-06,60,63,54,22,0,0,0,0,60,63,54,22,199
2024-04-07,30,51,24,12,0,0,0,0,30,51,24,12,117
2024-04-08,67,95,98,48,1,0,0,0,68,95,98,48,309
2024-04-09,41,90,72,25,3,1,1,0,44,91,73,25,233
2024-04-10,5,11,15,5,0,0,0,0,5,11,15,5,36
2024-04-11,86,98,76,43,1,1,0,0,87,99,76,43,305
2024-04-12,84,109,93,43,1,1,0,0,85,110,93,43,331
2024-04-13,36,37,33,18,0,0,0,0,36,37,33,18,124
2024-04-14,39,49,34,19,2,0,1,0,41,49,35,19,144
2024-04-15,96,122,109,40,2,0,3,0,98,122,112,40,372
2024-04-16,60,68,76,32,0,0,0,0,60,68,76,32,236
2024-04-17,54,84,56,27,2,1,0,0,56,85,56,27,224
2024-04-18,73,80,88,14,0,1,2,0,73,81,90,14,258
2024-04-19,53,85,101,42,0,1,1,1,53,86,102,43,284
2024-04-20,40,46,42,25,0,0,0,0,40,46,42,25,153
2024-04-21,47,52,25,32,0,0,1,0,47,52,26,32,157
2024-04-22,61,105,81,43,0,0,2,0,61,105,83,43,292
2024-04-23,62,94,69,28,0,0,0,0,62,94,69,28,253
2024-04-24,42,79,65,26,2,0,0,0,44,79,65,26,214
2024-04-25,83,91,93,47,0,1,1,0,83,92,94,47,316
2024-04-26,98,83,85,27,0,0,0,0,98,83,85,27,293
2024-04-27,28,58,54,24,0,0,0,0,28,58,54,24,164
2024-04-28,41,56,34,17,1,0,0,2,42,56,34,19,151
2024-04-29,74,132,90,49,1,2,1,2,75,134,91,51,351
2024-04-30,87,136,127,55,0,2,1,0,87,138,128,55,408
2024-05-01,44,54,40,17,1,0,0,0,45,54,40,17,156
2024-05-02,44,77,70,25,1,0,0,0,45,77,70,25,217
2024-05-03,48,129,87,35,0,0,1,0,48,129,88,35,300
2024-05-04,53,61,50,25,0,0,0,0,53,61,50,25,189
2024-05-05,56,41,56,22,0,4,0,0,56,45,56,22,179
2024-05-06,20,26,14,20,0,0,0,0,20,26,14,20,80
2024-05-07,59,121,91,54,1,0,1,0,60,121,92,54,327
2024-05-08,63,120,91,46,0,0,0,0,63,120,91,46,320
2024-05-09,95,119,75,45,0,2,1,1,95,121,76,46,338
2024-05-10,86,54,90,38,1,0,1,0,87,54,91,38,270
2024-05-11,63,55,69,29,0,0,0,0,63,55,69,29,216
2024-05-12,34,35,48,8,0,1,0,0,34,36,48,8,126
2024-05-13,80,99,68,42,0,0,1,0,80,99,69,42,290
2024-05-14,74,84,78,40,3,1,0,0,77,85,78,40,280
2024-05-15,29,27,33,15,1,0,0,0,30,27,33,15,105
2024-05-16,80,112,89,51,1,5,2,0,81,117,91,51,340
2024-05-17,101,146,98,44,0,0,1,0,101,146,99,44,390
2024-05-18,28,49,56,27,0,0,0,0,28,49,56,27,160
2024-05-19,31,43,46,17,0,1,0,0,31,44,46,17,138
2024-05-20,83,67,85,29,3,3,2,3,86,70,87,32,275
2024-05-21,80,100,107,50,0,0,1,0,80,100,108,50,338
2024-05-22,72,107,49,28,2,0,0,0,74,107,49,28,258
2024-05-23,65,78,92,40,0,4,0,0,65,82,92,40,279
2024-05-24,72,82,60,46,1,3,1,0,73,85,61,46,265
2024-05-25,55,81,51,23,1,1,0,0,56,82,51,23,212
2024-05-26,30,43,34,8,0,1,0,0,30,44,34,8,116
2024-05-27,92,101,71,45,2,4,4,2,94,105,75,47,321
2024-05-28,65,128,113,45,0,1,0,3,65,129,113,48,355
2024-05-29,109,118,107,50,1,1,0,0,110,119,107,50,386
2024-05-30,93,120,78,31,0,1,0,0,93,121,78,31,323
2024-05-31,87,110,100,36,0,0,2,0,87,110,102,36,335
2024-06-01,49,71,68,26,0,0,0,0,49,71,68,26,214
2024-06-02,37,43,25,13,0,0,0,0,37,43,25,13,118
2024-06-03,79,125,94,44,1,0,3,0,80,125,97,44,346
2024-06-04,55,113,88,50,0,0,1,0,55,113,89,50,307
2024-06-05,65,90,91,41,0,1,1,0,65,91,92,41,289
2024-06-06,20,57,41,23,0,2,0,0,20,59,41,23,143
2024-06-07,72,114,92,51,0,0,2,1,72,114,94,52,332
2024-06-08,38,57,52,11,1,0,0,0,39,57,52,11,159
2024-06-09,52,44,29,12,1,1,1,1,53,45,30,13,141
2024-06-10,94,96,94,49,1,2,3,2,95,98,97,51,341
2024-06-11,66,98,70,23,1,0,3,1,67,98,73,24,262
2024-06-12,64,87,92,34,2,1,0,0,66,88,92,34,280
2024-06-13,54,77,65,38,0,0,1,1,54,77,66,39,236
2024-06-14,105,113,95,43,1,1,0,1,106,114,95,44,359
2024-06-15,41,60,53,35,0,1,0,0,41,61,53,35,190
2024-06-16,32,40,55,19,1,0,1,0,33,40,56,19,148
2024-06-17,69,98,78,31,2,1,1,1,71,99,79,32,281
2024-06-18,38,88,75,40,1,1,0,1,39,89,75,41,244
2024-06-19,79,82,69,30,1,1,1,0,80,83,70,30,263
2024-06-20,54,85,64,37,2,0,3,0,56,85,67,37,245
2024-06-21,75,101,83,33,0,0,3,0,75,101,86,33,295
2024-06-22,52,49,55,15,0,0,0,1,52,49,55,16,172
2024-06-23,36,41,39,5,0,0,2,0,36,41,41,5,123
2024-06-24,54,86,56,40,0,0,4,2,54,86,60,42,242
2024-06-25,77,75,69,35,1,0,1,0,78,75,70,35,258
2024-06-26,55,79,42,21,0,0,4,0,55,79,46,21,201
2024-06-27,83,109,88,39,1,1,1,2,84,110,89,41,324
2024-06-28,90,109,70,30,0,1,0,1,90,110,70,31,301
2024-06-29,41,43,37,26,0,0,0,0,41,43,37,26,147
2024-06-30,24,29,32,16,0,0,0,0,24,29,32,16,101
2024-07-01,56,91,93,37,0,4,1,1,56,95,94,38,283
2024-07-02,68,82,91,27,0,0,0,0,68,82,91,27,268
2024-07-03,50,98,62,41,0,1,0,1,50,99,62,42,253
2024-07-04,69,77,68,30,0,0,0,0,69,77,68,30,244
2024-07-05,85,99,80,30,0,0,0,0,85,99,80,30,294
2024-07-06,46,56,53,24,0,0,0,0,46,56,53,24,179
2024-07-07,50,45,37,17,1,0,0,1,51,45,37,18,151
2024-07-08,94,104,80,47,0,1,1,1,94,105,81,48,328
2024-07-09,103,127,90,56,1,3,1,0,104,130,91,56,381
2024-07-10,105,89,77,36,0,2,1,1,105,91,78,37,311
2024-07-11,66,87,77,34,1,1,2,0,67,88,79,34,268
2024-07-12,70,98,84,30,0,0,2,1,70,98,86,31,285
2024-07-13,34,67,63,16,0,0,0,0,34,67,63,16,180
2024-07-14,36,57,52,23,0,1,3,0,36,58,55,23,172
2024-07-15,56,98,67,44,3,2,3,0,59,100,70,44,273
2024-07-16,87,107,93,37,0,0,1,0,87,107,94,37,325
2024-07-17,91,129,114,37,2,3,0,3,93,132,114,40,379
2024-07-18,76,91,45,28,0,0,1,4,76,91,46,32,245
2024-07-19,64,91,84,28,0,1,1,2,64,92,85,30,271
2024-07-20,49,45,46,22,0,0,0,0,49,45,46,22,162
2024-07-21,40,37,30,19,0,1,0,0,40,38,30,19,127
2024-07-22,65,87,67,37,2,3,1,2,67,90,68,39,264
2024-07-23,55,79,72,45,1,1,0,0,56,80,72,45,253
2024-07-24,32,81,80,29,0,0,1,0,32,81,81,29,223
2024-07-25,49,61,62,40,0,0,0,0,49,61,62,40,212
2024-07-26,58,66,50,27,2,0,0,0,60,66,50,27,203
2024-07-27,25,40,50,13,0,0,0,0,25,40,50,13,128
2024-07-28,53,39,43,14,0,0,0,0,53,39,43,14,149
2024-07-29,54,94,69,47,0,0,1,0,54,94,70,47,265
2024-07-30,80,123,77,36,0,2,0,1,80,125,77,37,319
2024-07-31,64,82,62,27,0,0,0,0,64,82,62,27,235
2024-08-01,46,70,51,23,0,0,0,0,46,70,51,23,190
2024-08-02,41,76,86,27,1,0,0,0,42,76,86,27,231
2024-08-03,26,36,46,13,0,0,0,0,26,36,46,13,121
2024-08-04,33,45,23,8,0,0,0,0,33,45,23,8,109
2024-08-05,74,96,94,42,1,2,2,0,75,98,96,42,311
2024-08-06,55,99,73,47,0,1,0,0,55,100,73,47,275
2024-08-07,60,56,54,21,0,0,0,0,60,56,54,21,191
2024-08-08,41,80,40,22,1,1,2,0,42,81,42,22,187
2024-08-09,63,96,81,41,0,0,1,1,63,96,82,42,283
2024-08-10,25,25,46,14,0,1,0,0,25,26,46,14,111
2024-08-11,50,45,42,17,0,0,0,0,50,45,42,17,154
2024-08-12,48,96,75,25,2,1,1,2,50,97,76,27,250
2024-08-13,70,94,86,46,0,1,2,1,70,95,88,47,300
2024-08-14,54,70,63,22,0,0,1,0,54,70,64,22,210
2024-08-15,31,29,24,12,0,0,0,0,31,29,24,12,96
2024-08-16,50,74,57,24,1,0,0,0,51,74,57,24,206
2024-08-17,32,62,46,28,1,0,0,0,33,62,46,28,169
2024-08-18,37,44,40,19,0,0,0,1,37,44,40,20,141
2024-08-19,109,118,67,40,2,2,0,0,111,120,67,40,338
2024-08-20,55,106,68,43,1,1,0,0,56,107,68,43,274
2024-08-21,57,87,67,47,0,0,0,0,57,87,67,47,258
2024-08-22,62,100,66,32,2,1,0,0,64,101,66,32,263
2024-08-23,80,67,77,31,0,0,1,0,80,67,78,31,256
2024-08-24,45,61,40,32,0,1,0,0,45,62,40,32,179
2024-08-25,40,48,45,20,0,0,1,0,40,48,46,20,154
2024-08-26,88,93,78,43,1,1,1,0,89,94,79,43,305
2024-08-27,72,97,90,29,1,1,0,0,73,98,90,29,290
2024-08-28,87,130,126,39,2,2,2,1,89,132,128,40,389
2024-08-29,89,88,85,34,0,0,0,0,89,88,85,34,296
2024-08-30,68,121,73,32,0,0,0,1,68,121,73,33,295
2024-08-31,31,50,33,18,0,0,0,0,31,50,33,18,132
2024-09-01,27,48,36,15,1,0,0,0,28,48,36,15,127
2024-09-02,70,105,85,22,0,2,0,0,70,107,85,22,284
2024-09-03,103,132,95,54,1,0,1,0,104,132,96,54,386
2024-09-04,80,90,100,31,0,3,5,0,80,93,105,31,309
2024-09-05,84,121,98,27,0,2,2,0,84,123,100,27,334
2024-09-06,66,118,98,40,2,1,0,0,68,119,98,40,325
2024-09-07,48,62,33,29,0,1,0,0,48,63,33,29,173
2024-09-08,45,64,34,22,0,1,0,0,45,65,34,22,166
2024-09-09,92,101,54,49,0,4,0,0,92,105,54,49,300
2024-09-10,95,97,78,46,1,0,0,0,96,97,78,46,317
2024-09-11,79,85,74,37,1,1,1,0,80,86,75,37,278
2024-09-12,54,84,98,29,1,2,1,0,55,86,99,29,269
2024-09-13,67,110,68,44,3,1,2,0,70,111,70,44,295
2024-09-14,67,66,65,26,0,0,0,0,67,66,65,26,224
2024-09-15,41,52,42,5,0,0,0,0,41,52,42,5,140
2024-09-16,46,54,35,14,1,0,1,0,47,54,36,14,151
2024-09-17,3,6,2,5,0,1,0,0,3,7,2,5,17
2024-09-18,1,0,1,0,1,0,0,0,2,0,1,0,3
2024-09-19,47,105,97,21,1,3,0,0,48,108,97,21,274
2024-09-20,75,132,109,26,0,3,0,0,75,135,109,26,345
2024-09-21,49,55,49,21,0,0,0,0,49,55,49,21,174
2024-09-22,36,57,33,16,1,0,0,0,37,57,33,16,143
2024-09-23,108,117,86,50,3,0,0,0,111,117,86,50,364
2024-09-24,89,141,91,40,0,0,1,0,89,141,92,40,362
2024-09-25,97,97,95,41,0,1,1,0,97,98,96,41,332
2024-09-26,70,80,73,46,0,0,1,0,70,80,74,46,270
2024-09-27,81,105,106,18,0,2,0,0,81,107,106,18,312
2024-09-28,52,53,62,29,0,0,0,0,52,53,62,29,196
2024-09-29,35,47,50,20,0,0,0,0,35,47,50,20,152
2024-09-30,103,120,119,54,0,0,0,0,103,120,119,54,396
2024-10-01,37,50,40,15,0,0,0,0,37,50,40,15,142
2024-10-02,125,106,115,44,0,6,1,0,125,112,116,44,397
2024-10-03,44,39,34,21,0,0,0,0,44,39,34,21,138
2024-10-04,92,104,74,47,2,0,4,2,94,104,78,49,325
2024-10-05,63,60,52,22,0,0,0,0,63,60,52,22,197
2024-10-06,38,60,43,16,0,0,0,0,38,60,43,16,157
2024-10-07,79,116,88,28,4,2,0,0,83,118,88,28,317
2024-10-08,81,93,76,53,0,2,0,0,81,95,76,53,305
2024-10-09,15,39,15,9,0,0,0,0,15,39,15,9,78
2024-10-10,68,88,60,47,0,0,0,0,68,88,60,47,263
2024-10-11,81,103,99,29,1,1,0,1,82,104,99,30,315
2024-10-12,52,46,69,16,1,0,1,0,53,46,70,16,185
2024-10-13,36,59,47,15,0,0,0,0,36,59,47,15,157
2024-10-14,85,112,102,43,2,0,1,1,87,112,103,44,346
2024-10-15,52,86,58,28,0,1,1,1,52,87,59,29,227
2024-10-16,48,96,64,40,0,2,0,0,48,98,64,40,250
2024-10-17,82,115,84,34,0,1,2,1,82,116,86,35,319
2024-10-18,90,101,90,40,0,3,0,1,90,104,90,41,325
2024-10-19,37,56,31,26,1,0,0,0,38,56,31,26,151
2024-10-20,44,39,37,12,0,0,0,1,44,39,37,13,133
2024-10-21,79,114,108,46,1,1,2,0,80,115,110,46,351
2024-10-22,78,112,68,28,0,1,0,0,78,113,68,28,287
2024-10-23,88,85,81,39,2,0,0,1,90,85,81,40,296
2024-10-24,53,101,82,14,1,0,0,0,54,101,82,14,251
2024-10-25,75,99,80,45,1,0,0,0,76,99,80,45,300
2024-10-26,51,76,42,34,0,0,0,0,51,76,42,34,203
2024-10-27,21,49,36,21,0,0,0,0,21,49,36,21,127
2024-10-28,69,113,73,53,1,5,0,0,70,118,73,53,314
2024-10-29,51,85,56,36,2,1,0,0,53,86,56,36,231
2024-10-30,74,109,94,42,1,2,0,1,75,111,94,43,323
2024-10-31,72,80,82,49,3,0,1,1,75,80,83,50,288
2024-11-01,87,95,85,52,0,1,0,0,87,96,85,52,320
2024-11-02,35,55,54,22,0,0,1,0,35,55,55,22,167
2024-11-03,40,37,28,37,0,0,0,1,40,37,28,38,143
2024-11-04,72,96,72,30,1,0,2,0,73,96,74,30,273
2024-11-05,75,88,76,37,1,1,0,0,76,89,76,37,278
2024-11-06,57,86,99,38,0,0,1,0,57,86,100,38,281
2024-11-07,65,73,67,35,0,0,1,0,65,73,68,35,241
2024-11-08,68,99,63,29,1,0,2,0,69,99,65,29,262
2024-11-09,37,58,38,34,3,0,0,0,40,58,38,34,170
2024-11-10,38,47,43,10,0,0,1,0,38,47,44,10,139
2024-11-11,95,80,87,48,3,4,2,2,98,84,89,50,321
2024-11-12,64,85,75,27,0,0,0,0,64,85,75,27,251
2024-11-13,45,86,82,26,0,0,0,0,45,86,82,26,239
2024-11-14,70,94,59,30,0,0,0,0,70,94,59,30,253
2024-11-15,66,134,89,34,0,2,0,0,66,136,89,34,325
2024-11-16,44,70,50,34,0,1,0,0,44,71,50,34,199
2024-11-17,62,62,48,19,0,0,1,0,62,62,49,19,192
2024-11-18,87,99,81,44,3,0,1,0,90,99,82,44,315
2024-11-19,109,137,96,42,0,1,1,0,109,138,97,42,386
2024-11-20,75,122,81,50,2,1,4,1,77,123,85,51,336
2024-11-21,102,133,79,32,0,0,0,1,102,133,79,33,347
2024-11-22,95,133,76,36,0,0,1,0,95,133,77,36,341
2024-11-23,47,76,58,36,0,0,0,0,47,76,58,36,217
2024-11-24,34,60,34,17,1,0,0,0,35,60,34,17,146
2024-11-25,77,138,100,44,0,4,1,5,77,142,101,49,369
2024-11-26,95,101,87,36,2,2,1,0,97,103,88,36,324
2024-11-27,95,114,69,34,2,0,0,0,97,114,69,34,314
2024-11-28,94,82,91,36,1,3,1,0,95,85,92,36,308
2024-11-29,62,104,95,34,1,0,1,0,63,104,96,34,297
2024-11-30,46,71,72,40,3,1,0,1,49,72,72,41,234
2024-12-01,31,55,37,10,0,1,0,0,31,56,37,10,134
2024-12-02,78,81,64,33,1,2,0,1,79,83,64,34,260
2024-12-03,103,131,116,59,1,1,0,3,104,132,116,62,414
2024-12-04,94,81,65,39,1,2,1,0,95,83,66,39,283
2024-12-05,90,130,94,36,0,3,0,1,90,133,94,37,354
2024-12-06,55,104,54,37,0,1,1,0,55,105,55,37,252
2024-12-07,42,56,46,18,0,0,0,0,42,56,46,18,162
2024-12-08,38,45,43,21,0,0,0,0,38,45,43,21,147
2024-12-09,44,82,86,27,0,2,0,0,44,84,86,27,241
2024-12-10,77,144,108,51,0,1,2,0,77,145,110,51,383
2024-12-11,97,108,81,48,1,3,3,0,98,111,84,48,341
2024-12-12,67,92,98,38,0,0,2,0,67,92,100,38,297
2024-12-13,81,117,105,49,0,0,0,0,81,117,105,49,352
2024-12-14,52,45,69,33,0,1,1,0,52,46,70,33,201
2024-12-15,38,42,41,21,0,1,1,0,38,43,42,21,144
2024-12-16,96,127,106,50,0,3,1,4,96,130,107,54,387
2024-12-17,53,111,51,17,2,0,1,0,55,111,52,17,235
2024-12-18,110,132,135,57,3,1,2,2,113,133,137,59,442
2024-12-19,95,116,87,55,1,2,1,3,96,118,88,58,360
2024-12-20,97,144,80,38,1,0,1,0,98,144,81,38,361
2024-12-21,41,73,74,33,0,1,0,0,41,74,74,33,222
2024-12-22,32,63,25,24,0,0,1,1,32,63,26,25,146
2024-12-23,87,130,109,25,1,4,0,1,88,134,109,26,357
2024-12-24,121,120,106,32,3,2,0,0,124,122,106,32,384
2024-12-25,66,58,36,23,2,0,0,0,68,58,36,23,185
2024-12-26,112,116,69,48,3,2,3,1,115,118,72,49,354
2024-12-27,109,147,133,64,0,2,2,0,109,149,135,64,457
2024-12-28,62,88,71,37,0,0,0,0,62,88,71,37,258
2024-12-29,34,43,41,14,0,0,0,0,34,43,41,14,132
2024-12-30,100,119,87,44,3,1,1,2,103,120,88,46,357
2024-12-31,88,135,115,51,0,2,0,1,88,137,115,52,392
2025-01-01,18,17,12,4,0,0,0,0,18,17,12,4,51
2025-01-02,60,83,93,52,5,7,3,1,65,90,96,53,304
2025-01-03,86,122,106,51,1,0,1,0,87,122,107,51,367
2025-01-04,49,71,36,18,0,0,0,0,49,71,36,18,174
2025-01-05,35,67,47,25,0,0,0,0,35,67,47,25,174
2025-01-06,64,100,71,51,3,1,0,0,67,101,71,51,290
2025-01-07,77,107,93,36,0,0,1,1,77,107,94,37,315
2025-01-08,48,81,63,18,1,0,0,0,49,81,63,18,211
2025-01-09,41,64,55,17,0,0,0,0,41,64,55,17,177
2025-01-10,47,71,66,22,0,1,0,0,47,72,66,22,207
2025-01-11,33,50,50,6,0,0,0,0,33,50,50,6,139
2025-01-12,42,44,56,39,0,0,0,0,42,44,56,39,181
2025-01-13,76,107,78,53,0,7,0,3,76,114,78,56,324
2025-01-14,62,107,74,33,0,0,0,1,62,107,74,34,277
2025-01-15,74,73,90,33,0,0,0,0,74,73,90,33,270
2025-01-16,50,89,54,23,0,0,0,0,50,89,54,23,216
2025-01-17,76,81,60,30,0,0,0,1,76,81,60,31,248
2025-01-18,33,63,33,25,0,1,2,0,33,64,35,25,157
2025-01-19,27,51,42,16,0,0,0,1,27,51,42,17,137
2025-01-20,62,106,86,29,2,1,0,3,64,107,86,32,289
2025-01-21,86,96,117,27,0,0,0,0,86,96,117,27,326
2025-01-22,74,109,70,44,0,1,2,1,74,110,72,45,301
2025-01-23,62,110,76,28,0,0,2,3,62,110,78,31,281
2025-01-24,83,137,108,39,1,0,0,1,84,137,108,40,369
2025-01-25,58,52,46,29,2,1,0,0,60,53,46,29,188
2025-01-26,41,52,30,29,1,0,0,0,42,52,30,29,153
2025-01-27,37,54,45,27,1,2,2,1,38,56,47,28,169
2025-01-28,63,52,33,27,1,0,1,1,64,52,34,28,178
2025-01-29,0,2,0,1,0,0,0,0,0,2,0,1,3
2025-01-30,4,6,4,1,0,0,0,0,4,6,4,1,15
2025-01-31,60,105,85,45,3,1,3,2,63,106,88,47,304
2025-02-01,81,58,85,38,0,0,0,1,81,58,85,39,263
2025-02-02,57,57,48,12,0,2,0,0,57,59,48,12,176
2025-02-03,103,136,119,46,2,0,0,4,105,136,119,50,410
2025-02-04,91,114,105,33,0,3,0,0,91,117,105,33,346
2025-02-05,52,108,84,35,0,0,0,0,52,108,84,35,279
2025-02-06,80,109,90,48,0,3,0,0,80,112,90,48,330
2025-02-07,58,85,62,30,0,1,0,0,58,86,62,30,236
2025-02-08,71,47,52,34,1,0,0,0,72,47,52,34,205
2025-02-09,35,20,29,16,0,0,0,0,35,20,29,16,100
2025-02-10,80,91,98,46,0,0,0,0,80,91,98,46,315
2025-02-11,61,91,74,39,0,1,1,1,61,92,75,40,268
2025-02-12,68,83,73,29,0,0,0,0,68,83,73,29,253
2025-02-13,58,66,65,9,0,0,1,0,58,66,66,9,199
2025-02-14,82,86,79,39,0,1,0,0,82,87,79,39,287
2025-02-15,43,51,35,19,0,0,0,0,43,51,35,19,148
2025-02-16,62,55,55,17,0,0,0,0,62,55,55,17,189
2025-02-17,82,96,104,40,1,1,1,0,83,97,105,40,325
2025-02-18,84,77,69,30,0,0,0,0,84,77,69,30,260
2025-02-19,56,98,99,25,0,0,1,0,56,98,100,25,279
2025-02-20,47,97,70,46,1,0,1,0,48,97,71,46,262
2025-02-21,68,83,64,38,0,0,0,1,68,83,64,39,254
2025-02-22,33,47,53,35,0,0,1,0,33,47,54,35,169
2025-02-23,25,60,51,8,1,0,0,0,26,60,51,8,145
2025-02-24,92,107,94,33,2,1,0,0,94,108,94,33,329
2025-02-25,100,97,88,49,1,0,3,0,101,97,91,49,338
2025-02-26,87,106,71,39,2,1,1,0,89,107,72,39,307
2025-02-27,93,99,74,29,0,0,0,0,93,99,74,29,295
2025-02-28,92,127,117,49,0,0,0,2,92,127,117,51,387
2025-03-01,42,57,37,24,0,0,0,0,42,57,37,24,160
2025-03-02,28,41,35,11,0,0,0,0,28,41,35,11,115
2025-03-03,37,35,16,11,0,0,1,0,37,35,17,11,100
2025-03-04,80,94,65,28,0,0,0,0,80,94,65,28,267
2025-03-05,71,117,88,23,3,2,2,0,74,119,90,23,306
2025-03-06,87,89,66,30,0,0,0,0,87,89,66,30,272
2025-03-07,90,120,105,61,0,1,0,0,90,121,105,61,377
2025-03-08,34,44,51,12,0,0,0,0,34,44,51,12,141
2025-03-09,28,45,18,23,1,0,0,0,29,45,18,23,115
2025-03-10,91,104,94,26,0,1,1,0,91,105,95,26,317
2025-03-11,71,84,95,33,1,0,0,0,72,84,95,33,284
2025-03-12,86,115,70,41,0,1,2,0,86,116,72,41,315
2025-03-13,63,80,82,30,1,0,1,0,64,80,83,30,257
2025-03-14,67,98,75,38,0,0,0,0,67,98,75,38,278
2025-03-15,39,60,57,36,0,0,0,0,39,60,57,36,192
2025-03-16,45,49,44,14,0,0,0,0,45,49,44,14,152
2025-03-17,87,111,87,49,1,1,1,2,88,112,88,51,339
2025-03-18,69,92,59,40,1,0,2,0,70,92,61,40,263
2025-03-19,66,93,70,33,1,0,0,0,67,93,70,33,263
2025-03-20,63,101,87,31,0,0,3,0,63,101,90,31,285
2025-03-21,62,101,73,48,1,0,0,0,63,101,73,48,285
2025-03-22,35,56,39,31,0,0,0,0,35,56,39,31,161
2025-03-23,27,56,45,26,0,0,0,0,27,56,45,26,154
2025-03-24,61,87,62,26,1,2,1,0,62,89,63,26,240
2025-03-25,86,109,85,36,0,2,0,1,86,111,85,37,319
2025-03-26,51,88,54,23,0,1,0,0,51,89,54,23,217
2025-03-27,95,123,76,43,1,0,1,1,96,123,77,44,340
2025-03-28,77,114,80,36,0,1,0,0,77,115,80,36,308
2025-03-29,48,75,50,10,0,0,0,0,48,75,50,10,183
2025-03-30,49,54,39,14,1,0,0,0,50,54,39,14,157
2025-03-31,78,138,103,45,1,1,3,1,79,139,106,46,370
2025-04-01,59,96,69,39,1,2,0,0,60,98,69,39,266
2025-04-02,47,113,83,26,1,3,0,0,48,116,83,26,273
2025-04-03,68,67,72,36,1,0,2,1,69,67,74,37,247
2025-04-04,94,126,67,58,0,0,0,0,94,126,67,58,345
2025-04-05,20,51,46,25,0,0,0,0,20,51,46,25,142
2025-04-06,26,54,19,10,1,0,0,0,27,54,19,10,110
2025-04-07,85,81,96,36,0,2,0,0,85,83,96,36,300
2025-04-08,72,123,86,48,0,0,0,0,72,123,86,48,329
2025-04-09,79,93,96,31,3,1,3,0,82,94,99,31,306
2025-04-10,44,104,80,25,0,0,0,0,44,104,80,25,253
2025-04-11,76,127,93,36,0,0,0,0,76,127,93,36,332
2025-04-12,22,60,49,18,0,0,0,0,22,60,49,18,149
2025-04-13,42,37,30,17,0,0,1,1,42,37,31,18,128
2025-04-14,91,139,100,45,0,0,2,1,91,139,102,46,378
2025-04-15,49,81,59,41,1,1,1,0,50,82,60,41,233
2025-04-16,62,81,64,38,0,1,2,0,62,82,66,38,248
2025-04-17,59,96,54,32,1,0,1,0,60,96,55,32,243
2025-04-18,63,85,80,40,1,3,1,1,64,88,81,41,274
2025-04-19,34,41,34,20,0,0,0,0,34,41,34,20,129
2025-04-20,58,46,22,15,0,1,0,0,58,47,22,15,142
2025-04-21,102,106,83,39,1,0,1,3,103,106,84,42,335
2025-04-22,104,141,130,47,2,2,2,0,106,143,132,47,428
2025-04-23,68,82,78,36,0,1,1,0,68,83,79,36,266
2025-04-24,86,92,92,33,0,1,0,4,86,93,92,37,308
2025-04-25,93,112,88,35,1,1,1,1,94,113,89,36,332
2025-04-26,24,58,36,21,0,0,0,0,24,58,36,21,139
2025-04-27,32,23,37,12,0,1,1,1,32,24,38,13,107
2025-04-28,84,109,80,39,0,2,1,2,84,111,81,41,317
2025-04-29,110,129,108,42,7,0,1,0,117,129,109,42,397
2025-04-30,88,117,72,41,0,0,2,0,88,117,74,41,320
2025-05-01,28,24,37,9,0,0,0,0,28,24,37,9,98
2025-05-02,92,124,116,56,0,1,2,1,92,125,118,57,392
2025-05-03,46,81,60,17,0,0,0,0,46,81,60,17,204
2025-05-04,31,56,27,30,1,0,0,0,32,56,27,30,145
2025-05-05,9,31,30,11,0,0,0,0,9,31,30,11,81
2025-05-06,18,29,16,14,2,0,0,0,20,29,16,14,79
2025-05-07,99,136,99,64,2,4,2,1,101,140,101,65,407
2025-05-08,108,130,96,49,1,0,3,0,109,130,99,49,387
2025-05-09,88,123,105,44,0,0,0,0,88,123,105,44,360
2025-05-10,53,76,62,19,0,0,0,0,53,76,62,19,210
2025-05-11,33,56,28,27,0,0,0,0,33,56,28,27,144
2025-05-12,82,128,111,49,1,3,2,2,83,131,113,51,378
2025-05-13,82,105,75,45,1,1,2,0,83,106,77,45,311
2025-05-14,86,110,108,39,0,3,1,0,86,113,109,39,347
2025-05-15,66,82,66,47,2,1,0,0,68,83,66,47,264
2025-05-16,69,108,125,28,0,0,1,0,69,108,126,28,331
2025-05-17,32,52,55,29,0,1,0,0,32,53,55,29,169
2025-05-18,36,49,43,4,0,0,0,0,36,49,43,4,132
2025-05-19,80,126,84,47,1,1,2,0,81,127,86,47,341
2025-05-20,89,152,97,41,0,2,2,0,89,154,99,41,383
2025-05-21,95,99,66,20,1,1,2,1,96,100,68,21,285
2025-05-22,54,82,90,50,0,1,0,0,54,83,90,50,277
2025-05-23,80,107,95,43,1,0,1,0,81,107,96,43,327
2025-05-24,64,54,76,39,0,0,0,1,64,54,76,40,234
2025-05-25,44,39,45,26,0,1,1,0,44,40,46,26,156
2025-05-26,101,105,91,39,3,3,1,0,104,108,92,39,343
2025-05-27,50,120,101,52,1,1,1,1,51,121,102,53,327
2025-05-28,100,133,129,44,2,3,2,1,102,136,131,45,414
2025-05-29,111,160,101,41,1,1,2,0,112,161,103,41,417
2025-05-30,99,134,113,78,1,1,2,0,100,135,115,78,428
2025-05-31,39,57,42,27,0,0,0,0,39,57,42,27,165
2025-06-01,44,55,46,27,0,0,1,0,44,55,47,27,173
2025-06-02,113,144,148,46,1,4,0,1,114,148,148,47,457
2025-06-03,33,25,50,11,0,0,0,0,33,25,50,11,119
2025-06-04,117,148,114,68,3,0,1,1,120,148,115,69,452
2025-06-05,87,86,89,40,1,1,0,0,88,87,89,40,304
2025-06-06,34,56,31,19,0,0,0,0,34,56,31,19,140
2025-06-07,62,85,73,22,1,1,0,0,63,86,73,22,244
2025-06-08,37,44,34,17,1,1,0,1,38,45,34,18,135
2025-06-09,80,120,84,32,0,0,2,1,80,120,86,33,319
2025-06-10,94,118,107,46,0,0,4,0,94,118,111,46,369
2025-06-11,104,99,78,36,2,1,1,2,106,100,79,38,323
2025-06-12,102,131,103,46,2,0,1,0,104,131,104,46,385
2025-06-13,74,107,82,48,1,0,0,0,75,107,82,48,312
2025-06-14,45,84,62,24,0,1,0,0,45,85,62,24,216
2025-06-15,30,61,56,11,0,0,0,2,30,61,56,13,160
2025-06-16,102,143,85,31,1,1,1,2,103,144,86,33,366
2025-06-17,84,150,89,30,1,0,1,0,85,150,90,30,355
2025-06-18,68,109,82,27,2,0,0,1,70,109,82,28,289
2025-06-19,71,64,62,30,0,2,1,0,71,66,63,30,230
2025-06-20,74,134,98,50,0,0,0,0,74,134,98,50,356
2025-06-21,38,67,60,13,0,0,0,0,38,67,60,13,178
2025-06-22,42,59,47,15,0,1,0,0,42,60,47,15,164
2025-06-23,83,102,97,61,3,2,0,1,86,104,97,62,349
2025-06-24,75,108,86,39,2,0,0,0,77,108,86,39,310
2025-06-25,72,72,72,33,0,1,1,2,72,73,73,35,253
2025-06-26,80,106,92,30,0,2,0,0,80,108,92,30,310
2025-06-27,96,123,111,45,0,2,0,0,96,125,111,45,377
2025-06-28,27,54,54,22,0,1,0,0,27,55,54,22,158
2025-06-29,36,64,54,27,1,0,1,0,37,64,55,27,183
2025-06-30,68,71,74,26,0,0,1,0,68,71,75,26,240
2025-07-01,81,118,96,54,3,2,3,0,84,120,99,54,357
2025-07-02,75,104,87,38,0,0,2,0,75,104,89,38,306
2025-07-03,66,102,85,38,0,2,3,0,66,104,88,38,296
2025-07-04,51,102,89,42,3,1,0,0,54,103,89,42,288
2025-07-05,44,72,51,25,0,0,2,0,44,72,53,25,194
2025-07-06,61,52,47,16,0,0,0,0,61,52,47,16,176
2025-07-07,82,102,87,51,4,3,0,0,86,105,87,51,329
2025-07-08,100,133,101,43,0,0,0,0,100,133,101,43,377
2025-07-09,70,122,92,25,1,5,2,2,71,127,94,27,319
2025-07-10,110,114,81,37,1,0,0,1,111,114,81,38,344
2025-07-11,64,95,80,30,0,1,0,0,64,96,80,30,270
2025-07-12,48,81,83,21,0,0,0,0,48,81,83,21,233
2025-07-13,24,39,36,10,0,0,0,0,24,39,36,10,109
2025-07-14,71,111,78,46,6,4,2,1,77,115,80,47,319
2025-07-15,94,143,101,49,1,4,1,0,95,147,102,49,393
2025-07-16,76,140,62,48,4,0,0,0,80,140,62,48,330
2025-07-17,63,139,107,53,0,2,0,1,63,141,107,54,365
2025-07-18,66,97,86,42,0,0,1,0,66,97,87,42,292
2025-07-19,54,52,55,19,0,1,1,0,54,53,56,19,182
2025-07-20,31,40,34,15,0,0,0,0,31,40,34,15,120
2025-07-21,95,123,86,34,5,5,1,1,100,128,87,35,350
2025-07-22,84,86,82,34,0,1,2,0,84,87,84,34,289
2025-07-23,68,94,66,41,0,2,2,1,68,96,68,42,274
2025-07-24,63,94,83,30,1,1,1,0,64,95,84,30,273
2025-07-25,54,79,83,35,3,4,0,0,57,83,83,35,258
2025-07-26,49,66,42,12,0,0,0,0,49,66,42,12,169
2025-07-27,23,49,33,20,0,0,1,0,23,49,34,20,126
2025-07-28,80,109,119,48,4,4,2,3,84,113,121,51,369
2025-07-29,66,112,73,39,1,0,0,0,67,112,73,39,291
2025-07-30,74,113,88,42,0,1,3,0,74,114,91,42,321
2025-07-31,64,101,73,23,0,1,0,1,64,102,73,24,263
2025-08-01,84,96,101,17,0,0,1,0,84,96,102,17,299
2025-08-02,25,41,35,13,0,0,0,0,25,41,35,13,114
2025-08-03,44,53,24,18,0,0,0,0,44,53,24,18,139
2025-08-04,70,97,81,40,3,0,1,0,73,97,82,40,292
2025-08-05,61,108,96,27,1,2,2,0,62,110,98,27,297
2025-08-06,45,87,73,28,1,0,1,0,46,87,74,28,235
2025-08-07,52,74,63,35,0,1,2,0,52,75,65,35,227
2025-08-08,90,103,113,28,0,2,0,2,90,105,113,30,338
2025-08-09,33,56,21,20,0,0,0,0,33,56,21,20,130
2025-08-10,49,66,37,16,0,0,0,0,49,66,37,16,168
2025-08-11,90,97,85,27,1,3,4,0,91,100,89,27,307
2025-08-12,73,105,94,34,0,0,0,0,73,105,94,34,306
2025-08-13,72,100,91,37,1,0,0,0,73,100,91,37,301
2025-08-14,61,66,91,27,1,1,2,2,62,67,93,29,251
2025-08-15,42,36,33,17,0,0,0,0,42,36,33,17,128
2025-08-16,35,39,42,14,0,0,0,1,35,39,42,15,131
2025-08-17,43,54,36,16,1,2,0,0,44,56,36,16,152
2025-08-18,74,123,103,46,0,1,0,3,74,124,103,49,350
2025-08-19,97,103,112,24,6,3,1,0,103,106,113,24,346
2025-08-20,85,103,73,37,0,2,1,0,85,105,74,37,301
2025-08-21,62,97,58,43,0,0,1,0,62,97,59,43,261
2025-08-22,55,109,72,36,0,0,0,0,55,109,72,36,272
2025-08-23,45,59,33,22,0,0,1,0,45,59,34,22,160
2025-08-24,29,58,49,14,0,3,0,0,29,61,49,14,153
2025-08-25,99,118,90,72,1,0,4,0,100,118,94,72,384
2025-08-26,75,109,73,22,0,1,0,0,75,110,73,22,280
2025-08-27,93,99,71,42,0,0,1,0,93,99,72,42,306
2025-08-28,86,98,82,35,0,0,0,0,86,98,82,35,301
2025-08-29,76,84,82,47,0,0,0,0,76,84,82,47,289
2025-08-30,53,44,43,23,0,0,0,0,53,44,43,23,163
2025-08-31,30,35,57,19,0,0,0,0,30,35,57,19,141
2025-09-01,108,130,117,53,1,3,2,1,109,133,119,54,415
2025-09-02,73,144,97,58,0,0,0,1,73,144,97,59,373
2025-09-03,74,119,68,25,1,0,0,0,75,119,68,25,287
2025-09-04,47,88,69,48,0,1,1,0,47,89,70,48,254
2025-09-05,92,108,79,47,0,1,1,1,92,109,80,48,329
2025-09-06,39,65,44,24,1,0,1,0,40,65,45,24,174
2025-09-07,41,59,46,31,0,0,1,2,41,59,47,33,180
2025-09-08,92,99,79,54,1,1,1,0,93,100,80,54,327
2025-09-09,79,79,77,34,0,1,0,1,79,80,77,35,271
2025-09-10,97,108,82,41,2,1,2,0,99,109,84,41,333
2025-09-11,65,105,84,33,1,0,0,0,66,105,84,33,288
2025-09-12,72,113,72,34,0,0,2,0,72,113,74,34,293
2025-09-13,63,57,57,32,0,0,0,0,63,57,57,32,209
2025-09-14,45,52,54,20,0,0,0,0,45,52,54,20,171
2025-09-15,72,103,95,38,3,1,2,1,75,104,97,39,315
2025-09-16,58,86,66,39,0,0,3,0,58,86,69,39,252
2025-09-17,104,110,68,34,1,2,4,0,105,112,72,34,323
2025-09-18,62,104,93,30,1,2,0,0,63,106,93,30,292
2025-09-19,50,101,81,34,1,1,2,0,51,102,83,34,270
2025-09-20,37,45,37,21,0,0,0,0,37,45,37,21,140
2025-09-21,29,52,35,13,1,0,0,0,30,52,35,13,130
2025-09-22,82,104,66,34,2,0,1,1,84,104,67,35,290
2025-09-23,56,90,63,42,3,1,3,0,59,91,66,42,258
2025-09-24,66,118,69,31,2,1,4,1,68,119,73,32,292
2025-09-25,51,88,54,42,1,0,0,1,52,88,54,43,237
2025-09-26,84,120,79,37,2,0,0,1,86,120,79,38,323
2025-09-27,78,49,30,10,0,0,1,1,78,49,31,11,169
2025-09-28,44,36,49,13,0,0,1,0,44,36,50,13,143
2025-09-29,84,109,83,44,1,1,3,2,85,110,86,46,327
2025-09-30,97,131,77,39,0,0,0,3,97,131,77,42,347
2025-10-01,84,127,86,60,2,5,0,1,86,132,86,61,365
2025-10-02,85,119,107,45,0,1,2,5,85,120,109,50,364
2025-10-03,60,49,35,20,0,1,0,0,60,50,35,20,165
2025-10-04,64,59,41,22,0,1,0,0,64,60,41,22,187
2025-10-05,46,45,39,23,0,0,0,0,46,45,39,23,153
2025-10-06,1,2,2,0,0,0,0,0,1,2,2,0,5
2025-10-07,4,6,3,1,0,1,0,1,4,7,3,2,16
2025-10-08,6,23,19,1,0,0,1,2,6,23,20,3,52
2025-10-09,17,30,19,7,0,0,0,0,17,30,19,7,73
2025-10-10,110,123,123,40,1,3,1,0,111,126,124,40,401
2025-10-11,50,64,39,20,0,0,0,0,50,64,39,20,173
2025-10-12,31,56,35,10,0,0,0,0,31,56,35,10,132
2025-10-13,92,94,89,62,1,0,0,0,93,94,89,62,338
2025-10-14,102,106,85,44,0,0,1,1,102,106,86,45,339
2025-10-15,86,87,86,54,0,0,1,0,86,87,87,54,314
2025-10-16,85,104,102,34,0,2,1,0,85,106,103,34,328
2025-10-17,53,122,63,25,2,1,0,0,55,123,63,25,266
2025-10-18,59,60,50,11,0,0,0,1,59,60,50,12,181
2025-10-19,56,51,38,19,0,0,0,0,56,51,38,19,164
2025-10-20,72,87,61,30,0,0,1,0,72,87,62,30,251
2025-10-21,79,120,112,36,1,0,1,2,80,120,113,38,351
2025-10-22,86,94,87,28,1,2,0,0,87,96,87,28,298
2025-10-23,69,95,93,49,1,1,0,2,70,96,93,51,310
2025-10-24,94,102,82,38,1,2,1,0,95,104,83,38,320
2025-10-25,45,70,61,34,0,0,0,0,45,70,61,34,210
2025-10-26,57,51,65,21,0,0,1,0,57,51,66,21,195
2025-10-27,86,116,79,43,0,1,1,1,86,117,80,44,327
2025-10-28,101,152,88,47,3,2,3,0,104,154,91,47,396
2025-10-29,57,113,93,24,1,0,2,0,58,113,95,24,290
2025-10-30,95,133,95,62,2,0,1,1,97,133,96,63,389
2025-10-31,67,126,101,30,0,0,1,0,67,126,102,30,325
2025-11-01,56,84,52,29,1,1,0,0,57,85,52,29,223
2025-11-02,32,49,42,27,0,0,2,0,32,49,44,27,152
2025-11-03,114,124,109,49,1,3,2,0,115,127,111,49,402
2025-11-04,72,102,78,35,0,1,0,0,72,103,78,35,288
2025-11-05,76,83,72,36,2,0,2,0,78,83,74,36,271
2025-11-06,76,97,71,27,1,0,0,0,77,97,71,27,272
2025-11-07,83,89,69,36,1,0,1,1,84,89,70,37,280
2025-11-08,42,64,53,13,0,0,2,0,42,64,55,13,174
2025-11-09,36,49,33,11,0,0,0,0,36,49,33,11,129
2025-11-10,102,103,69,34,2,1,1,0,104,104,70,34,312
2025-11-11,60,127,89,32,0,2,0,1,60,129,89,33,311
2025-11-12,58,76,68,29,0,2,2,0,58,78,70,29,235
2025-11-13,78,92,74,32,0,2,1,0,78,94,75,32,279
2025-11-14,95,130,96,40,2,1,1,0,97,131,97,40,365
2025-11-15,32,77,47,10,0,0,2,0,32,77,49,10,168
2025-11-16,28,46,41,14,0,0,0,1,28,46,41,15,130
2025-11-17,84,123,98,44,1,1,1,0,85,124,99,44,352
2025-11-18,84,119,87,54,2,2,0,0,86,121,87,54,348
2025-11-19,89,120,89,27,2,0,3,0,91,120,92,27,330
2025-11-20,73,101,87,35,0,2,2,0,73,103,89,35,300
2025-11-21,82,155,89,58,4,0,0,0,86,155,89,58,388
2025-11-22,73,89,90,24,0,0,0,0,73,89,90,24,276
2025-11-23,53,44,48,16,1,1,2,0,54,45,50,16,165
2025-11-24,114,122,85,28,3,0,0,4,117,122,85,32,356
2025-11-25,90,77,82,50,1,3,1,0,91,80,83,50,304
2025-11-26,78,173,93,49,0,0,0,3,78,173,93,52,396
2025-11-27,62,118,92,48,0,1,0,2,62,119,92,50,323
2025-11-28,103,114,65,29,0,0,0,0,103,114,65,29,311
2025-11-29,39,52,54,47,0,0,0,0,39,52,54,47,192
2025-11-30,53,73,32,12,1,0,0,0,54,73,32,12,171
2025-12-01,108,140,116,50,2,3,1,1,110,143,117,51,421
2025-12-02,84,128,96,28,0,1,1,0,84,129,97,28,338
2025-12-03,91,157,104,39,0,0,0,1,91,157,104,40,392
2025-12-04,69,66,50,33,1,1,2,0,70,67,52,33,222
2025-12-05,79,100,87,43,2,3,0,1,81,103,87,44,315
2025-12-06,47,70,43,18,1,0,0,0,48,70,43,18,179
2025-12-07,43,50,43,18,0,0,0,0,43,50,43,18,154
2025-12-08,95,120,98,37,3,5,1,0,98,125,99,37,359
2025-12-09,91,117,92,52,0,1,2,1,91,118,94,53,356
2025-12-10,63,89,63,29,0,2,2,1,63,91,65,30,249
2025-12-11,73,80,78,31,1,0,0,2,74,80,78,33,265
2025-12-12,83,79,91,38,0,1,3,1,83,80,94,39,296
2025-12-13,59,70,46,16,0,1,0,0,59,71,46,16,192
2025-12-14,31,33,21,15,2,0,1,0,33,33,22,15,103
2025-12-15,79,113,94,60,1,2,1,0,80,115,95,60,350
2025-12-16,100,127,96,34,0,1,0,0,100,128,96,34,358
2025-12-17,89,121,80,47,0,0,0,2,89,121,80,49,339
2025-12-18,89,90,83,34,1,0,0,0,90,90,83,34,297
2025-12-19,95,155,106,43,1,3,1,0,96,158,107,43,404
2025-12-20,56,84,53,17,0,0,0,0,56,84,53,17,210
2025-12-21,35,64,36,13,0,1,0,0,35,65,36,13,149
2025-12-22,103,148,66,39,2,3,5,4,105,151,71,43,370
2025-12-23,75,113,124,45,1,2,1,0,76,115,125,45,361
2025-12-24,108,104,91,31,1,0,3,1,109,104,94,32,339
2025-12-25,36,51,36,7,2,1,0,1,38,52,36,8,134
2025-12-26,90,117,60,34,0,0,0,2,90,117,60,36,303
2025-12-27,53,78,59,24,0,0,2,0,53,78,61,24,216
2025-12-28,41,54,62,24,1,1,0,0,42,55,62,24,183
2025-12-29,110,157,103,39,1,1,3,1,111,158,106,40,415
2025-12-30,74,144,117,34,3,3,2,1,77,147,119,35,378
2025-12-31,118,126,120,46,1,0,0,0,119,126,120,46,411
